ISO-10303-21;
HEADER;
/* Generated by software containing ST-Developer
 * from STEP Tools, Inc. (www.steptools.com) 
 */
/* OPTION: using custom renumber hook */

FILE_DESCRIPTION(
/* description */ ('STEP AP242 Edition 2',
'CAx-IF Rec.Pracs.---Representation and Presentation of Product Manufa
cturing Information (PMI)---4.0---2014-10-13',
'CAx-IF Rec.Pracs.---3D Tessellated Geometry---0.4---2014-09-14','2;1',
'CAx-IF Rec.Pracs.---User Defined Attributes---1.5---2016-08-15'),
/* implementation_level */ '2;1');

FILE_NAME(
/* name */ 'Part Studio 3',
/* time_stamp */ '2026-07-31T06:44:17Z',
/* author */ (''),
/* organization */ (''),
/* preprocessor_version */ 'ST-DEVELOPER v20',
/* originating_system */ 'ONSHAPE BY PTC INC, 1.218',
/* authorisation */ '  ');

FILE_SCHEMA (('AP242_MANAGED_MODEL_BASED_3D_ENGINEERING_MIM_LF { 1 0 10303 442 3 1 4 }'));
ENDSEC;

DATA;
#10=ADVANCED_BREP_SHAPE_REPRESENTATION('',(#1127),#6665);
#11=ADVANCED_BREP_SHAPE_REPRESENTATION('',(#1128),#6666);
#12=B_SPLINE_CURVE_WITH_KNOTS('',3,(#6196,#6197,#6198,#6199,#6200),
 .UNSPECIFIED.,.F.,.F.,(4,1,4),(0.,0.000783873238768493,0.00156774647753699),
 .UNSPECIFIED.);
#13=B_SPLINE_CURVE_WITH_KNOTS('',3,(#6202,#6203,#6204,#6205,#6206),
 .UNSPECIFIED.,.F.,.F.,(4,1,4),(0.,0.000783873238768486,0.00156774647753697),
 .UNSPECIFIED.);
#14=B_SPLINE_CURVE_WITH_KNOTS('',3,(#6606,#6607,#6608,#6609,#6610),
 .UNSPECIFIED.,.F.,.F.,(4,1,4),(0.000523755152154093,0.00210974341231536,
0.00369573167247662),.UNSPECIFIED.);
#15=B_SPLINE_CURVE_WITH_KNOTS('',3,(#6612,#6613,#6614,#6615,#6616),
 .UNSPECIFIED.,.F.,.F.,(4,1,4),(-6.82443601583329E-6,0.00157977372591381,
0.00316637188784345),.UNSPECIFIED.);
#16=B_SPLINE_CURVE_WITH_KNOTS('',3,(#6618,#6619,#6620,#6621,#6622),
 .UNSPECIFIED.,.F.,.F.,(4,1,4),(0.000523755152154074,0.00210974341231534,
0.0036957316724766),.UNSPECIFIED.);
#17=B_SPLINE_CURVE_WITH_KNOTS('',3,(#6624,#6625,#6626,#6627,#6628),
 .UNSPECIFIED.,.F.,.F.,(4,1,4),(-6.82443601572258E-6,0.00157977372591388,
0.00316637188784348),.UNSPECIFIED.);
#18=B_SPLINE_CURVE_WITH_KNOTS('',3,(#6633,#6634,#6635,#6636,#6637),
 .UNSPECIFIED.,.F.,.F.,(4,1,4),(-6.82443601582345E-6,0.00157977372591384,
0.0031663718878435),.UNSPECIFIED.);
#19=B_SPLINE_CURVE_WITH_KNOTS('',3,(#6641,#6642,#6643,#6644,#6645),
 .UNSPECIFIED.,.F.,.F.,(4,1,4),(0.000523755152154054,0.00210974341231545,
0.00369573167247684),.UNSPECIFIED.);
#20=B_SPLINE_CURVE_WITH_KNOTS('',3,(#6649,#6650,#6651,#6652,#6653),
 .UNSPECIFIED.,.F.,.F.,(4,1,4),(0.000523755152154039,0.0021097434123153,
0.00369573167247656),.UNSPECIFIED.);
#21=B_SPLINE_CURVE_WITH_KNOTS('',3,(#6655,#6656,#6657,#6658,#6659),
 .UNSPECIFIED.,.F.,.F.,(4,1,4),(-6.82443601572547E-6,0.00157977372591388,
0.00316637188784348),.UNSPECIFIED.);
#22=TOROIDAL_SURFACE('',#4253,0.0035,0.001);
#23=TOROIDAL_SURFACE('',#4258,0.00358851641757517,0.001);
#24=TOROIDAL_SURFACE('',#4378,0.00205,0.001);
#25=TOROIDAL_SURFACE('',#4379,0.00205,0.001);
#26=TOROIDAL_SURFACE('',#4385,0.00205,0.001);
#27=TOROIDAL_SURFACE('',#4389,0.00205,0.001);
#28=SPHERICAL_SURFACE('',#4204,0.001);
#29=SPHERICAL_SURFACE('',#4213,0.001);
#30=SPHERICAL_SURFACE('',#4229,0.001);
#31=ELLIPSE('',#4160,0.00141421356237309,0.001);
#32=ELLIPSE('',#4161,0.00141421356237309,0.001);
#33=ELLIPSE('',#4163,0.00141421356237309,0.001);
#34=ELLIPSE('',#4165,0.00141421356237309,0.001);
#35=ELLIPSE('',#4196,0.00141421356237309,0.001);
#36=ELLIPSE('',#4198,0.00141421356237309,0.001);
#37=ELLIPSE('',#4210,0.00141421356237309,0.001);
#38=ELLIPSE('',#4212,0.00141421356237309,0.001);
#39=ELLIPSE('',#4216,0.00141421356237309,0.001);
#40=ELLIPSE('',#4218,0.00141421356237309,0.001);
#41=ELLIPSE('',#4220,0.00141421356237309,0.001);
#42=ELLIPSE('',#4222,0.00141421356237309,0.001);
#43=ELLIPSE('',#4224,0.00141421356237309,0.001);
#44=ELLIPSE('',#4381,0.00141421356237309,0.001);
#45=ELLIPSE('',#4382,0.00141421356237309,0.001);
#46=ELLIPSE('',#4384,0.00141421356237309,0.001);
#47=ELLIPSE('',#4387,0.00141421356237309,0.001);
#48=LINE('',#5481,#505);
#49=LINE('',#5484,#506);
#50=LINE('',#5486,#507);
#51=LINE('',#5488,#508);
#52=LINE('',#5489,#509);
#53=LINE('',#5492,#510);
#54=LINE('',#5494,#511);
#55=LINE('',#5496,#512);
#56=LINE('',#5497,#513);
#57=LINE('',#5502,#514);
#58=LINE('',#5505,#515);
#59=LINE('',#5508,#516);
#60=LINE('',#5510,#517);
#61=LINE('',#5512,#518);
#62=LINE('',#5514,#519);
#63=LINE('',#5518,#520);
#64=LINE('',#5520,#521);
#65=LINE('',#5522,#522);
#66=LINE('',#5524,#523);
#67=LINE('',#5527,#524);
#68=LINE('',#5529,#525);
#69=LINE('',#5531,#526);
#70=LINE('',#5533,#527);
#71=LINE('',#5535,#528);
#72=LINE('',#5536,#529);
#73=LINE('',#5539,#530);
#74=LINE('',#5541,#531);
#75=LINE('',#5543,#532);
#76=LINE('',#5544,#533);
#77=LINE('',#5547,#534);
#78=LINE('',#5549,#535);
#79=LINE('',#5551,#536);
#80=LINE('',#5553,#537);
#81=LINE('',#5555,#538);
#82=LINE('',#5557,#539);
#83=LINE('',#5559,#540);
#84=LINE('',#5561,#541);
#85=LINE('',#5563,#542);
#86=LINE('',#5565,#543);
#87=LINE('',#5569,#544);
#88=LINE('',#5573,#545);
#89=LINE('',#5575,#546);
#90=LINE('',#5578,#547);
#91=LINE('',#5580,#548);
#92=LINE('',#5582,#549);
#93=LINE('',#5583,#550);
#94=LINE('',#5586,#551);
#95=LINE('',#5588,#552);
#96=LINE('',#5592,#553);
#97=LINE('',#5595,#554);
#98=LINE('',#5597,#555);
#99=LINE('',#5599,#556);
#100=LINE('',#5601,#557);
#101=LINE('',#5603,#558);
#102=LINE('',#5605,#559);
#103=LINE('',#5607,#560);
#104=LINE('',#5609,#561);
#105=LINE('',#5611,#562);
#106=LINE('',#5613,#563);
#107=LINE('',#5615,#564);
#108=LINE('',#5617,#565);
#109=LINE('',#5619,#566);
#110=LINE('',#5621,#567);
#111=LINE('',#5623,#568);
#112=LINE('',#5625,#569);
#113=LINE('',#5627,#570);
#114=LINE('',#5629,#571);
#115=LINE('',#5631,#572);
#116=LINE('',#5633,#573);
#117=LINE('',#5635,#574);
#118=LINE('',#5637,#575);
#119=LINE('',#5639,#576);
#120=LINE('',#5641,#577);
#121=LINE('',#5643,#578);
#122=LINE('',#5644,#579);
#123=LINE('',#5647,#580);
#124=LINE('',#5649,#581);
#125=LINE('',#5651,#582);
#126=LINE('',#5652,#583);
#127=LINE('',#5655,#584);
#128=LINE('',#5657,#585);
#129=LINE('',#5659,#586);
#130=LINE('',#5664,#587);
#131=LINE('',#5668,#588);
#132=LINE('',#5669,#589);
#133=LINE('',#5672,#590);
#134=LINE('',#5674,#591);
#135=LINE('',#5676,#592);
#136=LINE('',#5678,#593);
#137=LINE('',#5680,#594);
#138=LINE('',#5682,#595);
#139=LINE('',#5684,#596);
#140=LINE('',#5686,#597);
#141=LINE('',#5688,#598);
#142=LINE('',#5690,#599);
#143=LINE('',#5692,#600);
#144=LINE('',#5694,#601);
#145=LINE('',#5696,#602);
#146=LINE('',#5698,#603);
#147=LINE('',#5700,#604);
#148=LINE('',#5702,#605);
#149=LINE('',#5704,#606);
#150=LINE('',#5707,#607);
#151=LINE('',#5709,#608);
#152=LINE('',#5711,#609);
#153=LINE('',#5714,#610);
#154=LINE('',#5716,#611);
#155=LINE('',#5719,#612);
#156=LINE('',#5721,#613);
#157=LINE('',#5723,#614);
#158=LINE('',#5725,#615);
#159=LINE('',#5729,#616);
#160=LINE('',#5733,#617);
#161=LINE('',#5735,#618);
#162=LINE('',#5740,#619);
#163=LINE('',#5742,#620);
#164=LINE('',#5744,#621);
#165=LINE('',#5746,#622);
#166=LINE('',#5748,#623);
#167=LINE('',#5750,#624);
#168=LINE('',#5752,#625);
#169=LINE('',#5754,#626);
#170=LINE('',#5756,#627);
#171=LINE('',#5758,#628);
#172=LINE('',#5759,#629);
#173=LINE('',#5762,#630);
#174=LINE('',#5764,#631);
#175=LINE('',#5766,#632);
#176=LINE('',#5768,#633);
#177=LINE('',#5771,#634);
#178=LINE('',#5773,#635);
#179=LINE('',#5775,#636);
#180=LINE('',#5777,#637);
#181=LINE('',#5779,#638);
#182=LINE('',#5781,#639);
#183=LINE('',#5782,#640);
#184=LINE('',#5783,#641);
#185=LINE('',#5784,#642);
#186=LINE('',#5785,#643);
#187=LINE('',#5788,#644);
#188=LINE('',#5790,#645);
#189=LINE('',#5792,#646);
#190=LINE('',#5793,#647);
#191=LINE('',#5796,#648);
#192=LINE('',#5798,#649);
#193=LINE('',#5800,#650);
#194=LINE('',#5801,#651);
#195=LINE('',#5804,#652);
#196=LINE('',#5806,#653);
#197=LINE('',#5808,#654);
#198=LINE('',#5809,#655);
#199=LINE('',#5812,#656);
#200=LINE('',#5814,#657);
#201=LINE('',#5816,#658);
#202=LINE('',#5817,#659);
#203=LINE('',#5819,#660);
#204=LINE('',#5821,#661);
#205=LINE('',#5823,#662);
#206=LINE('',#5825,#663);
#207=LINE('',#5827,#664);
#208=LINE('',#5829,#665);
#209=LINE('',#5831,#666);
#210=LINE('',#5833,#667);
#211=LINE('',#5835,#668);
#212=LINE('',#5837,#669);
#213=LINE('',#5840,#670);
#214=LINE('',#5842,#671);
#215=LINE('',#5844,#672);
#216=LINE('',#5847,#673);
#217=LINE('',#5848,#674);
#218=LINE('',#5850,#675);
#219=LINE('',#5852,#676);
#220=LINE('',#5854,#677);
#221=LINE('',#5856,#678);
#222=LINE('',#5858,#679);
#223=LINE('',#5861,#680);
#224=LINE('',#5863,#681);
#225=LINE('',#5865,#682);
#226=LINE('',#5867,#683);
#227=LINE('',#5869,#684);
#228=LINE('',#5871,#685);
#229=LINE('',#5873,#686);
#230=LINE('',#5875,#687);
#231=LINE('',#5877,#688);
#232=LINE('',#5879,#689);
#233=LINE('',#5881,#690);
#234=LINE('',#5883,#691);
#235=LINE('',#5885,#692);
#236=LINE('',#5887,#693);
#237=LINE('',#5889,#694);
#238=LINE('',#5891,#695);
#239=LINE('',#5893,#696);
#240=LINE('',#5895,#697);
#241=LINE('',#5896,#698);
#242=LINE('',#5908,#699);
#243=LINE('',#5910,#700);
#244=LINE('',#5912,#701);
#245=LINE('',#5914,#702);
#246=LINE('',#5917,#703);
#247=LINE('',#5918,#704);
#248=LINE('',#5919,#705);
#249=LINE('',#5922,#706);
#250=LINE('',#5925,#707);
#251=LINE('',#5926,#708);
#252=LINE('',#5929,#709);
#253=LINE('',#5940,#710);
#254=LINE('',#5942,#711);
#255=LINE('',#5944,#712);
#256=LINE('',#5946,#713);
#257=LINE('',#5948,#714);
#258=LINE('',#5950,#715);
#259=LINE('',#5953,#716);
#260=LINE('',#5955,#717);
#261=LINE('',#5957,#718);
#262=LINE('',#5959,#719);
#263=LINE('',#5961,#720);
#264=LINE('',#5963,#721);
#265=LINE('',#5965,#722);
#266=LINE('',#5967,#723);
#267=LINE('',#5969,#724);
#268=LINE('',#5971,#725);
#269=LINE('',#5975,#726);
#270=LINE('',#5977,#727);
#271=LINE('',#5979,#728);
#272=LINE('',#5981,#729);
#273=LINE('',#5983,#730);
#274=LINE('',#5986,#731);
#275=LINE('',#5993,#732);
#276=LINE('',#5995,#733);
#277=LINE('',#5997,#734);
#278=LINE('',#5999,#735);
#279=LINE('',#6001,#736);
#280=LINE('',#6003,#737);
#281=LINE('',#6005,#738);
#282=LINE('',#6007,#739);
#283=LINE('',#6031,#740);
#284=LINE('',#6035,#741);
#285=LINE('',#6037,#742);
#286=LINE('',#6038,#743);
#287=LINE('',#6040,#744);
#288=LINE('',#6042,#745);
#289=LINE('',#6045,#746);
#290=LINE('',#6046,#747);
#291=LINE('',#6048,#748);
#292=LINE('',#6051,#749);
#293=LINE('',#6052,#750);
#294=LINE('',#6054,#751);
#295=LINE('',#6055,#752);
#296=LINE('',#6060,#753);
#297=LINE('',#6064,#754);
#298=LINE('',#6066,#755);
#299=LINE('',#6069,#756);
#300=LINE('',#6070,#757);
#301=LINE('',#6072,#758);
#302=LINE('',#6074,#759);
#303=LINE('',#6114,#760);
#304=LINE('',#6116,#761);
#305=LINE('',#6118,#762);
#306=LINE('',#6120,#763);
#307=LINE('',#6122,#764);
#308=LINE('',#6124,#765);
#309=LINE('',#6126,#766);
#310=LINE('',#6128,#767);
#311=LINE('',#6131,#768);
#312=LINE('',#6133,#769);
#313=LINE('',#6135,#770);
#314=LINE('',#6137,#771);
#315=LINE('',#6139,#772);
#316=LINE('',#6141,#773);
#317=LINE('',#6143,#774);
#318=LINE('',#6145,#775);
#319=LINE('',#6147,#776);
#320=LINE('',#6149,#777);
#321=LINE('',#6150,#778);
#322=LINE('',#6152,#779);
#323=LINE('',#6156,#780);
#324=LINE('',#6158,#781);
#325=LINE('',#6160,#782);
#326=LINE('',#6162,#783);
#327=LINE('',#6164,#784);
#328=LINE('',#6166,#785);
#329=LINE('',#6168,#786);
#330=LINE('',#6170,#787);
#331=LINE('',#6172,#788);
#332=LINE('',#6174,#789);
#333=LINE('',#6177,#790);
#334=LINE('',#6179,#791);
#335=LINE('',#6181,#792);
#336=LINE('',#6183,#793);
#337=LINE('',#6187,#794);
#338=LINE('',#6189,#795);
#339=LINE('',#6213,#796);
#340=LINE('',#6215,#797);
#341=LINE('',#6217,#798);
#342=LINE('',#6219,#799);
#343=LINE('',#6221,#800);
#344=LINE('',#6223,#801);
#345=LINE('',#6225,#802);
#346=LINE('',#6227,#803);
#347=LINE('',#6229,#804);
#348=LINE('',#6231,#805);
#349=LINE('',#6233,#806);
#350=LINE('',#6235,#807);
#351=LINE('',#6237,#808);
#352=LINE('',#6239,#809);
#353=LINE('',#6241,#810);
#354=LINE('',#6243,#811);
#355=LINE('',#6246,#812);
#356=LINE('',#6248,#813);
#357=LINE('',#6250,#814);
#358=LINE('',#6252,#815);
#359=LINE('',#6254,#816);
#360=LINE('',#6256,#817);
#361=LINE('',#6260,#818);
#362=LINE('',#6263,#819);
#363=LINE('',#6265,#820);
#364=LINE('',#6267,#821);
#365=LINE('',#6269,#822);
#366=LINE('',#6271,#823);
#367=LINE('',#6273,#824);
#368=LINE('',#6277,#825);
#369=LINE('',#6279,#826);
#370=LINE('',#6281,#827);
#371=LINE('',#6285,#828);
#372=LINE('',#6287,#829);
#373=LINE('',#6289,#830);
#374=LINE('',#6291,#831);
#375=LINE('',#6293,#832);
#376=LINE('',#6295,#833);
#377=LINE('',#6297,#834);
#378=LINE('',#6299,#835);
#379=LINE('',#6301,#836);
#380=LINE('',#6303,#837);
#381=LINE('',#6305,#838);
#382=LINE('',#6307,#839);
#383=LINE('',#6309,#840);
#384=LINE('',#6311,#841);
#385=LINE('',#6313,#842);
#386=LINE('',#6315,#843);
#387=LINE('',#6317,#844);
#388=LINE('',#6319,#845);
#389=LINE('',#6321,#846);
#390=LINE('',#6333,#847);
#391=LINE('',#6337,#848);
#392=LINE('',#6339,#849);
#393=LINE('',#6341,#850);
#394=LINE('',#6343,#851);
#395=LINE('',#6347,#852);
#396=LINE('',#6351,#853);
#397=LINE('',#6354,#854);
#398=LINE('',#6356,#855);
#399=LINE('',#6358,#856);
#400=LINE('',#6360,#857);
#401=LINE('',#6362,#858);
#402=LINE('',#6364,#859);
#403=LINE('',#6366,#860);
#404=LINE('',#6368,#861);
#405=LINE('',#6370,#862);
#406=LINE('',#6372,#863);
#407=LINE('',#6374,#864);
#408=LINE('',#6376,#865);
#409=LINE('',#6378,#866);
#410=LINE('',#6380,#867);
#411=LINE('',#6382,#868);
#412=LINE('',#6386,#869);
#413=LINE('',#6388,#870);
#414=LINE('',#6390,#871);
#415=LINE('',#6392,#872);
#416=LINE('',#6397,#873);
#417=LINE('',#6399,#874);
#418=LINE('',#6400,#875);
#419=LINE('',#6405,#876);
#420=LINE('',#6407,#877);
#421=LINE('',#6409,#878);
#422=LINE('',#6411,#879);
#423=LINE('',#6413,#880);
#424=LINE('',#6415,#881);
#425=LINE('',#6417,#882);
#426=LINE('',#6419,#883);
#427=LINE('',#6421,#884);
#428=LINE('',#6423,#885);
#429=LINE('',#6425,#886);
#430=LINE('',#6427,#887);
#431=LINE('',#6429,#888);
#432=LINE('',#6431,#889);
#433=LINE('',#6433,#890);
#434=LINE('',#6435,#891);
#435=LINE('',#6437,#892);
#436=LINE('',#6439,#893);
#437=LINE('',#6441,#894);
#438=LINE('',#6443,#895);
#439=LINE('',#6445,#896);
#440=LINE('',#6447,#897);
#441=LINE('',#6449,#898);
#442=LINE('',#6451,#899);
#443=LINE('',#6453,#900);
#444=LINE('',#6455,#901);
#445=LINE('',#6457,#902);
#446=LINE('',#6459,#903);
#447=LINE('',#6461,#904);
#448=LINE('',#6463,#905);
#449=LINE('',#6465,#906);
#450=LINE('',#6467,#907);
#451=LINE('',#6469,#908);
#452=LINE('',#6471,#909);
#453=LINE('',#6473,#910);
#454=LINE('',#6475,#911);
#455=LINE('',#6477,#912);
#456=LINE('',#6479,#913);
#457=LINE('',#6481,#914);
#458=LINE('',#6483,#915);
#459=LINE('',#6485,#916);
#460=LINE('',#6487,#917);
#461=LINE('',#6489,#918);
#462=LINE('',#6491,#919);
#463=LINE('',#6493,#920);
#464=LINE('',#6495,#921);
#465=LINE('',#6497,#922);
#466=LINE('',#6499,#923);
#467=LINE('',#6501,#924);
#468=LINE('',#6503,#925);
#469=LINE('',#6505,#926);
#470=LINE('',#6510,#927);
#471=LINE('',#6514,#928);
#472=LINE('',#6516,#929);
#473=LINE('',#6518,#930);
#474=LINE('',#6520,#931);
#475=LINE('',#6522,#932);
#476=LINE('',#6524,#933);
#477=LINE('',#6526,#934);
#478=LINE('',#6528,#935);
#479=LINE('',#6530,#936);
#480=LINE('',#6532,#937);
#481=LINE('',#6536,#938);
#482=LINE('',#6540,#939);
#483=LINE('',#6542,#940);
#484=LINE('',#6544,#941);
#485=LINE('',#6546,#942);
#486=LINE('',#6548,#943);
#487=LINE('',#6550,#944);
#488=LINE('',#6552,#945);
#489=LINE('',#6554,#946);
#490=LINE('',#6556,#947);
#491=LINE('',#6558,#948);
#492=LINE('',#6560,#949);
#493=LINE('',#6562,#950);
#494=LINE('',#6564,#951);
#495=LINE('',#6565,#952);
#496=LINE('',#6567,#953);
#497=LINE('',#6575,#954);
#498=LINE('',#6579,#955);
#499=LINE('',#6583,#956);
#500=LINE('',#6587,#957);
#501=LINE('',#6597,#958);
#502=LINE('',#6600,#959);
#503=LINE('',#6602,#960);
#504=LINE('',#6604,#961);
#505=VECTOR('',#4402,1.);
#506=VECTOR('',#4403,1.);
#507=VECTOR('',#4404,1.);
#508=VECTOR('',#4405,1.);
#509=VECTOR('',#4406,1.);
#510=VECTOR('',#4407,1.);
#511=VECTOR('',#4408,1.);
#512=VECTOR('',#4409,1.);
#513=VECTOR('',#4410,1.);
#514=VECTOR('',#4413,1.);
#515=VECTOR('',#4416,1.);
#516=VECTOR('',#4417,1.);
#517=VECTOR('',#4418,1.);
#518=VECTOR('',#4419,1.);
#519=VECTOR('',#4420,1.);
#520=VECTOR('',#4423,1.);
#521=VECTOR('',#4424,1.);
#522=VECTOR('',#4425,1.);
#523=VECTOR('',#4428,1.);
#524=VECTOR('',#4429,1.);
#525=VECTOR('',#4430,1.);
#526=VECTOR('',#4431,1.);
#527=VECTOR('',#4432,1.);
#528=VECTOR('',#4433,1.);
#529=VECTOR('',#4434,1.);
#530=VECTOR('',#4435,1.);
#531=VECTOR('',#4436,1.);
#532=VECTOR('',#4437,1.);
#533=VECTOR('',#4438,1.);
#534=VECTOR('',#4439,1.);
#535=VECTOR('',#4440,1.);
#536=VECTOR('',#4441,1.);
#537=VECTOR('',#4442,1.);
#538=VECTOR('',#4443,1.);
#539=VECTOR('',#4444,1.);
#540=VECTOR('',#4445,1.);
#541=VECTOR('',#4446,1.);
#542=VECTOR('',#4447,1.);
#543=VECTOR('',#4448,1.);
#544=VECTOR('',#4451,1.);
#545=VECTOR('',#4454,1.);
#546=VECTOR('',#4457,1.);
#547=VECTOR('',#4458,1.);
#548=VECTOR('',#4459,1.);
#549=VECTOR('',#4460,1.);
#550=VECTOR('',#4461,1.);
#551=VECTOR('',#4462,1.);
#552=VECTOR('',#4463,1.);
#553=VECTOR('',#4468,1.);
#554=VECTOR('',#4469,1.);
#555=VECTOR('',#4470,1.);
#556=VECTOR('',#4471,1.);
#557=VECTOR('',#4472,1.);
#558=VECTOR('',#4473,1.);
#559=VECTOR('',#4474,1.);
#560=VECTOR('',#4475,1.);
#561=VECTOR('',#4476,1.);
#562=VECTOR('',#4477,1.);
#563=VECTOR('',#4478,1.);
#564=VECTOR('',#4479,1.);
#565=VECTOR('',#4480,1.);
#566=VECTOR('',#4481,1.);
#567=VECTOR('',#4482,1.);
#568=VECTOR('',#4483,1.);
#569=VECTOR('',#4484,1.);
#570=VECTOR('',#4485,1.);
#571=VECTOR('',#4486,1.);
#572=VECTOR('',#4487,1.);
#573=VECTOR('',#4488,1.);
#574=VECTOR('',#4489,1.);
#575=VECTOR('',#4490,1.);
#576=VECTOR('',#4491,1.);
#577=VECTOR('',#4492,1.);
#578=VECTOR('',#4493,1.);
#579=VECTOR('',#4494,1.);
#580=VECTOR('',#4495,1.);
#581=VECTOR('',#4496,1.);
#582=VECTOR('',#4497,1.);
#583=VECTOR('',#4498,1.);
#584=VECTOR('',#4499,1.);
#585=VECTOR('',#4500,1.);
#586=VECTOR('',#4501,1.);
#587=VECTOR('',#4506,1.);
#588=VECTOR('',#4509,1.);
#589=VECTOR('',#4510,1.);
#590=VECTOR('',#4511,1.);
#591=VECTOR('',#4512,1.);
#592=VECTOR('',#4513,1.);
#593=VECTOR('',#4514,1.);
#594=VECTOR('',#4515,1.);
#595=VECTOR('',#4516,1.);
#596=VECTOR('',#4517,1.);
#597=VECTOR('',#4518,1.);
#598=VECTOR('',#4519,1.);
#599=VECTOR('',#4520,1.);
#600=VECTOR('',#4521,1.);
#601=VECTOR('',#4522,1.);
#602=VECTOR('',#4523,1.);
#603=VECTOR('',#4526,1.);
#604=VECTOR('',#4527,1.);
#605=VECTOR('',#4528,1.);
#606=VECTOR('',#4531,1.);
#607=VECTOR('',#4532,1.);
#608=VECTOR('',#4533,1.);
#609=VECTOR('',#4534,1.);
#610=VECTOR('',#4537,1.);
#611=VECTOR('',#4540,1.);
#612=VECTOR('',#4541,1.);
#613=VECTOR('',#4542,1.);
#614=VECTOR('',#4543,1.);
#615=VECTOR('',#4546,1.);
#616=VECTOR('',#4549,1.);
#617=VECTOR('',#4552,1.);
#618=VECTOR('',#4555,1.);
#619=VECTOR('',#4558,1.);
#620=VECTOR('',#4559,1.);
#621=VECTOR('',#4560,1.);
#622=VECTOR('',#4563,1.);
#623=VECTOR('',#4564,1.);
#624=VECTOR('',#4565,1.);
#625=VECTOR('',#4566,1.);
#626=VECTOR('',#4567,1.);
#627=VECTOR('',#4568,1.);
#628=VECTOR('',#4569,1.);
#629=VECTOR('',#4570,1.);
#630=VECTOR('',#4571,1.);
#631=VECTOR('',#4572,1.);
#632=VECTOR('',#4573,1.);
#633=VECTOR('',#4576,1.);
#634=VECTOR('',#4577,1.);
#635=VECTOR('',#4578,1.);
#636=VECTOR('',#4579,1.);
#637=VECTOR('',#4582,1.);
#638=VECTOR('',#4583,1.);
#639=VECTOR('',#4584,1.);
#640=VECTOR('',#4585,1.);
#641=VECTOR('',#4586,1.);
#642=VECTOR('',#4587,1.);
#643=VECTOR('',#4588,1.);
#644=VECTOR('',#4589,1.);
#645=VECTOR('',#4590,1.);
#646=VECTOR('',#4591,1.);
#647=VECTOR('',#4592,1.);
#648=VECTOR('',#4593,1.);
#649=VECTOR('',#4594,1.);
#650=VECTOR('',#4595,1.);
#651=VECTOR('',#4596,1.);
#652=VECTOR('',#4597,1.);
#653=VECTOR('',#4598,1.);
#654=VECTOR('',#4599,1.);
#655=VECTOR('',#4600,1.);
#656=VECTOR('',#4601,1.);
#657=VECTOR('',#4602,1.);
#658=VECTOR('',#4603,1.);
#659=VECTOR('',#4604,1.);
#660=VECTOR('',#4605,1.);
#661=VECTOR('',#4606,1.);
#662=VECTOR('',#4609,1.);
#663=VECTOR('',#4610,1.);
#664=VECTOR('',#4611,1.);
#665=VECTOR('',#4614,1.);
#666=VECTOR('',#4615,1.);
#667=VECTOR('',#4618,1.);
#668=VECTOR('',#4619,1.);
#669=VECTOR('',#4622,1.);
#670=VECTOR('',#4627,1.);
#671=VECTOR('',#4628,1.);
#672=VECTOR('',#4631,1.);
#673=VECTOR('',#4632,1.);
#674=VECTOR('',#4633,1.);
#675=VECTOR('',#4636,1.);
#676=VECTOR('',#4637,1.);
#677=VECTOR('',#4640,1.);
#678=VECTOR('',#4643,1.);
#679=VECTOR('',#4646,1.);
#680=VECTOR('',#4647,1.);
#681=VECTOR('',#4648,1.);
#682=VECTOR('',#4649,1.);
#683=VECTOR('',#4652,1.);
#684=VECTOR('',#4653,1.);
#685=VECTOR('',#4654,1.);
#686=VECTOR('',#4657,1.);
#687=VECTOR('',#4658,1.);
#688=VECTOR('',#4659,1.);
#689=VECTOR('',#4662,1.);
#690=VECTOR('',#4663,1.);
#691=VECTOR('',#4664,1.);
#692=VECTOR('',#4667,1.);
#693=VECTOR('',#4668,1.);
#694=VECTOR('',#4671,1.);
#695=VECTOR('',#4672,1.);
#696=VECTOR('',#4675,1.);
#697=VECTOR('',#4678,1.);
#698=VECTOR('',#4679,1.);
#699=VECTOR('',#4694,1.);
#700=VECTOR('',#4695,1.);
#701=VECTOR('',#4696,1.);
#702=VECTOR('',#4699,1.);
#703=VECTOR('',#4700,1.);
#704=VECTOR('',#4701,1.);
#705=VECTOR('',#4702,1.);
#706=VECTOR('',#4707,1.);
#707=VECTOR('',#4710,1.);
#708=VECTOR('',#4711,1.);
#709=VECTOR('',#4714,1.);
#710=VECTOR('',#4727,1.);
#711=VECTOR('',#4728,1.);
#712=VECTOR('',#4729,1.);
#713=VECTOR('',#4730,1.);
#714=VECTOR('',#4731,1.);
#715=VECTOR('',#4734,1.);
#716=VECTOR('',#4735,1.);
#717=VECTOR('',#4736,1.);
#718=VECTOR('',#4737,1.);
#719=VECTOR('',#4738,1.);
#720=VECTOR('',#4739,1.);
#721=VECTOR('',#4740,1.);
#722=VECTOR('',#4741,1.);
#723=VECTOR('',#4744,1.);
#724=VECTOR('',#4745,1.);
#725=VECTOR('',#4746,1.);
#726=VECTOR('',#4751,1.);
#727=VECTOR('',#4752,1.);
#728=VECTOR('',#4755,1.);
#729=VECTOR('',#4756,1.);
#730=VECTOR('',#4759,1.);
#731=VECTOR('',#4764,1.);
#732=VECTOR('',#4775,1.);
#733=VECTOR('',#4776,1.);
#734=VECTOR('',#4777,1.);
#735=VECTOR('',#4780,1.);
#736=VECTOR('',#4781,1.);
#737=VECTOR('',#4784,1.);
#738=VECTOR('',#4785,1.);
#739=VECTOR('',#4788,1.);
#740=VECTOR('',#4831,1.);
#741=VECTOR('',#4834,1.);
#742=VECTOR('',#4837,1.);
#743=VECTOR('',#4838,1.);
#744=VECTOR('',#4839,1.);
#745=VECTOR('',#4842,1.);
#746=VECTOR('',#4843,1.);
#747=VECTOR('',#4844,1.);
#748=VECTOR('',#4847,1.);
#749=VECTOR('',#4848,1.);
#750=VECTOR('',#4849,1.);
#751=VECTOR('',#4852,1.);
#752=VECTOR('',#4853,1.);
#753=VECTOR('',#4860,1.);
#754=VECTOR('',#4863,1.);
#755=VECTOR('',#4866,1.);
#756=VECTOR('',#4867,1.);
#757=VECTOR('',#4868,1.);
#758=VECTOR('',#4871,1.);
#759=VECTOR('',#4874,1.);
#760=VECTOR('',#4953,1.);
#761=VECTOR('',#4954,1.);
#762=VECTOR('',#4955,1.);
#763=VECTOR('',#4958,1.);
#764=VECTOR('',#4959,1.);
#765=VECTOR('',#4962,1.);
#766=VECTOR('',#4963,1.);
#767=VECTOR('',#4966,1.);
#768=VECTOR('',#4967,1.);
#769=VECTOR('',#4968,1.);
#770=VECTOR('',#4969,1.);
#771=VECTOR('',#4972,1.);
#772=VECTOR('',#4973,1.);
#773=VECTOR('',#4974,1.);
#774=VECTOR('',#4977,1.);
#775=VECTOR('',#4978,1.);
#776=VECTOR('',#4979,1.);
#777=VECTOR('',#4982,1.);
#778=VECTOR('',#4983,1.);
#779=VECTOR('',#4986,1.);
#780=VECTOR('',#4993,1.);
#781=VECTOR('',#4994,1.);
#782=VECTOR('',#4997,1.);
#783=VECTOR('',#4998,1.);
#784=VECTOR('',#5001,1.);
#785=VECTOR('',#5004,1.);
#786=VECTOR('',#5005,1.);
#787=VECTOR('',#5008,1.);
#788=VECTOR('',#5009,1.);
#789=VECTOR('',#5012,1.);
#790=VECTOR('',#5017,1.);
#791=VECTOR('',#5018,1.);
#792=VECTOR('',#5019,1.);
#793=VECTOR('',#5022,1.);
#794=VECTOR('',#5027,1.);
#795=VECTOR('',#5028,1.);
#796=VECTOR('',#5055,1.);
#797=VECTOR('',#5056,1.);
#798=VECTOR('',#5057,1.);
#799=VECTOR('',#5060,1.);
#800=VECTOR('',#5061,1.);
#801=VECTOR('',#5064,1.);
#802=VECTOR('',#5065,1.);
#803=VECTOR('',#5068,1.);
#804=VECTOR('',#5069,1.);
#805=VECTOR('',#5070,1.);
#806=VECTOR('',#5073,1.);
#807=VECTOR('',#5074,1.);
#808=VECTOR('',#5077,1.);
#809=VECTOR('',#5078,1.);
#810=VECTOR('',#5081,1.);
#811=VECTOR('',#5084,1.);
#812=VECTOR('',#5089,1.);
#813=VECTOR('',#5090,1.);
#814=VECTOR('',#5091,1.);
#815=VECTOR('',#5094,1.);
#816=VECTOR('',#5095,1.);
#817=VECTOR('',#5098,1.);
#818=VECTOR('',#5103,1.);
#819=VECTOR('',#5108,1.);
#820=VECTOR('',#5109,1.);
#821=VECTOR('',#5110,1.);
#822=VECTOR('',#5113,1.);
#823=VECTOR('',#5114,1.);
#824=VECTOR('',#5117,1.);
#825=VECTOR('',#5122,1.);
#826=VECTOR('',#5123,1.);
#827=VECTOR('',#5126,1.);
#828=VECTOR('',#5131,1.);
#829=VECTOR('',#5132,1.);
#830=VECTOR('',#5135,1.);
#831=VECTOR('',#5136,1.);
#832=VECTOR('',#5139,1.);
#833=VECTOR('',#5140,1.);
#834=VECTOR('',#5143,1.);
#835=VECTOR('',#5144,1.);
#836=VECTOR('',#5147,1.);
#837=VECTOR('',#5148,1.);
#838=VECTOR('',#5151,1.);
#839=VECTOR('',#5152,1.);
#840=VECTOR('',#5155,1.);
#841=VECTOR('',#5156,1.);
#842=VECTOR('',#5159,1.);
#843=VECTOR('',#5160,1.);
#844=VECTOR('',#5163,1.);
#845=VECTOR('',#5164,1.);
#846=VECTOR('',#5167,1.);
#847=VECTOR('',#5182,1.);
#848=VECTOR('',#5185,1.);
#849=VECTOR('',#5188,1.);
#850=VECTOR('',#5189,1.);
#851=VECTOR('',#5190,1.);
#852=VECTOR('',#5195,1.);
#853=VECTOR('',#5200,1.);
#854=VECTOR('',#5201,1.);
#855=VECTOR('',#5202,1.);
#856=VECTOR('',#5203,1.);
#857=VECTOR('',#5206,1.);
#858=VECTOR('',#5207,1.);
#859=VECTOR('',#5208,1.);
#860=VECTOR('',#5211,1.);
#861=VECTOR('',#5212,1.);
#862=VECTOR('',#5215,1.);
#863=VECTOR('',#5216,1.);
#864=VECTOR('',#5219,1.);
#865=VECTOR('',#5220,1.);
#866=VECTOR('',#5223,1.);
#867=VECTOR('',#5224,1.);
#868=VECTOR('',#5227,1.);
#869=VECTOR('',#5232,1.);
#870=VECTOR('',#5233,1.);
#871=VECTOR('',#5236,1.);
#872=VECTOR('',#5237,1.);
#873=VECTOR('',#5246,1.);
#874=VECTOR('',#5249,1.);
#875=VECTOR('',#5250,1.);
#876=VECTOR('',#5259,1.);
#877=VECTOR('',#5260,1.);
#878=VECTOR('',#5261,1.);
#879=VECTOR('',#5264,1.);
#880=VECTOR('',#5265,1.);
#881=VECTOR('',#5268,1.);
#882=VECTOR('',#5269,1.);
#883=VECTOR('',#5272,1.);
#884=VECTOR('',#5273,1.);
#885=VECTOR('',#5276,1.);
#886=VECTOR('',#5277,1.);
#887=VECTOR('',#5280,1.);
#888=VECTOR('',#5281,1.);
#889=VECTOR('',#5284,1.);
#890=VECTOR('',#5285,1.);
#891=VECTOR('',#5288,1.);
#892=VECTOR('',#5289,1.);
#893=VECTOR('',#5292,1.);
#894=VECTOR('',#5293,1.);
#895=VECTOR('',#5296,1.);
#896=VECTOR('',#5297,1.);
#897=VECTOR('',#5300,1.);
#898=VECTOR('',#5301,1.);
#899=VECTOR('',#5304,1.);
#900=VECTOR('',#5305,1.);
#901=VECTOR('',#5308,1.);
#902=VECTOR('',#5309,1.);
#903=VECTOR('',#5312,1.);
#904=VECTOR('',#5313,1.);
#905=VECTOR('',#5316,1.);
#906=VECTOR('',#5317,1.);
#907=VECTOR('',#5320,1.);
#908=VECTOR('',#5321,1.);
#909=VECTOR('',#5324,1.);
#910=VECTOR('',#5325,1.);
#911=VECTOR('',#5328,1.);
#912=VECTOR('',#5329,1.);
#913=VECTOR('',#5332,1.);
#914=VECTOR('',#5333,1.);
#915=VECTOR('',#5336,1.);
#916=VECTOR('',#5337,1.);
#917=VECTOR('',#5340,1.);
#918=VECTOR('',#5341,1.);
#919=VECTOR('',#5344,1.);
#920=VECTOR('',#5345,1.);
#921=VECTOR('',#5348,1.);
#922=VECTOR('',#5349,1.);
#923=VECTOR('',#5352,1.);
#924=VECTOR('',#5353,1.);
#925=VECTOR('',#5356,1.);
#926=VECTOR('',#5357,1.);
#927=VECTOR('',#5362,1.);
#928=VECTOR('',#5365,1.);
#929=VECTOR('',#5368,1.);
#930=VECTOR('',#5369,1.);
#931=VECTOR('',#5370,1.);
#932=VECTOR('',#5373,1.);
#933=VECTOR('',#5374,1.);
#934=VECTOR('',#5375,1.);
#935=VECTOR('',#5378,1.);
#936=VECTOR('',#5379,1.);
#937=VECTOR('',#5380,1.);
#938=VECTOR('',#5385,1.);
#939=VECTOR('',#5390,1.);
#940=VECTOR('',#5391,1.);
#941=VECTOR('',#5392,1.);
#942=VECTOR('',#5395,1.);
#943=VECTOR('',#5396,1.);
#944=VECTOR('',#5397,1.);
#945=VECTOR('',#5400,1.);
#946=VECTOR('',#5401,1.);
#947=VECTOR('',#5402,1.);
#948=VECTOR('',#5405,1.);
#949=VECTOR('',#5406,1.);
#950=VECTOR('',#5407,1.);
#951=VECTOR('',#5410,1.);
#952=VECTOR('',#5411,1.);
#953=VECTOR('',#5414,1.);
#954=VECTOR('',#5425,1.);
#955=VECTOR('',#5428,1.);
#956=VECTOR('',#5431,1.);
#957=VECTOR('',#5434,1.);
#958=VECTOR('',#5445,1.);
#959=VECTOR('',#5446,1.);
#960=VECTOR('',#5447,1.);
#961=VECTOR('',#5448,1.);
#962=PLANE('',#4082);
#963=PLANE('',#4086);
#964=PLANE('',#4089);
#965=PLANE('',#4091);
#966=PLANE('',#4092);
#967=PLANE('',#4095);
#968=PLANE('',#4096);
#969=PLANE('',#4098);
#970=PLANE('',#4099);
#971=PLANE('',#4102);
#972=PLANE('',#4104);
#973=PLANE('',#4105);
#974=PLANE('',#4106);
#975=PLANE('',#4107);
#976=PLANE('',#4108);
#977=PLANE('',#4109);
#978=PLANE('',#4110);
#979=PLANE('',#4111);
#980=PLANE('',#4112);
#981=PLANE('',#4113);
#982=PLANE('',#4114);
#983=PLANE('',#4115);
#984=PLANE('',#4116);
#985=PLANE('',#4117);
#986=PLANE('',#4118);
#987=PLANE('',#4119);
#988=PLANE('',#4120);
#989=PLANE('',#4121);
#990=PLANE('',#4122);
#991=PLANE('',#4123);
#992=PLANE('',#4124);
#993=PLANE('',#4125);
#994=PLANE('',#4126);
#995=PLANE('',#4131);
#996=PLANE('',#4132);
#997=PLANE('',#4133);
#998=PLANE('',#4138);
#999=PLANE('',#4143);
#1000=PLANE('',#4144);
#1001=PLANE('',#4145);
#1002=PLANE('',#4147);
#1003=PLANE('',#4148);
#1004=PLANE('',#4149);
#1005=PLANE('',#4150);
#1006=PLANE('',#4151);
#1007=PLANE('',#4154);
#1008=PLANE('',#4155);
#1009=PLANE('',#4156);
#1010=PLANE('',#4157);
#1011=PLANE('',#4158);
#1012=PLANE('',#4169);
#1013=PLANE('',#4172);
#1014=PLANE('',#4175);
#1015=PLANE('',#4178);
#1016=PLANE('',#4179);
#1017=PLANE('',#4181);
#1018=PLANE('',#4182);
#1019=PLANE('',#4183);
#1020=PLANE('',#4184);
#1021=PLANE('',#4186);
#1022=PLANE('',#4189);
#1023=PLANE('',#4190);
#1024=PLANE('',#4191);
#1025=PLANE('',#4192);
#1026=PLANE('',#4230);
#1027=PLANE('',#4231);
#1028=PLANE('',#4232);
#1029=PLANE('',#4233);
#1030=PLANE('',#4234);
#1031=PLANE('',#4235);
#1032=PLANE('',#4236);
#1033=PLANE('',#4237);
#1034=PLANE('',#4238);
#1035=PLANE('',#4239);
#1036=PLANE('',#4240);
#1037=PLANE('',#4241);
#1038=PLANE('',#4242);
#1039=PLANE('',#4243);
#1040=PLANE('',#4244);
#1041=PLANE('',#4245);
#1042=PLANE('',#4246);
#1043=PLANE('',#4247);
#1044=PLANE('',#4250);
#1045=PLANE('',#4263);
#1046=PLANE('',#4264);
#1047=PLANE('',#4265);
#1048=PLANE('',#4266);
#1049=PLANE('',#4267);
#1050=PLANE('',#4268);
#1051=PLANE('',#4269);
#1052=PLANE('',#4270);
#1053=PLANE('',#4271);
#1054=PLANE('',#4272);
#1055=PLANE('',#4273);
#1056=PLANE('',#4276);
#1057=PLANE('',#4277);
#1058=PLANE('',#4278);
#1059=PLANE('',#4279);
#1060=PLANE('',#4282);
#1061=PLANE('',#4285);
#1062=PLANE('',#4286);
#1063=PLANE('',#4287);
#1064=PLANE('',#4288);
#1065=PLANE('',#4289);
#1066=PLANE('',#4290);
#1067=PLANE('',#4291);
#1068=PLANE('',#4292);
#1069=PLANE('',#4293);
#1070=PLANE('',#4294);
#1071=PLANE('',#4298);
#1072=PLANE('',#4299);
#1073=PLANE('',#4303);
#1074=PLANE('',#4307);
#1075=PLANE('',#4308);
#1076=PLANE('',#4309);
#1077=PLANE('',#4310);
#1078=PLANE('',#4311);
#1079=PLANE('',#4312);
#1080=PLANE('',#4315);
#1081=PLANE('',#4316);
#1082=PLANE('',#4320);
#1083=PLANE('',#4321);
#1084=PLANE('',#4322);
#1085=PLANE('',#4323);
#1086=PLANE('',#4324);
#1087=PLANE('',#4325);
#1088=PLANE('',#4326);
#1089=PLANE('',#4327);
#1090=PLANE('',#4328);
#1091=PLANE('',#4329);
#1092=PLANE('',#4330);
#1093=PLANE('',#4331);
#1094=PLANE('',#4332);
#1095=PLANE('',#4333);
#1096=PLANE('',#4334);
#1097=PLANE('',#4335);
#1098=PLANE('',#4336);
#1099=PLANE('',#4337);
#1100=PLANE('',#4338);
#1101=PLANE('',#4339);
#1102=PLANE('',#4340);
#1103=PLANE('',#4341);
#1104=PLANE('',#4342);
#1105=PLANE('',#4343);
#1106=PLANE('',#4344);
#1107=PLANE('',#4345);
#1108=PLANE('',#4346);
#1109=PLANE('',#4347);
#1110=PLANE('',#4348);
#1111=PLANE('',#4349);
#1112=PLANE('',#4353);
#1113=PLANE('',#4354);
#1114=PLANE('',#4355);
#1115=PLANE('',#4359);
#1116=PLANE('',#4360);
#1117=PLANE('',#4361);
#1118=PLANE('',#4362);
#1119=PLANE('',#4363);
#1120=PLANE('',#4364);
#1121=PLANE('',#4365);
#1122=PLANE('',#4366);
#1123=PLANE('',#4368);
#1124=PLANE('',#4373);
#1125=CLOSED_SHELL('',(#3827,#3828,#3829,#3830,#3831,#3832,#3833,#3834,
#3835,#3836,#3837,#3838,#3839,#3840,#3841,#3842,#3843,#3844,#3845,#3846,
#3847,#3848,#3849,#3850,#3851,#3852,#3853,#3854,#3855,#3856,#3857,#3858,
#3859,#3860,#3861,#3862,#3863,#3864,#3865,#3866,#3867,#3868,#3869,#3870,
#3871,#3872,#3873,#3874,#3875,#3876,#3877,#3878,#3879,#3880,#3881,#3882,
#3883,#3884,#3885,#3886,#3887,#3888,#3889,#3890,#3891,#3892,#3893,#3894,
#3895,#3896,#3897,#3898,#3899,#3900,#3901,#3902,#3903,#3904,#3905,#3906,
#3907,#3908,#3909,#3910,#3911,#3912,#3913,#3914,#3915,#3916,#3917,#3918,
#3919,#3920,#3921,#3922,#3923,#3924,#3925,#3926,#3927,#3928,#3929,#3930,
#3931,#3932,#3933,#3934,#3935,#3936,#3937,#3938,#3939,#3940,#3941,#3942,
#3943,#3944,#3945,#3946,#3947,#3948,#3949,#3950,#3951,#3952,#3953,#3954,
#3955,#3956,#3957,#3958,#3959,#3960,#3961,#3962,#3963,#3964,#3965,#3966,
#3967,#3968,#3969,#3970,#3971,#3972,#3973,#3974,#3975,#3976,#3977,#3978,
#3979,#3980,#3981,#3982,#3983,#3984,#3985,#3986,#3987,#3988,#3989,#3990,
#3991,#3992,#3993,#3994,#3995,#3996,#3997,#3998,#3999,#4000,#4001,#4002,
#4003,#4004,#4005,#4006,#4007,#4008,#4009,#4010,#4011,#4012,#4013,#4014,
#4015,#4016,#4017,#4018,#4019,#4020,#4021,#4022,#4023,#4024,#4025,#4026,
#4027,#4028,#4029,#4030,#4031,#4032,#4033,#4034));
#1126=CLOSED_SHELL('',(#4035,#4036,#4037,#4038,#4039,#4040,#4041,#4042,
#4043,#4044));
#1127=MANIFOLD_SOLID_BREP('Part 1',#1125);
#1128=MANIFOLD_SOLID_BREP('Part 2',#1126);
#1129=SHAPE_REPRESENTATION_RELATIONSHIP('','',#4074,#1132);
#1130=SHAPE_REPRESENTATION_RELATIONSHIP('','',#4075,#10);
#1131=SHAPE_REPRESENTATION_RELATIONSHIP('','',#4076,#11);
#1132=MANIFOLD_SURFACE_SHAPE_REPRESENTATION('',(#4070),#6664);
#1133=ORIENTED_EDGE('',*,*,#2247,.T.);
#1134=ORIENTED_EDGE('',*,*,#2248,.F.);
#1135=ORIENTED_EDGE('',*,*,#2249,.F.);
#1136=ORIENTED_EDGE('',*,*,#2250,.T.);
#1137=ORIENTED_EDGE('',*,*,#2251,.T.);
#1138=ORIENTED_EDGE('',*,*,#2252,.F.);
#1139=ORIENTED_EDGE('',*,*,#2253,.T.);
#1140=ORIENTED_EDGE('',*,*,#2254,.T.);
#1141=ORIENTED_EDGE('',*,*,#2255,.T.);
#1142=ORIENTED_EDGE('',*,*,#2256,.T.);
#1143=ORIENTED_EDGE('',*,*,#2257,.T.);
#1144=ORIENTED_EDGE('',*,*,#2258,.T.);
#1145=ORIENTED_EDGE('',*,*,#2259,.T.);
#1146=ORIENTED_EDGE('',*,*,#2260,.T.);
#1147=ORIENTED_EDGE('',*,*,#2261,.F.);
#1148=ORIENTED_EDGE('',*,*,#2262,.T.);
#1149=ORIENTED_EDGE('',*,*,#2263,.T.);
#1150=ORIENTED_EDGE('',*,*,#2264,.T.);
#1151=ORIENTED_EDGE('',*,*,#2265,.T.);
#1152=ORIENTED_EDGE('',*,*,#2266,.F.);
#1153=ORIENTED_EDGE('',*,*,#2267,.F.);
#1154=ORIENTED_EDGE('',*,*,#2268,.F.);
#1155=ORIENTED_EDGE('',*,*,#2269,.F.);
#1156=ORIENTED_EDGE('',*,*,#2270,.F.);
#1157=ORIENTED_EDGE('',*,*,#2271,.T.);
#1158=ORIENTED_EDGE('',*,*,#2272,.F.);
#1159=ORIENTED_EDGE('',*,*,#2273,.T.);
#1160=ORIENTED_EDGE('',*,*,#2274,.T.);
#1161=ORIENTED_EDGE('',*,*,#2275,.F.);
#1162=ORIENTED_EDGE('',*,*,#2276,.T.);
#1163=ORIENTED_EDGE('',*,*,#2277,.T.);
#1164=ORIENTED_EDGE('',*,*,#2278,.T.);
#1165=ORIENTED_EDGE('',*,*,#2279,.T.);
#1166=ORIENTED_EDGE('',*,*,#2280,.T.);
#1167=ORIENTED_EDGE('',*,*,#2281,.T.);
#1168=ORIENTED_EDGE('',*,*,#2282,.T.);
#1169=ORIENTED_EDGE('',*,*,#2283,.T.);
#1170=ORIENTED_EDGE('',*,*,#2284,.T.);
#1171=ORIENTED_EDGE('',*,*,#2285,.T.);
#1172=ORIENTED_EDGE('',*,*,#2286,.T.);
#1173=ORIENTED_EDGE('',*,*,#2287,.T.);
#1174=ORIENTED_EDGE('',*,*,#2288,.T.);
#1175=ORIENTED_EDGE('',*,*,#2289,.T.);
#1176=ORIENTED_EDGE('',*,*,#2290,.T.);
#1177=ORIENTED_EDGE('',*,*,#2291,.F.);
#1178=ORIENTED_EDGE('',*,*,#2292,.F.);
#1179=ORIENTED_EDGE('',*,*,#2293,.F.);
#1180=ORIENTED_EDGE('',*,*,#2294,.T.);
#1181=ORIENTED_EDGE('',*,*,#2295,.F.);
#1182=ORIENTED_EDGE('',*,*,#2296,.T.);
#1183=ORIENTED_EDGE('',*,*,#2297,.T.);
#1184=ORIENTED_EDGE('',*,*,#2298,.F.);
#1185=ORIENTED_EDGE('',*,*,#2299,.F.);
#1186=ORIENTED_EDGE('',*,*,#2300,.T.);
#1187=ORIENTED_EDGE('',*,*,#2301,.T.);
#1188=ORIENTED_EDGE('',*,*,#2302,.F.);
#1189=ORIENTED_EDGE('',*,*,#2303,.F.);
#1190=ORIENTED_EDGE('',*,*,#2304,.F.);
#1191=ORIENTED_EDGE('',*,*,#2305,.F.);
#1192=ORIENTED_EDGE('',*,*,#2306,.F.);
#1193=ORIENTED_EDGE('',*,*,#2307,.F.);
#1194=ORIENTED_EDGE('',*,*,#2308,.F.);
#1195=ORIENTED_EDGE('',*,*,#2309,.F.);
#1196=ORIENTED_EDGE('',*,*,#2310,.F.);
#1197=ORIENTED_EDGE('',*,*,#2311,.F.);
#1198=ORIENTED_EDGE('',*,*,#2312,.F.);
#1199=ORIENTED_EDGE('',*,*,#2313,.F.);
#1200=ORIENTED_EDGE('',*,*,#2314,.F.);
#1201=ORIENTED_EDGE('',*,*,#2315,.F.);
#1202=ORIENTED_EDGE('',*,*,#2316,.T.);
#1203=ORIENTED_EDGE('',*,*,#2317,.T.);
#1204=ORIENTED_EDGE('',*,*,#2318,.T.);
#1205=ORIENTED_EDGE('',*,*,#2319,.T.);
#1206=ORIENTED_EDGE('',*,*,#2320,.T.);
#1207=ORIENTED_EDGE('',*,*,#2321,.T.);
#1208=ORIENTED_EDGE('',*,*,#2322,.T.);
#1209=ORIENTED_EDGE('',*,*,#2323,.T.);
#1210=ORIENTED_EDGE('',*,*,#2324,.F.);
#1211=ORIENTED_EDGE('',*,*,#2325,.F.);
#1212=ORIENTED_EDGE('',*,*,#2326,.F.);
#1213=ORIENTED_EDGE('',*,*,#2327,.F.);
#1214=ORIENTED_EDGE('',*,*,#2328,.F.);
#1215=ORIENTED_EDGE('',*,*,#2329,.T.);
#1216=ORIENTED_EDGE('',*,*,#2330,.T.);
#1217=ORIENTED_EDGE('',*,*,#2331,.T.);
#1218=ORIENTED_EDGE('',*,*,#2332,.T.);
#1219=ORIENTED_EDGE('',*,*,#2333,.F.);
#1220=ORIENTED_EDGE('',*,*,#2334,.T.);
#1221=ORIENTED_EDGE('',*,*,#2335,.T.);
#1222=ORIENTED_EDGE('',*,*,#2336,.F.);
#1223=ORIENTED_EDGE('',*,*,#2337,.F.);
#1224=ORIENTED_EDGE('',*,*,#2338,.F.);
#1225=ORIENTED_EDGE('',*,*,#2339,.F.);
#1226=ORIENTED_EDGE('',*,*,#2340,.T.);
#1227=ORIENTED_EDGE('',*,*,#2341,.F.);
#1228=ORIENTED_EDGE('',*,*,#2342,.T.);
#1229=ORIENTED_EDGE('',*,*,#2343,.T.);
#1230=ORIENTED_EDGE('',*,*,#2344,.T.);
#1231=ORIENTED_EDGE('',*,*,#2345,.F.);
#1232=ORIENTED_EDGE('',*,*,#2346,.F.);
#1233=ORIENTED_EDGE('',*,*,#2347,.F.);
#1234=ORIENTED_EDGE('',*,*,#2348,.F.);
#1235=ORIENTED_EDGE('',*,*,#2349,.T.);
#1236=ORIENTED_EDGE('',*,*,#2350,.T.);
#1237=ORIENTED_EDGE('',*,*,#2351,.F.);
#1238=ORIENTED_EDGE('',*,*,#2352,.T.);
#1239=ORIENTED_EDGE('',*,*,#2353,.T.);
#1240=ORIENTED_EDGE('',*,*,#2354,.T.);
#1241=ORIENTED_EDGE('',*,*,#2354,.F.);
#1242=ORIENTED_EDGE('',*,*,#2355,.T.);
#1243=ORIENTED_EDGE('',*,*,#2356,.F.);
#1244=ORIENTED_EDGE('',*,*,#2357,.F.);
#1245=ORIENTED_EDGE('',*,*,#2358,.T.);
#1246=ORIENTED_EDGE('',*,*,#2359,.T.);
#1247=ORIENTED_EDGE('',*,*,#2360,.F.);
#1248=ORIENTED_EDGE('',*,*,#2361,.T.);
#1249=ORIENTED_EDGE('',*,*,#2275,.T.);
#1250=ORIENTED_EDGE('',*,*,#2362,.T.);
#1251=ORIENTED_EDGE('',*,*,#2363,.F.);
#1252=ORIENTED_EDGE('',*,*,#2364,.F.);
#1253=ORIENTED_EDGE('',*,*,#2365,.T.);
#1254=ORIENTED_EDGE('',*,*,#2366,.F.);
#1255=ORIENTED_EDGE('',*,*,#2367,.F.);
#1256=ORIENTED_EDGE('',*,*,#2272,.T.);
#1257=ORIENTED_EDGE('',*,*,#2368,.T.);
#1258=ORIENTED_EDGE('',*,*,#2369,.F.);
#1259=ORIENTED_EDGE('',*,*,#2370,.F.);
#1260=ORIENTED_EDGE('',*,*,#2371,.F.);
#1261=ORIENTED_EDGE('',*,*,#2372,.T.);
#1262=ORIENTED_EDGE('',*,*,#2373,.F.);
#1263=ORIENTED_EDGE('',*,*,#2374,.T.);
#1264=ORIENTED_EDGE('',*,*,#2375,.F.);
#1265=ORIENTED_EDGE('',*,*,#2376,.T.);
#1266=ORIENTED_EDGE('',*,*,#2377,.T.);
#1267=ORIENTED_EDGE('',*,*,#2378,.F.);
#1268=ORIENTED_EDGE('',*,*,#2379,.T.);
#1269=ORIENTED_EDGE('',*,*,#2380,.T.);
#1270=ORIENTED_EDGE('',*,*,#2381,.F.);
#1271=ORIENTED_EDGE('',*,*,#2382,.F.);
#1272=ORIENTED_EDGE('',*,*,#2383,.T.);
#1273=ORIENTED_EDGE('',*,*,#2384,.F.);
#1274=ORIENTED_EDGE('',*,*,#2370,.T.);
#1275=ORIENTED_EDGE('',*,*,#2385,.T.);
#1276=ORIENTED_EDGE('',*,*,#2386,.T.);
#1277=ORIENTED_EDGE('',*,*,#2387,.F.);
#1278=ORIENTED_EDGE('',*,*,#2388,.F.);
#1279=ORIENTED_EDGE('',*,*,#2389,.F.);
#1280=ORIENTED_EDGE('',*,*,#2390,.F.);
#1281=ORIENTED_EDGE('',*,*,#2391,.T.);
#1282=ORIENTED_EDGE('',*,*,#2392,.T.);
#1283=ORIENTED_EDGE('',*,*,#2393,.F.);
#1284=ORIENTED_EDGE('',*,*,#2394,.F.);
#1285=ORIENTED_EDGE('',*,*,#2395,.T.);
#1286=ORIENTED_EDGE('',*,*,#2350,.F.);
#1287=ORIENTED_EDGE('',*,*,#2396,.F.);
#1288=ORIENTED_EDGE('',*,*,#2381,.T.);
#1289=ORIENTED_EDGE('',*,*,#2397,.T.);
#1290=ORIENTED_EDGE('',*,*,#2252,.T.);
#1291=ORIENTED_EDGE('',*,*,#2398,.F.);
#1292=ORIENTED_EDGE('',*,*,#2344,.F.);
#1293=ORIENTED_EDGE('',*,*,#2399,.T.);
#1294=ORIENTED_EDGE('',*,*,#2400,.T.);
#1295=ORIENTED_EDGE('',*,*,#2401,.F.);
#1296=ORIENTED_EDGE('',*,*,#2402,.F.);
#1297=ORIENTED_EDGE('',*,*,#2403,.T.);
#1298=ORIENTED_EDGE('',*,*,#2404,.T.);
#1299=ORIENTED_EDGE('',*,*,#2405,.F.);
#1300=ORIENTED_EDGE('',*,*,#2406,.F.);
#1301=ORIENTED_EDGE('',*,*,#2407,.F.);
#1302=ORIENTED_EDGE('',*,*,#2408,.T.);
#1303=ORIENTED_EDGE('',*,*,#2409,.T.);
#1304=ORIENTED_EDGE('',*,*,#2410,.F.);
#1305=ORIENTED_EDGE('',*,*,#2411,.F.);
#1306=ORIENTED_EDGE('',*,*,#2412,.T.);
#1307=ORIENTED_EDGE('',*,*,#2413,.F.);
#1308=ORIENTED_EDGE('',*,*,#2414,.F.);
#1309=ORIENTED_EDGE('',*,*,#2392,.F.);
#1310=ORIENTED_EDGE('',*,*,#2415,.T.);
#1311=ORIENTED_EDGE('',*,*,#2416,.T.);
#1312=ORIENTED_EDGE('',*,*,#2417,.F.);
#1313=ORIENTED_EDGE('',*,*,#2408,.F.);
#1314=ORIENTED_EDGE('',*,*,#2418,.F.);
#1315=ORIENTED_EDGE('',*,*,#2419,.T.);
#1316=ORIENTED_EDGE('',*,*,#2420,.T.);
#1317=ORIENTED_EDGE('',*,*,#2418,.T.);
#1318=ORIENTED_EDGE('',*,*,#2407,.T.);
#1319=ORIENTED_EDGE('',*,*,#2421,.F.);
#1320=ORIENTED_EDGE('',*,*,#2422,.F.);
#1321=ORIENTED_EDGE('',*,*,#2421,.T.);
#1322=ORIENTED_EDGE('',*,*,#2410,.T.);
#1323=ORIENTED_EDGE('',*,*,#2423,.F.);
#1324=ORIENTED_EDGE('',*,*,#2424,.F.);
#1325=ORIENTED_EDGE('',*,*,#2409,.F.);
#1326=ORIENTED_EDGE('',*,*,#2420,.F.);
#1327=ORIENTED_EDGE('',*,*,#2425,.T.);
#1328=ORIENTED_EDGE('',*,*,#2423,.T.);
#1329=ORIENTED_EDGE('',*,*,#2419,.F.);
#1330=ORIENTED_EDGE('',*,*,#2422,.T.);
#1331=ORIENTED_EDGE('',*,*,#2424,.T.);
#1332=ORIENTED_EDGE('',*,*,#2425,.F.);
#1333=ORIENTED_EDGE('',*,*,#2415,.F.);
#1334=ORIENTED_EDGE('',*,*,#2391,.F.);
#1335=ORIENTED_EDGE('',*,*,#2426,.T.);
#1336=ORIENTED_EDGE('',*,*,#2427,.T.);
#1337=ORIENTED_EDGE('',*,*,#2428,.F.);
#1338=ORIENTED_EDGE('',*,*,#2429,.T.);
#1339=ORIENTED_EDGE('',*,*,#2411,.T.);
#1340=ORIENTED_EDGE('',*,*,#2430,.F.);
#1341=ORIENTED_EDGE('',*,*,#2430,.T.);
#1342=ORIENTED_EDGE('',*,*,#2417,.T.);
#1343=ORIENTED_EDGE('',*,*,#2431,.F.);
#1344=ORIENTED_EDGE('',*,*,#2432,.F.);
#1345=ORIENTED_EDGE('',*,*,#2416,.F.);
#1346=ORIENTED_EDGE('',*,*,#2427,.F.);
#1347=ORIENTED_EDGE('',*,*,#2433,.T.);
#1348=ORIENTED_EDGE('',*,*,#2431,.T.);
#1349=ORIENTED_EDGE('',*,*,#2426,.F.);
#1350=ORIENTED_EDGE('',*,*,#2390,.T.);
#1351=ORIENTED_EDGE('',*,*,#2434,.T.);
#1352=ORIENTED_EDGE('',*,*,#2428,.T.);
#1353=ORIENTED_EDGE('',*,*,#2432,.T.);
#1354=ORIENTED_EDGE('',*,*,#2433,.F.);
#1355=ORIENTED_EDGE('',*,*,#2435,.F.);
#1356=ORIENTED_EDGE('',*,*,#2436,.F.);
#1357=ORIENTED_EDGE('',*,*,#2437,.T.);
#1358=ORIENTED_EDGE('',*,*,#2438,.T.);
#1359=ORIENTED_EDGE('',*,*,#2439,.T.);
#1360=ORIENTED_EDGE('',*,*,#2440,.F.);
#1361=ORIENTED_EDGE('',*,*,#2441,.F.);
#1362=ORIENTED_EDGE('',*,*,#2436,.T.);
#1363=ORIENTED_EDGE('',*,*,#2442,.T.);
#1364=ORIENTED_EDGE('',*,*,#2443,.F.);
#1365=ORIENTED_EDGE('',*,*,#2444,.F.);
#1366=ORIENTED_EDGE('',*,*,#2440,.T.);
#1367=ORIENTED_EDGE('',*,*,#2403,.F.);
#1368=ORIENTED_EDGE('',*,*,#2445,.F.);
#1369=ORIENTED_EDGE('',*,*,#2446,.T.);
#1370=ORIENTED_EDGE('',*,*,#2447,.T.);
#1371=ORIENTED_EDGE('',*,*,#2406,.T.);
#1372=ORIENTED_EDGE('',*,*,#2448,.F.);
#1373=ORIENTED_EDGE('',*,*,#2449,.F.);
#1374=ORIENTED_EDGE('',*,*,#2445,.T.);
#1375=ORIENTED_EDGE('',*,*,#2405,.T.);
#1376=ORIENTED_EDGE('',*,*,#2450,.F.);
#1377=ORIENTED_EDGE('',*,*,#2451,.F.);
#1378=ORIENTED_EDGE('',*,*,#2448,.T.);
#1379=ORIENTED_EDGE('',*,*,#2404,.F.);
#1380=ORIENTED_EDGE('',*,*,#2447,.F.);
#1381=ORIENTED_EDGE('',*,*,#2452,.T.);
#1382=ORIENTED_EDGE('',*,*,#2450,.T.);
#1383=ORIENTED_EDGE('',*,*,#2453,.F.);
#1384=ORIENTED_EDGE('',*,*,#2438,.F.);
#1385=ORIENTED_EDGE('',*,*,#2454,.T.);
#1386=ORIENTED_EDGE('',*,*,#2443,.T.);
#1387=ORIENTED_EDGE('',*,*,#2446,.F.);
#1388=ORIENTED_EDGE('',*,*,#2449,.T.);
#1389=ORIENTED_EDGE('',*,*,#2451,.T.);
#1390=ORIENTED_EDGE('',*,*,#2452,.F.);
#1391=ORIENTED_EDGE('',*,*,#2437,.F.);
#1392=ORIENTED_EDGE('',*,*,#2441,.T.);
#1393=ORIENTED_EDGE('',*,*,#2444,.T.);
#1394=ORIENTED_EDGE('',*,*,#2454,.F.);
#1395=ORIENTED_EDGE('',*,*,#2455,.F.);
#1396=ORIENTED_EDGE('',*,*,#2456,.F.);
#1397=ORIENTED_EDGE('',*,*,#2457,.F.);
#1398=ORIENTED_EDGE('',*,*,#2458,.F.);
#1399=ORIENTED_EDGE('',*,*,#2435,.T.);
#1400=ORIENTED_EDGE('',*,*,#2453,.T.);
#1401=ORIENTED_EDGE('',*,*,#2442,.F.);
#1402=ORIENTED_EDGE('',*,*,#2439,.F.);
#1403=ORIENTED_EDGE('',*,*,#2459,.F.);
#1404=ORIENTED_EDGE('',*,*,#2460,.T.);
#1405=ORIENTED_EDGE('',*,*,#2461,.F.);
#1406=ORIENTED_EDGE('',*,*,#2382,.T.);
#1407=ORIENTED_EDGE('',*,*,#2396,.T.);
#1408=ORIENTED_EDGE('',*,*,#2349,.F.);
#1409=ORIENTED_EDGE('',*,*,#2462,.F.);
#1410=ORIENTED_EDGE('',*,*,#2463,.T.);
#1411=ORIENTED_EDGE('',*,*,#2347,.T.);
#1412=ORIENTED_EDGE('',*,*,#2464,.T.);
#1413=ORIENTED_EDGE('',*,*,#2249,.T.);
#1414=ORIENTED_EDGE('',*,*,#2397,.F.);
#1415=ORIENTED_EDGE('',*,*,#2380,.F.);
#1416=ORIENTED_EDGE('',*,*,#2465,.T.);
#1417=ORIENTED_EDGE('',*,*,#2466,.F.);
#1418=ORIENTED_EDGE('',*,*,#2467,.T.);
#1419=ORIENTED_EDGE('',*,*,#2468,.F.);
#1420=ORIENTED_EDGE('',*,*,#2469,.T.);
#1421=ORIENTED_EDGE('',*,*,#2253,.F.);
#1422=ORIENTED_EDGE('',*,*,#2470,.T.);
#1423=ORIENTED_EDGE('',*,*,#2471,.F.);
#1424=ORIENTED_EDGE('',*,*,#2472,.T.);
#1425=ORIENTED_EDGE('',*,*,#2473,.F.);
#1426=ORIENTED_EDGE('',*,*,#2459,.T.);
#1427=ORIENTED_EDGE('',*,*,#2348,.T.);
#1428=ORIENTED_EDGE('',*,*,#2463,.F.);
#1429=ORIENTED_EDGE('',*,*,#2474,.T.);
#1430=ORIENTED_EDGE('',*,*,#2475,.T.);
#1431=ORIENTED_EDGE('',*,*,#2476,.T.);
#1432=ORIENTED_EDGE('',*,*,#2477,.T.);
#1433=ORIENTED_EDGE('',*,*,#2478,.F.);
#1434=ORIENTED_EDGE('',*,*,#2363,.T.);
#1435=ORIENTED_EDGE('',*,*,#2479,.T.);
#1436=ORIENTED_EDGE('',*,*,#2480,.T.);
#1437=ORIENTED_EDGE('',*,*,#2481,.T.);
#1438=ORIENTED_EDGE('',*,*,#2482,.T.);
#1439=ORIENTED_EDGE('',*,*,#2483,.T.);
#1440=ORIENTED_EDGE('',*,*,#2484,.T.);
#1441=ORIENTED_EDGE('',*,*,#2485,.T.);
#1442=ORIENTED_EDGE('',*,*,#2486,.T.);
#1443=ORIENTED_EDGE('',*,*,#2487,.T.);
#1444=ORIENTED_EDGE('',*,*,#2488,.T.);
#1445=ORIENTED_EDGE('',*,*,#2489,.T.);
#1446=ORIENTED_EDGE('',*,*,#2490,.T.);
#1447=ORIENTED_EDGE('',*,*,#2434,.F.);
#1448=ORIENTED_EDGE('',*,*,#2491,.F.);
#1449=ORIENTED_EDGE('',*,*,#2492,.T.);
#1450=ORIENTED_EDGE('',*,*,#2493,.T.);
#1451=ORIENTED_EDGE('',*,*,#2494,.F.);
#1452=ORIENTED_EDGE('',*,*,#2414,.T.);
#1453=ORIENTED_EDGE('',*,*,#2495,.F.);
#1454=ORIENTED_EDGE('',*,*,#2496,.F.);
#1455=ORIENTED_EDGE('',*,*,#2491,.T.);
#1456=ORIENTED_EDGE('',*,*,#2389,.T.);
#1457=ORIENTED_EDGE('',*,*,#2413,.T.);
#1458=ORIENTED_EDGE('',*,*,#2497,.F.);
#1459=ORIENTED_EDGE('',*,*,#2498,.F.);
#1460=ORIENTED_EDGE('',*,*,#2495,.T.);
#1461=ORIENTED_EDGE('',*,*,#2412,.F.);
#1462=ORIENTED_EDGE('',*,*,#2429,.F.);
#1463=ORIENTED_EDGE('',*,*,#2493,.F.);
#1464=ORIENTED_EDGE('',*,*,#2499,.T.);
#1465=ORIENTED_EDGE('',*,*,#2497,.T.);
#1466=ORIENTED_EDGE('',*,*,#2492,.F.);
#1467=ORIENTED_EDGE('',*,*,#2496,.T.);
#1468=ORIENTED_EDGE('',*,*,#2498,.T.);
#1469=ORIENTED_EDGE('',*,*,#2499,.F.);
#1470=ORIENTED_EDGE('',*,*,#2346,.T.);
#1471=ORIENTED_EDGE('',*,*,#2500,.T.);
#1472=ORIENTED_EDGE('',*,*,#2250,.F.);
#1473=ORIENTED_EDGE('',*,*,#2464,.F.);
#1474=ORIENTED_EDGE('',*,*,#2345,.T.);
#1475=ORIENTED_EDGE('',*,*,#2398,.T.);
#1476=ORIENTED_EDGE('',*,*,#2251,.F.);
#1477=ORIENTED_EDGE('',*,*,#2500,.F.);
#1478=ORIENTED_EDGE('',*,*,#2501,.F.);
#1479=ORIENTED_EDGE('',*,*,#2494,.T.);
#1480=ORIENTED_EDGE('',*,*,#2501,.T.);
#1481=ORIENTED_EDGE('',*,*,#2502,.T.);
#1482=ORIENTED_EDGE('',*,*,#2503,.T.);
#1483=ORIENTED_EDGE('',*,*,#2504,.F.);
#1484=ORIENTED_EDGE('',*,*,#2386,.F.);
#1485=ORIENTED_EDGE('',*,*,#2504,.T.);
#1486=ORIENTED_EDGE('',*,*,#2505,.T.);
#1487=ORIENTED_EDGE('',*,*,#2506,.F.);
#1488=ORIENTED_EDGE('',*,*,#2387,.T.);
#1489=ORIENTED_EDGE('',*,*,#2506,.T.);
#1490=ORIENTED_EDGE('',*,*,#2507,.T.);
#1491=ORIENTED_EDGE('',*,*,#2508,.F.);
#1492=ORIENTED_EDGE('',*,*,#2388,.T.);
#1493=ORIENTED_EDGE('',*,*,#2508,.T.);
#1494=ORIENTED_EDGE('',*,*,#2509,.T.);
#1495=ORIENTED_EDGE('',*,*,#2502,.F.);
#1496=ORIENTED_EDGE('',*,*,#2385,.F.);
#1497=ORIENTED_EDGE('',*,*,#2510,.F.);
#1498=ORIENTED_EDGE('',*,*,#2505,.F.);
#1499=ORIENTED_EDGE('',*,*,#2511,.F.);
#1500=ORIENTED_EDGE('',*,*,#2279,.F.);
#1501=ORIENTED_EDGE('',*,*,#2511,.T.);
#1502=ORIENTED_EDGE('',*,*,#2503,.F.);
#1503=ORIENTED_EDGE('',*,*,#2512,.F.);
#1504=ORIENTED_EDGE('',*,*,#2276,.F.);
#1505=ORIENTED_EDGE('',*,*,#2510,.T.);
#1506=ORIENTED_EDGE('',*,*,#2278,.F.);
#1507=ORIENTED_EDGE('',*,*,#2513,.F.);
#1508=ORIENTED_EDGE('',*,*,#2507,.F.);
#1509=ORIENTED_EDGE('',*,*,#2512,.T.);
#1510=ORIENTED_EDGE('',*,*,#2509,.F.);
#1511=ORIENTED_EDGE('',*,*,#2513,.T.);
#1512=ORIENTED_EDGE('',*,*,#2277,.F.);
#1513=ORIENTED_EDGE('',*,*,#2514,.F.);
#1514=ORIENTED_EDGE('',*,*,#2468,.T.);
#1515=ORIENTED_EDGE('',*,*,#2514,.T.);
#1516=ORIENTED_EDGE('',*,*,#2515,.F.);
#1517=ORIENTED_EDGE('',*,*,#2471,.T.);
#1518=ORIENTED_EDGE('',*,*,#2515,.T.);
#1519=ORIENTED_EDGE('',*,*,#2378,.T.);
#1520=ORIENTED_EDGE('',*,*,#2369,.T.);
#1521=ORIENTED_EDGE('',*,*,#2466,.T.);
#1522=ORIENTED_EDGE('',*,*,#2462,.T.);
#1523=ORIENTED_EDGE('',*,*,#2516,.F.);
#1524=ORIENTED_EDGE('',*,*,#2516,.T.);
#1525=ORIENTED_EDGE('',*,*,#2465,.F.);
#1526=ORIENTED_EDGE('',*,*,#2379,.F.);
#1527=ORIENTED_EDGE('',*,*,#2384,.T.);
#1528=ORIENTED_EDGE('',*,*,#2517,.F.);
#1529=ORIENTED_EDGE('',*,*,#2460,.F.);
#1530=ORIENTED_EDGE('',*,*,#2473,.T.);
#1531=ORIENTED_EDGE('',*,*,#2371,.T.);
#1532=ORIENTED_EDGE('',*,*,#2461,.T.);
#1533=ORIENTED_EDGE('',*,*,#2517,.T.);
#1534=ORIENTED_EDGE('',*,*,#2383,.F.);
#1535=ORIENTED_EDGE('',*,*,#2518,.T.);
#1536=ORIENTED_EDGE('',*,*,#2519,.T.);
#1537=ORIENTED_EDGE('',*,*,#2358,.F.);
#1538=ORIENTED_EDGE('',*,*,#2478,.T.);
#1539=ORIENTED_EDGE('',*,*,#2520,.T.);
#1540=ORIENTED_EDGE('',*,*,#2375,.T.);
#1541=ORIENTED_EDGE('',*,*,#2521,.T.);
#1542=ORIENTED_EDGE('',*,*,#2270,.T.);
#1543=ORIENTED_EDGE('',*,*,#2361,.F.);
#1544=ORIENTED_EDGE('',*,*,#2522,.T.);
#1545=ORIENTED_EDGE('',*,*,#2523,.T.);
#1546=ORIENTED_EDGE('',*,*,#2524,.F.);
#1547=ORIENTED_EDGE('',*,*,#2525,.T.);
#1548=ORIENTED_EDGE('',*,*,#2373,.T.);
#1549=ORIENTED_EDGE('',*,*,#2526,.T.);
#1550=ORIENTED_EDGE('',*,*,#2527,.T.);
#1551=ORIENTED_EDGE('',*,*,#2528,.T.);
#1552=ORIENTED_EDGE('',*,*,#2518,.F.);
#1553=ORIENTED_EDGE('',*,*,#2529,.T.);
#1554=ORIENTED_EDGE('',*,*,#2527,.F.);
#1555=ORIENTED_EDGE('',*,*,#2530,.T.);
#1556=ORIENTED_EDGE('',*,*,#2364,.T.);
#1557=ORIENTED_EDGE('',*,*,#2531,.T.);
#1558=ORIENTED_EDGE('',*,*,#2532,.T.);
#1559=ORIENTED_EDGE('',*,*,#2366,.T.);
#1560=ORIENTED_EDGE('',*,*,#2533,.T.);
#1561=ORIENTED_EDGE('',*,*,#2524,.T.);
#1562=ORIENTED_EDGE('',*,*,#2534,.F.);
#1563=ORIENTED_EDGE('',*,*,#2535,.T.);
#1564=ORIENTED_EDGE('',*,*,#2536,.F.);
#1565=ORIENTED_EDGE('',*,*,#2537,.F.);
#1566=ORIENTED_EDGE('',*,*,#2538,.T.);
#1567=ORIENTED_EDGE('',*,*,#2534,.T.);
#1568=ORIENTED_EDGE('',*,*,#2526,.F.);
#1569=ORIENTED_EDGE('',*,*,#2377,.F.);
#1570=ORIENTED_EDGE('',*,*,#2539,.F.);
#1571=ORIENTED_EDGE('',*,*,#2536,.T.);
#1572=ORIENTED_EDGE('',*,*,#2540,.T.);
#1573=ORIENTED_EDGE('',*,*,#2531,.F.);
#1574=ORIENTED_EDGE('',*,*,#2367,.T.);
#1575=ORIENTED_EDGE('',*,*,#2376,.F.);
#1576=ORIENTED_EDGE('',*,*,#2523,.F.);
#1577=ORIENTED_EDGE('',*,*,#2541,.T.);
#1578=ORIENTED_EDGE('',*,*,#2539,.T.);
#1579=ORIENTED_EDGE('',*,*,#2360,.T.);
#1580=ORIENTED_EDGE('',*,*,#2542,.T.);
#1581=ORIENTED_EDGE('',*,*,#2537,.T.);
#1582=ORIENTED_EDGE('',*,*,#2541,.F.);
#1583=ORIENTED_EDGE('',*,*,#2522,.F.);
#1584=ORIENTED_EDGE('',*,*,#2329,.F.);
#1585=ORIENTED_EDGE('',*,*,#2543,.T.);
#1586=ORIENTED_EDGE('',*,*,#2273,.F.);
#1587=ORIENTED_EDGE('',*,*,#2544,.F.);
#1588=ORIENTED_EDGE('',*,*,#2472,.F.);
#1589=ORIENTED_EDGE('',*,*,#2470,.F.);
#1590=ORIENTED_EDGE('',*,*,#2545,.F.);
#1591=ORIENTED_EDGE('',*,*,#2330,.F.);
#1592=ORIENTED_EDGE('',*,*,#2544,.T.);
#1593=ORIENTED_EDGE('',*,*,#2372,.F.);
#1594=ORIENTED_EDGE('',*,*,#2480,.F.);
#1595=ORIENTED_EDGE('',*,*,#2546,.T.);
#1596=ORIENTED_EDGE('',*,*,#2332,.F.);
#1597=ORIENTED_EDGE('',*,*,#2547,.T.);
#1598=ORIENTED_EDGE('',*,*,#2256,.F.);
#1599=ORIENTED_EDGE('',*,*,#2548,.T.);
#1600=ORIENTED_EDGE('',*,*,#2331,.F.);
#1601=ORIENTED_EDGE('',*,*,#2545,.T.);
#1602=ORIENTED_EDGE('',*,*,#2547,.F.);
#1603=ORIENTED_EDGE('',*,*,#2548,.F.);
#1604=ORIENTED_EDGE('',*,*,#2549,.F.);
#1605=ORIENTED_EDGE('',*,*,#2549,.T.);
#1606=ORIENTED_EDGE('',*,*,#2255,.F.);
#1607=ORIENTED_EDGE('',*,*,#2550,.F.);
#1608=ORIENTED_EDGE('',*,*,#2481,.F.);
#1609=ORIENTED_EDGE('',*,*,#2551,.F.);
#1610=ORIENTED_EDGE('',*,*,#2490,.F.);
#1611=ORIENTED_EDGE('',*,*,#2552,.F.);
#1612=ORIENTED_EDGE('',*,*,#2482,.F.);
#1613=ORIENTED_EDGE('',*,*,#2552,.T.);
#1614=ORIENTED_EDGE('',*,*,#2489,.F.);
#1615=ORIENTED_EDGE('',*,*,#2553,.F.);
#1616=ORIENTED_EDGE('',*,*,#2520,.F.);
#1617=ORIENTED_EDGE('',*,*,#2551,.T.);
#1618=ORIENTED_EDGE('',*,*,#2550,.T.);
#1619=ORIENTED_EDGE('',*,*,#2554,.F.);
#1620=ORIENTED_EDGE('',*,*,#2553,.T.);
#1621=ORIENTED_EDGE('',*,*,#2488,.F.);
#1622=ORIENTED_EDGE('',*,*,#2555,.F.);
#1623=ORIENTED_EDGE('',*,*,#2529,.F.);
#1624=ORIENTED_EDGE('',*,*,#2554,.T.);
#1625=ORIENTED_EDGE('',*,*,#2254,.F.);
#1626=ORIENTED_EDGE('',*,*,#2556,.F.);
#1627=ORIENTED_EDGE('',*,*,#2483,.F.);
#1628=ORIENTED_EDGE('',*,*,#2555,.T.);
#1629=ORIENTED_EDGE('',*,*,#2487,.F.);
#1630=ORIENTED_EDGE('',*,*,#2557,.F.);
#1631=ORIENTED_EDGE('',*,*,#2530,.F.);
#1632=ORIENTED_EDGE('',*,*,#2467,.F.);
#1633=ORIENTED_EDGE('',*,*,#2368,.F.);
#1634=ORIENTED_EDGE('',*,*,#2558,.F.);
#1635=ORIENTED_EDGE('',*,*,#2484,.F.);
#1636=ORIENTED_EDGE('',*,*,#2556,.T.);
#1637=ORIENTED_EDGE('',*,*,#2469,.F.);
#1638=ORIENTED_EDGE('',*,*,#2557,.T.);
#1639=ORIENTED_EDGE('',*,*,#2486,.F.);
#1640=ORIENTED_EDGE('',*,*,#2559,.F.);
#1641=ORIENTED_EDGE('',*,*,#2521,.F.);
#1642=ORIENTED_EDGE('',*,*,#2374,.F.);
#1643=ORIENTED_EDGE('',*,*,#2525,.F.);
#1644=ORIENTED_EDGE('',*,*,#2533,.F.);
#1645=ORIENTED_EDGE('',*,*,#2365,.F.);
#1646=ORIENTED_EDGE('',*,*,#2558,.T.);
#1647=ORIENTED_EDGE('',*,*,#2271,.F.);
#1648=ORIENTED_EDGE('',*,*,#2559,.T.);
#1649=ORIENTED_EDGE('',*,*,#2485,.F.);
#1650=ORIENTED_EDGE('',*,*,#2542,.F.);
#1651=ORIENTED_EDGE('',*,*,#2359,.F.);
#1652=ORIENTED_EDGE('',*,*,#2519,.F.);
#1653=ORIENTED_EDGE('',*,*,#2528,.F.);
#1654=ORIENTED_EDGE('',*,*,#2532,.F.);
#1655=ORIENTED_EDGE('',*,*,#2540,.F.);
#1656=ORIENTED_EDGE('',*,*,#2535,.F.);
#1657=ORIENTED_EDGE('',*,*,#2538,.F.);
#1658=ORIENTED_EDGE('',*,*,#2362,.F.);
#1659=ORIENTED_EDGE('',*,*,#2274,.F.);
#1660=ORIENTED_EDGE('',*,*,#2560,.F.);
#1661=ORIENTED_EDGE('',*,*,#2479,.F.);
#1662=ORIENTED_EDGE('',*,*,#2560,.T.);
#1663=ORIENTED_EDGE('',*,*,#2543,.F.);
#1664=ORIENTED_EDGE('',*,*,#2546,.F.);
#1665=ORIENTED_EDGE('',*,*,#2399,.F.);
#1666=ORIENTED_EDGE('',*,*,#2561,.F.);
#1667=ORIENTED_EDGE('',*,*,#2562,.T.);
#1668=ORIENTED_EDGE('',*,*,#2563,.T.);
#1669=ORIENTED_EDGE('',*,*,#2402,.T.);
#1670=ORIENTED_EDGE('',*,*,#2564,.F.);
#1671=ORIENTED_EDGE('',*,*,#2565,.F.);
#1672=ORIENTED_EDGE('',*,*,#2561,.T.);
#1673=ORIENTED_EDGE('',*,*,#2401,.T.);
#1674=ORIENTED_EDGE('',*,*,#2566,.F.);
#1675=ORIENTED_EDGE('',*,*,#2567,.F.);
#1676=ORIENTED_EDGE('',*,*,#2564,.T.);
#1677=ORIENTED_EDGE('',*,*,#2568,.F.);
#1678=ORIENTED_EDGE('',*,*,#2569,.F.);
#1679=ORIENTED_EDGE('',*,*,#2570,.T.);
#1680=ORIENTED_EDGE('',*,*,#2571,.T.);
#1681=ORIENTED_EDGE('',*,*,#2572,.T.);
#1682=ORIENTED_EDGE('',*,*,#2573,.F.);
#1683=ORIENTED_EDGE('',*,*,#2574,.F.);
#1684=ORIENTED_EDGE('',*,*,#2569,.T.);
#1685=ORIENTED_EDGE('',*,*,#2575,.T.);
#1686=ORIENTED_EDGE('',*,*,#2576,.F.);
#1687=ORIENTED_EDGE('',*,*,#2577,.F.);
#1688=ORIENTED_EDGE('',*,*,#2573,.T.);
#1689=ORIENTED_EDGE('',*,*,#2578,.F.);
#1690=ORIENTED_EDGE('',*,*,#2571,.F.);
#1691=ORIENTED_EDGE('',*,*,#2579,.T.);
#1692=ORIENTED_EDGE('',*,*,#2576,.T.);
#1693=ORIENTED_EDGE('',*,*,#2400,.F.);
#1694=ORIENTED_EDGE('',*,*,#2563,.F.);
#1695=ORIENTED_EDGE('',*,*,#2580,.T.);
#1696=ORIENTED_EDGE('',*,*,#2566,.T.);
#1697=ORIENTED_EDGE('',*,*,#2570,.F.);
#1698=ORIENTED_EDGE('',*,*,#2574,.T.);
#1699=ORIENTED_EDGE('',*,*,#2577,.T.);
#1700=ORIENTED_EDGE('',*,*,#2579,.F.);
#1701=ORIENTED_EDGE('',*,*,#2562,.F.);
#1702=ORIENTED_EDGE('',*,*,#2565,.T.);
#1703=ORIENTED_EDGE('',*,*,#2567,.T.);
#1704=ORIENTED_EDGE('',*,*,#2580,.F.);
#1705=ORIENTED_EDGE('',*,*,#2568,.T.);
#1706=ORIENTED_EDGE('',*,*,#2578,.T.);
#1707=ORIENTED_EDGE('',*,*,#2575,.F.);
#1708=ORIENTED_EDGE('',*,*,#2572,.F.);
#1709=ORIENTED_EDGE('',*,*,#2357,.T.);
#1710=ORIENTED_EDGE('',*,*,#2581,.F.);
#1711=ORIENTED_EDGE('',*,*,#2582,.F.);
#1712=ORIENTED_EDGE('',*,*,#2341,.T.);
#1713=ORIENTED_EDGE('',*,*,#2356,.T.);
#1714=ORIENTED_EDGE('',*,*,#2583,.F.);
#1715=ORIENTED_EDGE('',*,*,#2584,.F.);
#1716=ORIENTED_EDGE('',*,*,#2581,.T.);
#1717=ORIENTED_EDGE('',*,*,#2355,.F.);
#1718=ORIENTED_EDGE('',*,*,#2353,.F.);
#1719=ORIENTED_EDGE('',*,*,#2585,.T.);
#1720=ORIENTED_EDGE('',*,*,#2583,.T.);
#1721=ORIENTED_EDGE('',*,*,#2395,.F.);
#1722=ORIENTED_EDGE('',*,*,#2586,.F.);
#1723=ORIENTED_EDGE('',*,*,#2587,.T.);
#1724=ORIENTED_EDGE('',*,*,#2351,.T.);
#1725=ORIENTED_EDGE('',*,*,#2394,.T.);
#1726=ORIENTED_EDGE('',*,*,#2588,.F.);
#1727=ORIENTED_EDGE('',*,*,#2589,.F.);
#1728=ORIENTED_EDGE('',*,*,#2586,.T.);
#1729=ORIENTED_EDGE('',*,*,#2393,.T.);
#1730=ORIENTED_EDGE('',*,*,#2343,.F.);
#1731=ORIENTED_EDGE('',*,*,#2590,.F.);
#1732=ORIENTED_EDGE('',*,*,#2588,.T.);
#1733=ORIENTED_EDGE('',*,*,#2342,.F.);
#1734=ORIENTED_EDGE('',*,*,#2582,.T.);
#1735=ORIENTED_EDGE('',*,*,#2584,.T.);
#1736=ORIENTED_EDGE('',*,*,#2585,.F.);
#1737=ORIENTED_EDGE('',*,*,#2352,.F.);
#1738=ORIENTED_EDGE('',*,*,#2587,.F.);
#1739=ORIENTED_EDGE('',*,*,#2589,.T.);
#1740=ORIENTED_EDGE('',*,*,#2590,.T.);
#1741=ORIENTED_EDGE('',*,*,#2591,.F.);
#1742=ORIENTED_EDGE('',*,*,#2592,.T.);
#1743=ORIENTED_EDGE('',*,*,#2593,.T.);
#1744=ORIENTED_EDGE('',*,*,#2338,.T.);
#1745=ORIENTED_EDGE('',*,*,#2594,.F.);
#1746=ORIENTED_EDGE('',*,*,#2595,.T.);
#1747=ORIENTED_EDGE('',*,*,#2591,.T.);
#1748=ORIENTED_EDGE('',*,*,#2337,.T.);
#1749=ORIENTED_EDGE('',*,*,#2596,.F.);
#1750=ORIENTED_EDGE('',*,*,#2597,.T.);
#1751=ORIENTED_EDGE('',*,*,#2594,.T.);
#1752=ORIENTED_EDGE('',*,*,#2340,.F.);
#1753=ORIENTED_EDGE('',*,*,#2593,.F.);
#1754=ORIENTED_EDGE('',*,*,#2598,.T.);
#1755=ORIENTED_EDGE('',*,*,#2596,.T.);
#1756=ORIENTED_EDGE('',*,*,#2339,.T.);
#1757=ORIENTED_EDGE('',*,*,#2599,.F.);
#1758=ORIENTED_EDGE('',*,*,#2260,.F.);
#1759=ORIENTED_EDGE('',*,*,#2600,.F.);
#1760=ORIENTED_EDGE('',*,*,#2598,.F.);
#1761=ORIENTED_EDGE('',*,*,#2600,.T.);
#1762=ORIENTED_EDGE('',*,*,#2259,.F.);
#1763=ORIENTED_EDGE('',*,*,#2601,.F.);
#1764=ORIENTED_EDGE('',*,*,#2597,.F.);
#1765=ORIENTED_EDGE('',*,*,#2599,.T.);
#1766=ORIENTED_EDGE('',*,*,#2592,.F.);
#1767=ORIENTED_EDGE('',*,*,#2602,.F.);
#1768=ORIENTED_EDGE('',*,*,#2257,.F.);
#1769=ORIENTED_EDGE('',*,*,#2601,.T.);
#1770=ORIENTED_EDGE('',*,*,#2258,.F.);
#1771=ORIENTED_EDGE('',*,*,#2602,.T.);
#1772=ORIENTED_EDGE('',*,*,#2595,.F.);
#1773=ORIENTED_EDGE('',*,*,#2458,.T.);
#1774=ORIENTED_EDGE('',*,*,#2477,.F.);
#1775=ORIENTED_EDGE('',*,*,#2457,.T.);
#1776=ORIENTED_EDGE('',*,*,#2476,.F.);
#1777=ORIENTED_EDGE('',*,*,#2456,.T.);
#1778=ORIENTED_EDGE('',*,*,#2475,.F.);
#1779=ORIENTED_EDGE('',*,*,#2455,.T.);
#1780=ORIENTED_EDGE('',*,*,#2474,.F.);
#1781=ORIENTED_EDGE('',*,*,#2334,.F.);
#1782=ORIENTED_EDGE('',*,*,#2603,.F.);
#1783=ORIENTED_EDGE('',*,*,#2604,.T.);
#1784=ORIENTED_EDGE('',*,*,#2605,.T.);
#1785=ORIENTED_EDGE('',*,*,#2333,.T.);
#1786=ORIENTED_EDGE('',*,*,#2606,.F.);
#1787=ORIENTED_EDGE('',*,*,#2607,.F.);
#1788=ORIENTED_EDGE('',*,*,#2603,.T.);
#1789=ORIENTED_EDGE('',*,*,#2336,.T.);
#1790=ORIENTED_EDGE('',*,*,#2608,.F.);
#1791=ORIENTED_EDGE('',*,*,#2609,.F.);
#1792=ORIENTED_EDGE('',*,*,#2606,.T.);
#1793=ORIENTED_EDGE('',*,*,#2296,.F.);
#1794=ORIENTED_EDGE('',*,*,#2610,.F.);
#1795=ORIENTED_EDGE('',*,*,#2611,.T.);
#1796=ORIENTED_EDGE('',*,*,#2612,.T.);
#1797=ORIENTED_EDGE('',*,*,#2295,.T.);
#1798=ORIENTED_EDGE('',*,*,#2613,.F.);
#1799=ORIENTED_EDGE('',*,*,#2614,.F.);
#1800=ORIENTED_EDGE('',*,*,#2610,.T.);
#1801=ORIENTED_EDGE('',*,*,#2298,.T.);
#1802=ORIENTED_EDGE('',*,*,#2615,.F.);
#1803=ORIENTED_EDGE('',*,*,#2616,.F.);
#1804=ORIENTED_EDGE('',*,*,#2613,.T.);
#1805=ORIENTED_EDGE('',*,*,#2297,.F.);
#1806=ORIENTED_EDGE('',*,*,#2612,.F.);
#1807=ORIENTED_EDGE('',*,*,#2617,.T.);
#1808=ORIENTED_EDGE('',*,*,#2615,.T.);
#1809=ORIENTED_EDGE('',*,*,#2335,.F.);
#1810=ORIENTED_EDGE('',*,*,#2605,.F.);
#1811=ORIENTED_EDGE('',*,*,#2618,.T.);
#1812=ORIENTED_EDGE('',*,*,#2608,.T.);
#1813=ORIENTED_EDGE('',*,*,#2611,.F.);
#1814=ORIENTED_EDGE('',*,*,#2614,.T.);
#1815=ORIENTED_EDGE('',*,*,#2616,.T.);
#1816=ORIENTED_EDGE('',*,*,#2617,.F.);
#1817=ORIENTED_EDGE('',*,*,#2604,.F.);
#1818=ORIENTED_EDGE('',*,*,#2607,.T.);
#1819=ORIENTED_EDGE('',*,*,#2609,.T.);
#1820=ORIENTED_EDGE('',*,*,#2618,.F.);
#1821=ORIENTED_EDGE('',*,*,#2300,.F.);
#1822=ORIENTED_EDGE('',*,*,#2619,.F.);
#1823=ORIENTED_EDGE('',*,*,#2620,.T.);
#1824=ORIENTED_EDGE('',*,*,#2621,.T.);
#1825=ORIENTED_EDGE('',*,*,#2299,.T.);
#1826=ORIENTED_EDGE('',*,*,#2622,.F.);
#1827=ORIENTED_EDGE('',*,*,#2623,.F.);
#1828=ORIENTED_EDGE('',*,*,#2619,.T.);
#1829=ORIENTED_EDGE('',*,*,#2302,.T.);
#1830=ORIENTED_EDGE('',*,*,#2624,.F.);
#1831=ORIENTED_EDGE('',*,*,#2625,.F.);
#1832=ORIENTED_EDGE('',*,*,#2622,.T.);
#1833=ORIENTED_EDGE('',*,*,#2301,.F.);
#1834=ORIENTED_EDGE('',*,*,#2621,.F.);
#1835=ORIENTED_EDGE('',*,*,#2626,.T.);
#1836=ORIENTED_EDGE('',*,*,#2624,.T.);
#1837=ORIENTED_EDGE('',*,*,#2620,.F.);
#1838=ORIENTED_EDGE('',*,*,#2623,.T.);
#1839=ORIENTED_EDGE('',*,*,#2625,.T.);
#1840=ORIENTED_EDGE('',*,*,#2626,.F.);
#1841=ORIENTED_EDGE('',*,*,#2280,.F.);
#1842=ORIENTED_EDGE('',*,*,#2627,.F.);
#1843=ORIENTED_EDGE('',*,*,#2628,.T.);
#1844=ORIENTED_EDGE('',*,*,#2629,.T.);
#1845=ORIENTED_EDGE('',*,*,#2294,.F.);
#1846=ORIENTED_EDGE('',*,*,#2630,.F.);
#1847=ORIENTED_EDGE('',*,*,#2631,.T.);
#1848=ORIENTED_EDGE('',*,*,#2627,.T.);
#1849=ORIENTED_EDGE('',*,*,#2293,.T.);
#1850=ORIENTED_EDGE('',*,*,#2632,.F.);
#1851=ORIENTED_EDGE('',*,*,#2633,.F.);
#1852=ORIENTED_EDGE('',*,*,#2630,.T.);
#1853=ORIENTED_EDGE('',*,*,#2292,.T.);
#1854=ORIENTED_EDGE('',*,*,#2634,.F.);
#1855=ORIENTED_EDGE('',*,*,#2635,.F.);
#1856=ORIENTED_EDGE('',*,*,#2632,.T.);
#1857=ORIENTED_EDGE('',*,*,#2291,.T.);
#1858=ORIENTED_EDGE('',*,*,#2636,.F.);
#1859=ORIENTED_EDGE('',*,*,#2637,.F.);
#1860=ORIENTED_EDGE('',*,*,#2634,.T.);
#1861=ORIENTED_EDGE('',*,*,#2290,.F.);
#1862=ORIENTED_EDGE('',*,*,#2638,.F.);
#1863=ORIENTED_EDGE('',*,*,#2639,.T.);
#1864=ORIENTED_EDGE('',*,*,#2636,.T.);
#1865=ORIENTED_EDGE('',*,*,#2289,.F.);
#1866=ORIENTED_EDGE('',*,*,#2640,.F.);
#1867=ORIENTED_EDGE('',*,*,#2641,.T.);
#1868=ORIENTED_EDGE('',*,*,#2638,.T.);
#1869=ORIENTED_EDGE('',*,*,#2288,.F.);
#1870=ORIENTED_EDGE('',*,*,#2642,.F.);
#1871=ORIENTED_EDGE('',*,*,#2643,.T.);
#1872=ORIENTED_EDGE('',*,*,#2640,.T.);
#1873=ORIENTED_EDGE('',*,*,#2287,.F.);
#1874=ORIENTED_EDGE('',*,*,#2644,.F.);
#1875=ORIENTED_EDGE('',*,*,#2645,.T.);
#1876=ORIENTED_EDGE('',*,*,#2642,.T.);
#1877=ORIENTED_EDGE('',*,*,#2286,.F.);
#1878=ORIENTED_EDGE('',*,*,#2646,.F.);
#1879=ORIENTED_EDGE('',*,*,#2647,.T.);
#1880=ORIENTED_EDGE('',*,*,#2644,.T.);
#1881=ORIENTED_EDGE('',*,*,#2285,.F.);
#1882=ORIENTED_EDGE('',*,*,#2648,.F.);
#1883=ORIENTED_EDGE('',*,*,#2649,.T.);
#1884=ORIENTED_EDGE('',*,*,#2646,.T.);
#1885=ORIENTED_EDGE('',*,*,#2284,.F.);
#1886=ORIENTED_EDGE('',*,*,#2650,.F.);
#1887=ORIENTED_EDGE('',*,*,#2651,.T.);
#1888=ORIENTED_EDGE('',*,*,#2648,.T.);
#1889=ORIENTED_EDGE('',*,*,#2283,.F.);
#1890=ORIENTED_EDGE('',*,*,#2652,.F.);
#1891=ORIENTED_EDGE('',*,*,#2653,.T.);
#1892=ORIENTED_EDGE('',*,*,#2650,.T.);
#1893=ORIENTED_EDGE('',*,*,#2282,.F.);
#1894=ORIENTED_EDGE('',*,*,#2654,.F.);
#1895=ORIENTED_EDGE('',*,*,#2655,.T.);
#1896=ORIENTED_EDGE('',*,*,#2652,.T.);
#1897=ORIENTED_EDGE('',*,*,#2281,.F.);
#1898=ORIENTED_EDGE('',*,*,#2629,.F.);
#1899=ORIENTED_EDGE('',*,*,#2656,.T.);
#1900=ORIENTED_EDGE('',*,*,#2654,.T.);
#1901=ORIENTED_EDGE('',*,*,#2657,.T.);
#1902=ORIENTED_EDGE('',*,*,#2658,.F.);
#1903=ORIENTED_EDGE('',*,*,#2628,.F.);
#1904=ORIENTED_EDGE('',*,*,#2631,.F.);
#1905=ORIENTED_EDGE('',*,*,#2633,.T.);
#1906=ORIENTED_EDGE('',*,*,#2635,.T.);
#1907=ORIENTED_EDGE('',*,*,#2637,.T.);
#1908=ORIENTED_EDGE('',*,*,#2639,.F.);
#1909=ORIENTED_EDGE('',*,*,#2641,.F.);
#1910=ORIENTED_EDGE('',*,*,#2643,.F.);
#1911=ORIENTED_EDGE('',*,*,#2645,.F.);
#1912=ORIENTED_EDGE('',*,*,#2647,.F.);
#1913=ORIENTED_EDGE('',*,*,#2649,.F.);
#1914=ORIENTED_EDGE('',*,*,#2651,.F.);
#1915=ORIENTED_EDGE('',*,*,#2653,.F.);
#1916=ORIENTED_EDGE('',*,*,#2655,.F.);
#1917=ORIENTED_EDGE('',*,*,#2656,.F.);
#1918=ORIENTED_EDGE('',*,*,#2657,.F.);
#1919=ORIENTED_EDGE('',*,*,#2658,.T.);
#1920=ORIENTED_EDGE('',*,*,#2659,.F.);
#1921=ORIENTED_EDGE('',*,*,#2660,.F.);
#1922=ORIENTED_EDGE('',*,*,#2661,.T.);
#1923=ORIENTED_EDGE('',*,*,#2662,.T.);
#1924=ORIENTED_EDGE('',*,*,#2663,.T.);
#1925=ORIENTED_EDGE('',*,*,#2664,.F.);
#1926=ORIENTED_EDGE('',*,*,#2665,.F.);
#1927=ORIENTED_EDGE('',*,*,#2660,.T.);
#1928=ORIENTED_EDGE('',*,*,#2666,.F.);
#1929=ORIENTED_EDGE('',*,*,#2667,.F.);
#1930=ORIENTED_EDGE('',*,*,#2668,.T.);
#1931=ORIENTED_EDGE('',*,*,#2664,.T.);
#1932=ORIENTED_EDGE('',*,*,#2669,.F.);
#1933=ORIENTED_EDGE('',*,*,#2670,.F.);
#1934=ORIENTED_EDGE('',*,*,#2671,.T.);
#1935=ORIENTED_EDGE('',*,*,#2672,.T.);
#1936=ORIENTED_EDGE('',*,*,#2262,.F.);
#1937=ORIENTED_EDGE('',*,*,#2673,.F.);
#1938=ORIENTED_EDGE('',*,*,#2674,.T.);
#1939=ORIENTED_EDGE('',*,*,#2675,.T.);
#1940=ORIENTED_EDGE('',*,*,#2261,.T.);
#1941=ORIENTED_EDGE('',*,*,#2676,.F.);
#1942=ORIENTED_EDGE('',*,*,#2677,.F.);
#1943=ORIENTED_EDGE('',*,*,#2673,.T.);
#1944=ORIENTED_EDGE('',*,*,#2269,.T.);
#1945=ORIENTED_EDGE('',*,*,#2678,.F.);
#1946=ORIENTED_EDGE('',*,*,#2679,.F.);
#1947=ORIENTED_EDGE('',*,*,#2676,.T.);
#1948=ORIENTED_EDGE('',*,*,#2268,.T.);
#1949=ORIENTED_EDGE('',*,*,#2680,.F.);
#1950=ORIENTED_EDGE('',*,*,#2681,.F.);
#1951=ORIENTED_EDGE('',*,*,#2678,.T.);
#1952=ORIENTED_EDGE('',*,*,#2267,.T.);
#1953=ORIENTED_EDGE('',*,*,#2682,.F.);
#1954=ORIENTED_EDGE('',*,*,#2683,.F.);
#1955=ORIENTED_EDGE('',*,*,#2680,.T.);
#1956=ORIENTED_EDGE('',*,*,#2266,.T.);
#1957=ORIENTED_EDGE('',*,*,#2684,.F.);
#1958=ORIENTED_EDGE('',*,*,#2685,.F.);
#1959=ORIENTED_EDGE('',*,*,#2682,.T.);
#1960=ORIENTED_EDGE('',*,*,#2265,.F.);
#1961=ORIENTED_EDGE('',*,*,#2686,.F.);
#1962=ORIENTED_EDGE('',*,*,#2687,.T.);
#1963=ORIENTED_EDGE('',*,*,#2684,.T.);
#1964=ORIENTED_EDGE('',*,*,#2264,.F.);
#1965=ORIENTED_EDGE('',*,*,#2688,.F.);
#1966=ORIENTED_EDGE('',*,*,#2689,.T.);
#1967=ORIENTED_EDGE('',*,*,#2686,.T.);
#1968=ORIENTED_EDGE('',*,*,#2690,.F.);
#1969=ORIENTED_EDGE('',*,*,#2672,.F.);
#1970=ORIENTED_EDGE('',*,*,#2691,.T.);
#1971=ORIENTED_EDGE('',*,*,#2670,.T.);
#1972=ORIENTED_EDGE('',*,*,#2263,.F.);
#1973=ORIENTED_EDGE('',*,*,#2675,.F.);
#1974=ORIENTED_EDGE('',*,*,#2692,.T.);
#1975=ORIENTED_EDGE('',*,*,#2688,.T.);
#1976=ORIENTED_EDGE('',*,*,#2693,.F.);
#1977=ORIENTED_EDGE('',*,*,#2662,.F.);
#1978=ORIENTED_EDGE('',*,*,#2694,.T.);
#1979=ORIENTED_EDGE('',*,*,#2667,.T.);
#1980=ORIENTED_EDGE('',*,*,#2674,.F.);
#1981=ORIENTED_EDGE('',*,*,#2677,.T.);
#1982=ORIENTED_EDGE('',*,*,#2679,.T.);
#1983=ORIENTED_EDGE('',*,*,#2681,.T.);
#1984=ORIENTED_EDGE('',*,*,#2683,.T.);
#1985=ORIENTED_EDGE('',*,*,#2685,.T.);
#1986=ORIENTED_EDGE('',*,*,#2687,.F.);
#1987=ORIENTED_EDGE('',*,*,#2689,.F.);
#1988=ORIENTED_EDGE('',*,*,#2692,.F.);
#1989=ORIENTED_EDGE('',*,*,#2671,.F.);
#1990=ORIENTED_EDGE('',*,*,#2691,.F.);
#1991=ORIENTED_EDGE('',*,*,#2661,.F.);
#1992=ORIENTED_EDGE('',*,*,#2665,.T.);
#1993=ORIENTED_EDGE('',*,*,#2668,.F.);
#1994=ORIENTED_EDGE('',*,*,#2694,.F.);
#1995=ORIENTED_EDGE('',*,*,#2690,.T.);
#1996=ORIENTED_EDGE('',*,*,#2669,.T.);
#1997=ORIENTED_EDGE('',*,*,#2663,.F.);
#1998=ORIENTED_EDGE('',*,*,#2659,.T.);
#1999=ORIENTED_EDGE('',*,*,#2693,.T.);
#2000=ORIENTED_EDGE('',*,*,#2666,.T.);
#2001=ORIENTED_EDGE('',*,*,#2303,.T.);
#2002=ORIENTED_EDGE('',*,*,#2695,.F.);
#2003=ORIENTED_EDGE('',*,*,#2696,.F.);
#2004=ORIENTED_EDGE('',*,*,#2697,.T.);
#2005=ORIENTED_EDGE('',*,*,#2328,.T.);
#2006=ORIENTED_EDGE('',*,*,#2698,.F.);
#2007=ORIENTED_EDGE('',*,*,#2699,.F.);
#2008=ORIENTED_EDGE('',*,*,#2695,.T.);
#2009=ORIENTED_EDGE('',*,*,#2327,.T.);
#2010=ORIENTED_EDGE('',*,*,#2700,.F.);
#2011=ORIENTED_EDGE('',*,*,#2701,.F.);
#2012=ORIENTED_EDGE('',*,*,#2698,.T.);
#2013=ORIENTED_EDGE('',*,*,#2326,.T.);
#2014=ORIENTED_EDGE('',*,*,#2702,.F.);
#2015=ORIENTED_EDGE('',*,*,#2703,.F.);
#2016=ORIENTED_EDGE('',*,*,#2700,.T.);
#2017=ORIENTED_EDGE('',*,*,#2325,.T.);
#2018=ORIENTED_EDGE('',*,*,#2704,.F.);
#2019=ORIENTED_EDGE('',*,*,#2705,.F.);
#2020=ORIENTED_EDGE('',*,*,#2702,.T.);
#2021=ORIENTED_EDGE('',*,*,#2324,.T.);
#2022=ORIENTED_EDGE('',*,*,#2706,.F.);
#2023=ORIENTED_EDGE('',*,*,#2707,.F.);
#2024=ORIENTED_EDGE('',*,*,#2704,.T.);
#2025=ORIENTED_EDGE('',*,*,#2323,.F.);
#2026=ORIENTED_EDGE('',*,*,#2708,.F.);
#2027=ORIENTED_EDGE('',*,*,#2709,.T.);
#2028=ORIENTED_EDGE('',*,*,#2706,.T.);
#2029=ORIENTED_EDGE('',*,*,#2322,.F.);
#2030=ORIENTED_EDGE('',*,*,#2710,.F.);
#2031=ORIENTED_EDGE('',*,*,#2711,.T.);
#2032=ORIENTED_EDGE('',*,*,#2708,.T.);
#2033=ORIENTED_EDGE('',*,*,#2321,.F.);
#2034=ORIENTED_EDGE('',*,*,#2712,.F.);
#2035=ORIENTED_EDGE('',*,*,#2713,.T.);
#2036=ORIENTED_EDGE('',*,*,#2710,.T.);
#2037=ORIENTED_EDGE('',*,*,#2320,.F.);
#2038=ORIENTED_EDGE('',*,*,#2714,.F.);
#2039=ORIENTED_EDGE('',*,*,#2715,.T.);
#2040=ORIENTED_EDGE('',*,*,#2712,.T.);
#2041=ORIENTED_EDGE('',*,*,#2319,.F.);
#2042=ORIENTED_EDGE('',*,*,#2716,.F.);
#2043=ORIENTED_EDGE('',*,*,#2717,.T.);
#2044=ORIENTED_EDGE('',*,*,#2714,.T.);
#2045=ORIENTED_EDGE('',*,*,#2318,.F.);
#2046=ORIENTED_EDGE('',*,*,#2718,.F.);
#2047=ORIENTED_EDGE('',*,*,#2719,.T.);
#2048=ORIENTED_EDGE('',*,*,#2716,.T.);
#2049=ORIENTED_EDGE('',*,*,#2317,.F.);
#2050=ORIENTED_EDGE('',*,*,#2720,.F.);
#2051=ORIENTED_EDGE('',*,*,#2721,.T.);
#2052=ORIENTED_EDGE('',*,*,#2718,.T.);
#2053=ORIENTED_EDGE('',*,*,#2316,.F.);
#2054=ORIENTED_EDGE('',*,*,#2722,.F.);
#2055=ORIENTED_EDGE('',*,*,#2723,.T.);
#2056=ORIENTED_EDGE('',*,*,#2720,.T.);
#2057=ORIENTED_EDGE('',*,*,#2315,.T.);
#2058=ORIENTED_EDGE('',*,*,#2724,.F.);
#2059=ORIENTED_EDGE('',*,*,#2725,.F.);
#2060=ORIENTED_EDGE('',*,*,#2722,.T.);
#2061=ORIENTED_EDGE('',*,*,#2314,.T.);
#2062=ORIENTED_EDGE('',*,*,#2726,.F.);
#2063=ORIENTED_EDGE('',*,*,#2727,.F.);
#2064=ORIENTED_EDGE('',*,*,#2724,.T.);
#2065=ORIENTED_EDGE('',*,*,#2313,.T.);
#2066=ORIENTED_EDGE('',*,*,#2728,.F.);
#2067=ORIENTED_EDGE('',*,*,#2729,.F.);
#2068=ORIENTED_EDGE('',*,*,#2726,.T.);
#2069=ORIENTED_EDGE('',*,*,#2312,.T.);
#2070=ORIENTED_EDGE('',*,*,#2730,.F.);
#2071=ORIENTED_EDGE('',*,*,#2731,.F.);
#2072=ORIENTED_EDGE('',*,*,#2728,.T.);
#2073=ORIENTED_EDGE('',*,*,#2311,.T.);
#2074=ORIENTED_EDGE('',*,*,#2732,.F.);
#2075=ORIENTED_EDGE('',*,*,#2733,.F.);
#2076=ORIENTED_EDGE('',*,*,#2730,.T.);
#2077=ORIENTED_EDGE('',*,*,#2310,.T.);
#2078=ORIENTED_EDGE('',*,*,#2734,.F.);
#2079=ORIENTED_EDGE('',*,*,#2735,.F.);
#2080=ORIENTED_EDGE('',*,*,#2732,.T.);
#2081=ORIENTED_EDGE('',*,*,#2309,.T.);
#2082=ORIENTED_EDGE('',*,*,#2736,.F.);
#2083=ORIENTED_EDGE('',*,*,#2737,.F.);
#2084=ORIENTED_EDGE('',*,*,#2734,.T.);
#2085=ORIENTED_EDGE('',*,*,#2308,.T.);
#2086=ORIENTED_EDGE('',*,*,#2738,.F.);
#2087=ORIENTED_EDGE('',*,*,#2739,.F.);
#2088=ORIENTED_EDGE('',*,*,#2736,.T.);
#2089=ORIENTED_EDGE('',*,*,#2307,.T.);
#2090=ORIENTED_EDGE('',*,*,#2740,.F.);
#2091=ORIENTED_EDGE('',*,*,#2741,.F.);
#2092=ORIENTED_EDGE('',*,*,#2738,.T.);
#2093=ORIENTED_EDGE('',*,*,#2306,.T.);
#2094=ORIENTED_EDGE('',*,*,#2742,.F.);
#2095=ORIENTED_EDGE('',*,*,#2743,.F.);
#2096=ORIENTED_EDGE('',*,*,#2740,.T.);
#2097=ORIENTED_EDGE('',*,*,#2305,.T.);
#2098=ORIENTED_EDGE('',*,*,#2744,.F.);
#2099=ORIENTED_EDGE('',*,*,#2745,.F.);
#2100=ORIENTED_EDGE('',*,*,#2742,.T.);
#2101=ORIENTED_EDGE('',*,*,#2746,.F.);
#2102=ORIENTED_EDGE('',*,*,#2747,.F.);
#2103=ORIENTED_EDGE('',*,*,#2748,.T.);
#2104=ORIENTED_EDGE('',*,*,#2749,.T.);
#2105=ORIENTED_EDGE('',*,*,#2750,.F.);
#2106=ORIENTED_EDGE('',*,*,#2751,.F.);
#2107=ORIENTED_EDGE('',*,*,#2752,.T.);
#2108=ORIENTED_EDGE('',*,*,#2747,.T.);
#2109=ORIENTED_EDGE('',*,*,#2753,.F.);
#2110=ORIENTED_EDGE('',*,*,#2754,.F.);
#2111=ORIENTED_EDGE('',*,*,#2755,.T.);
#2112=ORIENTED_EDGE('',*,*,#2751,.T.);
#2113=ORIENTED_EDGE('',*,*,#2756,.F.);
#2114=ORIENTED_EDGE('',*,*,#2757,.F.);
#2115=ORIENTED_EDGE('',*,*,#2758,.T.);
#2116=ORIENTED_EDGE('',*,*,#2754,.T.);
#2117=ORIENTED_EDGE('',*,*,#2759,.T.);
#2118=ORIENTED_EDGE('',*,*,#2760,.F.);
#2119=ORIENTED_EDGE('',*,*,#2761,.F.);
#2120=ORIENTED_EDGE('',*,*,#2757,.T.);
#2121=ORIENTED_EDGE('',*,*,#2762,.F.);
#2122=ORIENTED_EDGE('',*,*,#2763,.F.);
#2123=ORIENTED_EDGE('',*,*,#2764,.T.);
#2124=ORIENTED_EDGE('',*,*,#2760,.T.);
#2125=ORIENTED_EDGE('',*,*,#2765,.F.);
#2126=ORIENTED_EDGE('',*,*,#2766,.F.);
#2127=ORIENTED_EDGE('',*,*,#2767,.T.);
#2128=ORIENTED_EDGE('',*,*,#2763,.T.);
#2129=ORIENTED_EDGE('',*,*,#2768,.F.);
#2130=ORIENTED_EDGE('',*,*,#2769,.F.);
#2131=ORIENTED_EDGE('',*,*,#2770,.T.);
#2132=ORIENTED_EDGE('',*,*,#2766,.T.);
#2133=ORIENTED_EDGE('',*,*,#2771,.T.);
#2134=ORIENTED_EDGE('',*,*,#2772,.F.);
#2135=ORIENTED_EDGE('',*,*,#2773,.F.);
#2136=ORIENTED_EDGE('',*,*,#2769,.T.);
#2137=ORIENTED_EDGE('',*,*,#2774,.T.);
#2138=ORIENTED_EDGE('',*,*,#2749,.F.);
#2139=ORIENTED_EDGE('',*,*,#2775,.F.);
#2140=ORIENTED_EDGE('',*,*,#2772,.T.);
#2141=ORIENTED_EDGE('',*,*,#2304,.T.);
#2142=ORIENTED_EDGE('',*,*,#2697,.F.);
#2143=ORIENTED_EDGE('',*,*,#2776,.F.);
#2144=ORIENTED_EDGE('',*,*,#2744,.T.);
#2145=ORIENTED_EDGE('',*,*,#2748,.F.);
#2146=ORIENTED_EDGE('',*,*,#2752,.F.);
#2147=ORIENTED_EDGE('',*,*,#2755,.F.);
#2148=ORIENTED_EDGE('',*,*,#2758,.F.);
#2149=ORIENTED_EDGE('',*,*,#2761,.T.);
#2150=ORIENTED_EDGE('',*,*,#2764,.F.);
#2151=ORIENTED_EDGE('',*,*,#2767,.F.);
#2152=ORIENTED_EDGE('',*,*,#2770,.F.);
#2153=ORIENTED_EDGE('',*,*,#2773,.T.);
#2154=ORIENTED_EDGE('',*,*,#2775,.T.);
#2155=ORIENTED_EDGE('',*,*,#2696,.T.);
#2156=ORIENTED_EDGE('',*,*,#2699,.T.);
#2157=ORIENTED_EDGE('',*,*,#2701,.T.);
#2158=ORIENTED_EDGE('',*,*,#2703,.T.);
#2159=ORIENTED_EDGE('',*,*,#2705,.T.);
#2160=ORIENTED_EDGE('',*,*,#2707,.T.);
#2161=ORIENTED_EDGE('',*,*,#2709,.F.);
#2162=ORIENTED_EDGE('',*,*,#2711,.F.);
#2163=ORIENTED_EDGE('',*,*,#2713,.F.);
#2164=ORIENTED_EDGE('',*,*,#2715,.F.);
#2165=ORIENTED_EDGE('',*,*,#2717,.F.);
#2166=ORIENTED_EDGE('',*,*,#2719,.F.);
#2167=ORIENTED_EDGE('',*,*,#2721,.F.);
#2168=ORIENTED_EDGE('',*,*,#2723,.F.);
#2169=ORIENTED_EDGE('',*,*,#2725,.T.);
#2170=ORIENTED_EDGE('',*,*,#2727,.T.);
#2171=ORIENTED_EDGE('',*,*,#2729,.T.);
#2172=ORIENTED_EDGE('',*,*,#2731,.T.);
#2173=ORIENTED_EDGE('',*,*,#2733,.T.);
#2174=ORIENTED_EDGE('',*,*,#2735,.T.);
#2175=ORIENTED_EDGE('',*,*,#2737,.T.);
#2176=ORIENTED_EDGE('',*,*,#2739,.T.);
#2177=ORIENTED_EDGE('',*,*,#2741,.T.);
#2178=ORIENTED_EDGE('',*,*,#2743,.T.);
#2179=ORIENTED_EDGE('',*,*,#2745,.T.);
#2180=ORIENTED_EDGE('',*,*,#2776,.T.);
#2181=ORIENTED_EDGE('',*,*,#2750,.T.);
#2182=ORIENTED_EDGE('',*,*,#2746,.T.);
#2183=ORIENTED_EDGE('',*,*,#2774,.F.);
#2184=ORIENTED_EDGE('',*,*,#2771,.F.);
#2185=ORIENTED_EDGE('',*,*,#2768,.T.);
#2186=ORIENTED_EDGE('',*,*,#2765,.T.);
#2187=ORIENTED_EDGE('',*,*,#2762,.T.);
#2188=ORIENTED_EDGE('',*,*,#2759,.F.);
#2189=ORIENTED_EDGE('',*,*,#2756,.T.);
#2190=ORIENTED_EDGE('',*,*,#2753,.T.);
#2191=ORIENTED_EDGE('',*,*,#2777,.T.);
#2192=ORIENTED_EDGE('',*,*,#2778,.T.);
#2193=ORIENTED_EDGE('',*,*,#2779,.T.);
#2194=ORIENTED_EDGE('',*,*,#2780,.T.);
#2195=ORIENTED_EDGE('',*,*,#2781,.T.);
#2196=ORIENTED_EDGE('',*,*,#2782,.T.);
#2197=ORIENTED_EDGE('',*,*,#2783,.T.);
#2198=ORIENTED_EDGE('',*,*,#2784,.T.);
#2199=ORIENTED_EDGE('',*,*,#2785,.T.);
#2200=ORIENTED_EDGE('',*,*,#2786,.T.);
#2201=ORIENTED_EDGE('',*,*,#2787,.T.);
#2202=ORIENTED_EDGE('',*,*,#2788,.T.);
#2203=ORIENTED_EDGE('',*,*,#2789,.T.);
#2204=ORIENTED_EDGE('',*,*,#2790,.T.);
#2205=ORIENTED_EDGE('',*,*,#2791,.F.);
#2206=ORIENTED_EDGE('',*,*,#2792,.F.);
#2207=ORIENTED_EDGE('',*,*,#2787,.F.);
#2208=ORIENTED_EDGE('',*,*,#2793,.F.);
#2209=ORIENTED_EDGE('',*,*,#2781,.F.);
#2210=ORIENTED_EDGE('',*,*,#2794,.F.);
#2211=ORIENTED_EDGE('',*,*,#2786,.F.);
#2212=ORIENTED_EDGE('',*,*,#2795,.F.);
#2213=ORIENTED_EDGE('',*,*,#2779,.F.);
#2214=ORIENTED_EDGE('',*,*,#2796,.F.);
#2215=ORIENTED_EDGE('',*,*,#2797,.F.);
#2216=ORIENTED_EDGE('',*,*,#2792,.T.);
#2217=ORIENTED_EDGE('',*,*,#2798,.F.);
#2218=ORIENTED_EDGE('',*,*,#2794,.T.);
#2219=ORIENTED_EDGE('',*,*,#2780,.F.);
#2220=ORIENTED_EDGE('',*,*,#2795,.T.);
#2221=ORIENTED_EDGE('',*,*,#2799,.F.);
#2222=ORIENTED_EDGE('',*,*,#2782,.F.);
#2223=ORIENTED_EDGE('',*,*,#2793,.T.);
#2224=ORIENTED_EDGE('',*,*,#2798,.T.);
#2225=ORIENTED_EDGE('',*,*,#2791,.T.);
#2226=ORIENTED_EDGE('',*,*,#2800,.F.);
#2227=ORIENTED_EDGE('',*,*,#2788,.F.);
#2228=ORIENTED_EDGE('',*,*,#2783,.F.);
#2229=ORIENTED_EDGE('',*,*,#2799,.T.);
#2230=ORIENTED_EDGE('',*,*,#2801,.F.);
#2231=ORIENTED_EDGE('',*,*,#2802,.F.);
#2232=ORIENTED_EDGE('',*,*,#2789,.F.);
#2233=ORIENTED_EDGE('',*,*,#2797,.T.);
#2234=ORIENTED_EDGE('',*,*,#2796,.T.);
#2235=ORIENTED_EDGE('',*,*,#2778,.F.);
#2236=ORIENTED_EDGE('',*,*,#2803,.F.);
#2237=ORIENTED_EDGE('',*,*,#2790,.F.);
#2238=ORIENTED_EDGE('',*,*,#2802,.T.);
#2239=ORIENTED_EDGE('',*,*,#2804,.F.);
#2240=ORIENTED_EDGE('',*,*,#2784,.F.);
#2241=ORIENTED_EDGE('',*,*,#2801,.T.);
#2242=ORIENTED_EDGE('',*,*,#2800,.T.);
#2243=ORIENTED_EDGE('',*,*,#2804,.T.);
#2244=ORIENTED_EDGE('',*,*,#2803,.T.);
#2245=ORIENTED_EDGE('',*,*,#2777,.F.);
#2246=ORIENTED_EDGE('',*,*,#2785,.F.);
#2247=EDGE_CURVE('',#2805,#2805,#3173,.T.);
#2248=EDGE_CURVE('',#2806,#2806,#3174,.T.);
#2249=EDGE_CURVE('',#2807,#2808,#48,.T.);
#2250=EDGE_CURVE('',#2807,#2809,#49,.T.);
#2251=EDGE_CURVE('',#2809,#2810,#50,.T.);
#2252=EDGE_CURVE('',#2808,#2810,#51,.T.);
#2253=EDGE_CURVE('',#2811,#2812,#52,.T.);
#2254=EDGE_CURVE('',#2812,#2813,#53,.T.);
#2255=EDGE_CURVE('',#2813,#2814,#54,.F.);
#2256=EDGE_CURVE('',#2814,#2811,#55,.F.);
#2257=EDGE_CURVE('',#2815,#2816,#56,.F.);
#2258=EDGE_CURVE('',#2816,#2817,#3175,.F.);
#2259=EDGE_CURVE('',#2817,#2818,#57,.T.);
#2260=EDGE_CURVE('',#2818,#2815,#3176,.F.);
#2261=EDGE_CURVE('',#2819,#2820,#58,.T.);
#2262=EDGE_CURVE('',#2819,#2821,#59,.T.);
#2263=EDGE_CURVE('',#2821,#2822,#60,.T.);
#2264=EDGE_CURVE('',#2822,#2823,#61,.T.);
#2265=EDGE_CURVE('',#2823,#2824,#62,.T.);
#2266=EDGE_CURVE('',#2825,#2824,#3177,.T.);
#2267=EDGE_CURVE('',#2826,#2825,#63,.T.);
#2268=EDGE_CURVE('',#2827,#2826,#64,.T.);
#2269=EDGE_CURVE('',#2820,#2827,#65,.T.);
#2270=EDGE_CURVE('',#2828,#2829,#66,.T.);
#2271=EDGE_CURVE('',#2828,#2830,#67,.F.);
#2272=EDGE_CURVE('',#2831,#2830,#68,.T.);
#2273=EDGE_CURVE('',#2831,#2832,#69,.T.);
#2274=EDGE_CURVE('',#2832,#2833,#70,.T.);
#2275=EDGE_CURVE('',#2829,#2833,#71,.T.);
#2276=EDGE_CURVE('',#2834,#2835,#72,.T.);
#2277=EDGE_CURVE('',#2835,#2836,#73,.T.);
#2278=EDGE_CURVE('',#2836,#2837,#74,.F.);
#2279=EDGE_CURVE('',#2837,#2834,#75,.F.);
#2280=EDGE_CURVE('',#2838,#2839,#76,.T.);
#2281=EDGE_CURVE('',#2839,#2840,#77,.T.);
#2282=EDGE_CURVE('',#2840,#2841,#78,.T.);
#2283=EDGE_CURVE('',#2841,#2842,#79,.T.);
#2284=EDGE_CURVE('',#2842,#2843,#80,.T.);
#2285=EDGE_CURVE('',#2843,#2844,#81,.T.);
#2286=EDGE_CURVE('',#2844,#2845,#82,.T.);
#2287=EDGE_CURVE('',#2845,#2846,#83,.T.);
#2288=EDGE_CURVE('',#2846,#2847,#84,.T.);
#2289=EDGE_CURVE('',#2847,#2848,#85,.T.);
#2290=EDGE_CURVE('',#2848,#2849,#86,.T.);
#2291=EDGE_CURVE('',#2850,#2849,#3178,.T.);
#2292=EDGE_CURVE('',#2851,#2850,#87,.T.);
#2293=EDGE_CURVE('',#2852,#2851,#3179,.T.);
#2294=EDGE_CURVE('',#2852,#2838,#88,.T.);
#2295=EDGE_CURVE('',#2853,#2854,#89,.T.);
#2296=EDGE_CURVE('',#2853,#2855,#90,.T.);
#2297=EDGE_CURVE('',#2855,#2856,#91,.T.);
#2298=EDGE_CURVE('',#2854,#2856,#92,.T.);
#2299=EDGE_CURVE('',#2857,#2858,#93,.T.);
#2300=EDGE_CURVE('',#2857,#2859,#94,.T.);
#2301=EDGE_CURVE('',#2859,#2860,#95,.T.);
#2302=EDGE_CURVE('',#2858,#2860,#3180,.T.);
#2303=EDGE_CURVE('',#2861,#2862,#96,.T.);
#2304=EDGE_CURVE('',#2863,#2861,#97,.T.);
#2305=EDGE_CURVE('',#2864,#2863,#98,.T.);
#2306=EDGE_CURVE('',#2865,#2864,#99,.T.);
#2307=EDGE_CURVE('',#2866,#2865,#100,.T.);
#2308=EDGE_CURVE('',#2867,#2866,#101,.T.);
#2309=EDGE_CURVE('',#2868,#2867,#102,.T.);
#2310=EDGE_CURVE('',#2869,#2868,#103,.T.);
#2311=EDGE_CURVE('',#2870,#2869,#104,.T.);
#2312=EDGE_CURVE('',#2871,#2870,#105,.T.);
#2313=EDGE_CURVE('',#2872,#2871,#106,.T.);
#2314=EDGE_CURVE('',#2873,#2872,#107,.T.);
#2315=EDGE_CURVE('',#2874,#2873,#108,.T.);
#2316=EDGE_CURVE('',#2874,#2875,#109,.T.);
#2317=EDGE_CURVE('',#2875,#2876,#110,.T.);
#2318=EDGE_CURVE('',#2876,#2877,#111,.T.);
#2319=EDGE_CURVE('',#2877,#2878,#112,.T.);
#2320=EDGE_CURVE('',#2878,#2879,#113,.T.);
#2321=EDGE_CURVE('',#2879,#2880,#114,.T.);
#2322=EDGE_CURVE('',#2880,#2881,#115,.T.);
#2323=EDGE_CURVE('',#2881,#2882,#116,.T.);
#2324=EDGE_CURVE('',#2883,#2882,#117,.T.);
#2325=EDGE_CURVE('',#2884,#2883,#118,.T.);
#2326=EDGE_CURVE('',#2885,#2884,#119,.T.);
#2327=EDGE_CURVE('',#2886,#2885,#120,.T.);
#2328=EDGE_CURVE('',#2862,#2886,#121,.T.);
#2329=EDGE_CURVE('',#2887,#2888,#122,.F.);
#2330=EDGE_CURVE('',#2888,#2889,#123,.T.);
#2331=EDGE_CURVE('',#2889,#2890,#124,.T.);
#2332=EDGE_CURVE('',#2890,#2887,#125,.F.);
#2333=EDGE_CURVE('',#2891,#2892,#126,.T.);
#2334=EDGE_CURVE('',#2891,#2893,#127,.T.);
#2335=EDGE_CURVE('',#2893,#2894,#128,.T.);
#2336=EDGE_CURVE('',#2892,#2894,#129,.T.);
#2337=EDGE_CURVE('',#2895,#2896,#3181,.T.);
#2338=EDGE_CURVE('',#2897,#2895,#130,.T.);
#2339=EDGE_CURVE('',#2898,#2897,#3182,.T.);
#2340=EDGE_CURVE('',#2898,#2896,#131,.T.);
#2341=EDGE_CURVE('',#2899,#2900,#132,.T.);
#2342=EDGE_CURVE('',#2899,#2901,#133,.T.);
#2343=EDGE_CURVE('',#2901,#2902,#134,.T.);
#2344=EDGE_CURVE('',#2902,#2903,#135,.T.);
#2345=EDGE_CURVE('',#2904,#2903,#136,.T.);
#2346=EDGE_CURVE('',#2905,#2904,#137,.T.);
#2347=EDGE_CURVE('',#2906,#2905,#138,.T.);
#2348=EDGE_CURVE('',#2907,#2906,#139,.T.);
#2349=EDGE_CURVE('',#2907,#2908,#140,.T.);
#2350=EDGE_CURVE('',#2908,#2909,#141,.T.);
#2351=EDGE_CURVE('',#2910,#2909,#142,.T.);
#2352=EDGE_CURVE('',#2910,#2911,#143,.T.);
#2353=EDGE_CURVE('',#2911,#2912,#144,.T.);
#2354=EDGE_CURVE('',#2912,#2900,#145,.T.);
#2355=EDGE_CURVE('',#2912,#2913,#146,.T.);
#2356=EDGE_CURVE('',#2914,#2913,#147,.T.);
#2357=EDGE_CURVE('',#2900,#2914,#148,.T.);
#2358=EDGE_CURVE('',#2915,#2916,#149,.T.);
#2359=EDGE_CURVE('',#2916,#2917,#150,.F.);
#2360=EDGE_CURVE('',#2918,#2917,#151,.T.);
#2361=EDGE_CURVE('',#2918,#2829,#152,.T.);
#2362=EDGE_CURVE('',#2833,#2919,#3183,.F.);
#2363=EDGE_CURVE('',#2915,#2919,#153,.T.);
#2364=EDGE_CURVE('',#2920,#2921,#154,.T.);
#2365=EDGE_CURVE('',#2920,#2922,#155,.T.);
#2366=EDGE_CURVE('',#2923,#2922,#156,.T.);
#2367=EDGE_CURVE('',#2921,#2923,#157,.T.);
#2368=EDGE_CURVE('',#2830,#2924,#158,.T.);
#2369=EDGE_CURVE('',#2925,#2924,#3184,.T.);
#2370=EDGE_CURVE('',#2926,#2925,#159,.T.);
#2371=EDGE_CURVE('',#2927,#2926,#3185,.T.);
#2372=EDGE_CURVE('',#2927,#2831,#160,.F.);
#2373=EDGE_CURVE('',#2928,#2929,#161,.T.);
#2374=EDGE_CURVE('',#2928,#2930,#3186,.T.);
#2375=EDGE_CURVE('',#2931,#2930,#162,.T.);
#2376=EDGE_CURVE('',#2931,#2932,#163,.T.);
#2377=EDGE_CURVE('',#2932,#2929,#164,.T.);
#2378=EDGE_CURVE('',#2933,#2925,#165,.T.);
#2379=EDGE_CURVE('',#2933,#2934,#166,.T.);
#2380=EDGE_CURVE('',#2934,#2935,#167,.T.);
#2381=EDGE_CURVE('',#2936,#2935,#168,.T.);
#2382=EDGE_CURVE('',#2937,#2936,#169,.T.);
#2383=EDGE_CURVE('',#2937,#2938,#170,.T.);
#2384=EDGE_CURVE('',#2926,#2938,#171,.F.);
#2385=EDGE_CURVE('',#2939,#2940,#172,.T.);
#2386=EDGE_CURVE('',#2940,#2941,#173,.T.);
#2387=EDGE_CURVE('',#2942,#2941,#174,.T.);
#2388=EDGE_CURVE('',#2939,#2942,#175,.T.);
#2389=EDGE_CURVE('',#2943,#2944,#176,.T.);
#2390=EDGE_CURVE('',#2945,#2943,#177,.T.);
#2391=EDGE_CURVE('',#2945,#2946,#178,.T.);
#2392=EDGE_CURVE('',#2946,#2944,#179,.T.);
#2393=EDGE_CURVE('',#2947,#2902,#180,.T.);
#2394=EDGE_CURVE('',#2948,#2947,#181,.T.);
#2395=EDGE_CURVE('',#2948,#2909,#182,.T.);
#2396=EDGE_CURVE('',#2936,#2908,#183,.T.);
#2397=EDGE_CURVE('',#2935,#2808,#184,.T.);
#2398=EDGE_CURVE('',#2903,#2810,#185,.T.);
#2399=EDGE_CURVE('',#2949,#2950,#186,.T.);
#2400=EDGE_CURVE('',#2950,#2951,#187,.T.);
#2401=EDGE_CURVE('',#2952,#2951,#188,.T.);
#2402=EDGE_CURVE('',#2949,#2952,#189,.T.);
#2403=EDGE_CURVE('',#2953,#2954,#190,.T.);
#2404=EDGE_CURVE('',#2954,#2955,#191,.T.);
#2405=EDGE_CURVE('',#2956,#2955,#192,.T.);
#2406=EDGE_CURVE('',#2953,#2956,#193,.T.);
#2407=EDGE_CURVE('',#2957,#2958,#194,.T.);
#2408=EDGE_CURVE('',#2957,#2959,#195,.T.);
#2409=EDGE_CURVE('',#2959,#2960,#196,.T.);
#2410=EDGE_CURVE('',#2958,#2960,#197,.T.);
#2411=EDGE_CURVE('',#2961,#2962,#198,.T.);
#2412=EDGE_CURVE('',#2961,#2963,#199,.T.);
#2413=EDGE_CURVE('',#2964,#2963,#200,.T.);
#2414=EDGE_CURVE('',#2944,#2964,#201,.T.);
#2415=EDGE_CURVE('',#2946,#2965,#202,.T.);
#2416=EDGE_CURVE('',#2965,#2966,#203,.T.);
#2417=EDGE_CURVE('',#2962,#2966,#204,.T.);
#2418=EDGE_CURVE('',#2967,#2957,#205,.T.);
#2419=EDGE_CURVE('',#2967,#2968,#206,.T.);
#2420=EDGE_CURVE('',#2968,#2959,#207,.T.);
#2421=EDGE_CURVE('',#2969,#2958,#208,.T.);
#2422=EDGE_CURVE('',#2967,#2969,#209,.T.);
#2423=EDGE_CURVE('',#2970,#2960,#210,.T.);
#2424=EDGE_CURVE('',#2969,#2970,#211,.T.);
#2425=EDGE_CURVE('',#2968,#2970,#212,.T.);
#2426=EDGE_CURVE('',#2945,#2971,#213,.T.);
#2427=EDGE_CURVE('',#2971,#2965,#214,.T.);
#2428=EDGE_CURVE('',#2972,#2973,#215,.T.);
#2429=EDGE_CURVE('',#2972,#2961,#216,.T.);
#2430=EDGE_CURVE('',#2973,#2962,#217,.T.);
#2431=EDGE_CURVE('',#2974,#2966,#218,.T.);
#2432=EDGE_CURVE('',#2973,#2974,#219,.T.);
#2433=EDGE_CURVE('',#2971,#2974,#220,.T.);
#2434=EDGE_CURVE('',#2943,#2972,#221,.T.);
#2435=EDGE_CURVE('',#2975,#2976,#222,.T.);
#2436=EDGE_CURVE('',#2977,#2975,#223,.T.);
#2437=EDGE_CURVE('',#2977,#2978,#224,.T.);
#2438=EDGE_CURVE('',#2978,#2976,#225,.T.);
#2439=EDGE_CURVE('',#2975,#2979,#226,.T.);
#2440=EDGE_CURVE('',#2980,#2979,#227,.T.);
#2441=EDGE_CURVE('',#2977,#2980,#228,.T.);
#2442=EDGE_CURVE('',#2979,#2981,#229,.T.);
#2443=EDGE_CURVE('',#2982,#2981,#230,.T.);
#2444=EDGE_CURVE('',#2980,#2982,#231,.T.);
#2445=EDGE_CURVE('',#2983,#2953,#232,.T.);
#2446=EDGE_CURVE('',#2983,#2984,#233,.T.);
#2447=EDGE_CURVE('',#2984,#2954,#234,.T.);
#2448=EDGE_CURVE('',#2985,#2956,#235,.T.);
#2449=EDGE_CURVE('',#2983,#2985,#236,.T.);
#2450=EDGE_CURVE('',#2986,#2955,#237,.T.);
#2451=EDGE_CURVE('',#2985,#2986,#238,.T.);
#2452=EDGE_CURVE('',#2984,#2986,#239,.T.);
#2453=EDGE_CURVE('',#2976,#2981,#240,.T.);
#2454=EDGE_CURVE('',#2978,#2982,#241,.T.);
#2455=EDGE_CURVE('',#2987,#2987,#3187,.T.);
#2456=EDGE_CURVE('',#2988,#2988,#3188,.T.);
#2457=EDGE_CURVE('',#2989,#2989,#3189,.T.);
#2458=EDGE_CURVE('',#2990,#2990,#3190,.T.);
#2459=EDGE_CURVE('',#2991,#2907,#242,.T.);
#2460=EDGE_CURVE('',#2991,#2992,#243,.F.);
#2461=EDGE_CURVE('',#2937,#2992,#244,.T.);
#2462=EDGE_CURVE('',#2993,#2994,#245,.F.);
#2463=EDGE_CURVE('',#2993,#2906,#246,.T.);
#2464=EDGE_CURVE('',#2905,#2807,#247,.T.);
#2465=EDGE_CURVE('',#2934,#2994,#248,.T.);
#2466=EDGE_CURVE('',#2924,#2993,#3191,.T.);
#2467=EDGE_CURVE('',#2924,#2995,#249,.T.);
#2468=EDGE_CURVE('',#2995,#2995,#3192,.T.);
#2469=EDGE_CURVE('',#2995,#2812,#250,.T.);
#2470=EDGE_CURVE('',#2811,#2996,#251,.F.);
#2471=EDGE_CURVE('',#2996,#2996,#3193,.T.);
#2472=EDGE_CURVE('',#2996,#2927,#252,.F.);
#2473=EDGE_CURVE('',#2991,#2927,#3194,.T.);
#2474=EDGE_CURVE('',#2997,#2997,#3195,.T.);
#2475=EDGE_CURVE('',#2998,#2998,#3196,.T.);
#2476=EDGE_CURVE('',#2999,#2999,#3197,.T.);
#2477=EDGE_CURVE('',#3000,#3000,#3198,.T.);
#2478=EDGE_CURVE('',#2915,#3001,#253,.T.);
#2479=EDGE_CURVE('',#2919,#3002,#254,.F.);
#2480=EDGE_CURVE('',#3002,#3003,#255,.T.);
#2481=EDGE_CURVE('',#3003,#3004,#256,.T.);
#2482=EDGE_CURVE('',#3004,#3001,#257,.F.);
#2483=EDGE_CURVE('',#3005,#3006,#258,.F.);
#2484=EDGE_CURVE('',#3006,#3007,#259,.F.);
#2485=EDGE_CURVE('',#3007,#3008,#260,.T.);
#2486=EDGE_CURVE('',#3008,#3009,#261,.F.);
#2487=EDGE_CURVE('',#3009,#3010,#262,.T.);
#2488=EDGE_CURVE('',#3010,#3011,#263,.T.);
#2489=EDGE_CURVE('',#3011,#3012,#264,.F.);
#2490=EDGE_CURVE('',#3012,#3005,#265,.T.);
#2491=EDGE_CURVE('',#3013,#2943,#266,.T.);
#2492=EDGE_CURVE('',#3013,#3014,#267,.T.);
#2493=EDGE_CURVE('',#3014,#2972,#268,.T.);
#2494=EDGE_CURVE('',#3015,#3015,#3199,.T.);
#2495=EDGE_CURVE('',#3016,#2964,#269,.T.);
#2496=EDGE_CURVE('',#3013,#3016,#270,.T.);
#2497=EDGE_CURVE('',#3017,#2963,#271,.T.);
#2498=EDGE_CURVE('',#3016,#3017,#272,.T.);
#2499=EDGE_CURVE('',#3014,#3017,#273,.T.);
#2500=EDGE_CURVE('',#2904,#2809,#274,.T.);
#2501=EDGE_CURVE('',#3018,#3018,#3200,.T.);
#2502=EDGE_CURVE('',#2940,#3019,#275,.T.);
#2503=EDGE_CURVE('',#3019,#3020,#276,.F.);
#2504=EDGE_CURVE('',#2941,#3020,#277,.T.);
#2505=EDGE_CURVE('',#3020,#3021,#278,.T.);
#2506=EDGE_CURVE('',#2942,#3021,#279,.T.);
#2507=EDGE_CURVE('',#3021,#3022,#280,.T.);
#2508=EDGE_CURVE('',#2939,#3022,#281,.T.);
#2509=EDGE_CURVE('',#3022,#3019,#282,.F.);
#2510=EDGE_CURVE('',#3021,#2837,#31,.T.);
#2511=EDGE_CURVE('',#2834,#3020,#32,.F.);
#2512=EDGE_CURVE('',#2835,#3019,#33,.F.);
#2513=EDGE_CURVE('',#3022,#2836,#34,.T.);
#2514=EDGE_CURVE('',#3023,#3023,#3201,.T.);
#2515=EDGE_CURVE('',#3024,#3024,#3202,.T.);
#2516=EDGE_CURVE('',#2933,#2994,#3203,.T.);
#2517=EDGE_CURVE('',#2992,#2938,#3204,.T.);
#2518=EDGE_CURVE('',#3025,#3026,#283,.T.);
#2519=EDGE_CURVE('',#3026,#2916,#3205,.F.);
#2520=EDGE_CURVE('',#3001,#3025,#284,.T.);
#2521=EDGE_CURVE('',#2930,#2828,#285,.T.);
#2522=EDGE_CURVE('',#2918,#3027,#286,.T.);
#2523=EDGE_CURVE('',#3027,#2931,#287,.T.);
#2524=EDGE_CURVE('',#3028,#3029,#288,.T.);
#2525=EDGE_CURVE('',#3028,#2928,#289,.T.);
#2526=EDGE_CURVE('',#2929,#3029,#290,.T.);
#2527=EDGE_CURVE('',#3030,#3031,#291,.T.);
#2528=EDGE_CURVE('',#3031,#3026,#292,.T.);
#2529=EDGE_CURVE('',#3025,#3030,#293,.F.);
#2530=EDGE_CURVE('',#3030,#2920,#294,.F.);
#2531=EDGE_CURVE('',#2921,#3032,#295,.T.);
#2532=EDGE_CURVE('',#3032,#3031,#3206,.T.);
#2533=EDGE_CURVE('',#2922,#3028,#3207,.F.);
#2534=EDGE_CURVE('',#3033,#3029,#296,.T.);
#2535=EDGE_CURVE('',#3033,#3034,#3208,.F.);
#2536=EDGE_CURVE('',#2923,#3034,#297,.T.);
#2537=EDGE_CURVE('',#3035,#3036,#298,.T.);
#2538=EDGE_CURVE('',#3035,#3033,#299,.F.);
#2539=EDGE_CURVE('',#3036,#2932,#300,.T.);
#2540=EDGE_CURVE('',#3034,#3032,#301,.F.);
#2541=EDGE_CURVE('',#3027,#3036,#302,.T.);
#2542=EDGE_CURVE('',#2917,#3035,#3209,.T.);
#2543=EDGE_CURVE('',#2887,#2832,#3210,.T.);
#2544=EDGE_CURVE('',#2888,#2831,#35,.T.);
#2545=EDGE_CURVE('',#2889,#2811,#36,.T.);
#2546=EDGE_CURVE('',#3002,#2887,#3211,.F.);
#2547=EDGE_CURVE('',#2890,#3003,#3212,.T.);
#2548=EDGE_CURVE('',#2814,#2890,#3213,.F.);
#2549=EDGE_CURVE('',#3003,#2814,#3214,.T.);
#2550=EDGE_CURVE('',#3004,#2813,#3215,.T.);
#2551=EDGE_CURVE('',#3005,#3004,#3216,.T.);
#2552=EDGE_CURVE('',#3001,#3012,#37,.F.);
#2553=EDGE_CURVE('',#3025,#3011,#38,.T.);
#2554=EDGE_CURVE('',#3005,#2813,#3217,.F.);
#2555=EDGE_CURVE('',#3030,#3010,#39,.T.);
#2556=EDGE_CURVE('',#3006,#2812,#40,.T.);
#2557=EDGE_CURVE('',#2920,#3009,#41,.T.);
#2558=EDGE_CURVE('',#3007,#2830,#42,.T.);
#2559=EDGE_CURVE('',#2828,#3008,#43,.F.);
#2560=EDGE_CURVE('',#3002,#2832,#3218,.T.);
#2561=EDGE_CURVE('',#3037,#2949,#303,.T.);
#2562=EDGE_CURVE('',#3037,#3038,#304,.T.);
#2563=EDGE_CURVE('',#3038,#2950,#305,.T.);
#2564=EDGE_CURVE('',#3039,#2952,#306,.T.);
#2565=EDGE_CURVE('',#3037,#3039,#307,.T.);
#2566=EDGE_CURVE('',#3040,#2951,#308,.T.);
#2567=EDGE_CURVE('',#3039,#3040,#309,.T.);
#2568=EDGE_CURVE('',#3041,#3042,#310,.T.);
#2569=EDGE_CURVE('',#3043,#3041,#311,.T.);
#2570=EDGE_CURVE('',#3043,#3044,#312,.T.);
#2571=EDGE_CURVE('',#3044,#3042,#313,.T.);
#2572=EDGE_CURVE('',#3041,#3045,#314,.T.);
#2573=EDGE_CURVE('',#3046,#3045,#315,.T.);
#2574=EDGE_CURVE('',#3043,#3046,#316,.T.);
#2575=EDGE_CURVE('',#3045,#3047,#317,.T.);
#2576=EDGE_CURVE('',#3048,#3047,#318,.T.);
#2577=EDGE_CURVE('',#3046,#3048,#319,.T.);
#2578=EDGE_CURVE('',#3042,#3047,#320,.T.);
#2579=EDGE_CURVE('',#3044,#3048,#321,.T.);
#2580=EDGE_CURVE('',#3038,#3040,#322,.T.);
#2581=EDGE_CURVE('',#3049,#2914,#323,.T.);
#2582=EDGE_CURVE('',#2899,#3049,#324,.T.);
#2583=EDGE_CURVE('',#3050,#2913,#325,.T.);
#2584=EDGE_CURVE('',#3049,#3050,#326,.T.);
#2585=EDGE_CURVE('',#2911,#3050,#327,.T.);
#2586=EDGE_CURVE('',#3051,#2948,#328,.T.);
#2587=EDGE_CURVE('',#3051,#2910,#329,.T.);
#2588=EDGE_CURVE('',#3052,#2947,#330,.T.);
#2589=EDGE_CURVE('',#3051,#3052,#331,.T.);
#2590=EDGE_CURVE('',#3052,#2901,#332,.T.);
#2591=EDGE_CURVE('',#3053,#2895,#333,.T.);
#2592=EDGE_CURVE('',#3053,#3054,#334,.T.);
#2593=EDGE_CURVE('',#3054,#2897,#335,.T.);
#2594=EDGE_CURVE('',#3055,#2896,#336,.T.);
#2595=EDGE_CURVE('',#3055,#3053,#3219,.T.);
#2596=EDGE_CURVE('',#3056,#2898,#337,.T.);
#2597=EDGE_CURVE('',#3056,#3055,#338,.F.);
#2598=EDGE_CURVE('',#3054,#3056,#3220,.T.);
#2599=EDGE_CURVE('',#2815,#3054,#3221,.T.);
#2600=EDGE_CURVE('',#3056,#2818,#3222,.T.);
#2601=EDGE_CURVE('',#3055,#2817,#12,.T.);
#2602=EDGE_CURVE('',#2816,#3053,#13,.F.);
#2603=EDGE_CURVE('',#3057,#2891,#339,.T.);
#2604=EDGE_CURVE('',#3057,#3058,#340,.T.);
#2605=EDGE_CURVE('',#3058,#2893,#341,.T.);
#2606=EDGE_CURVE('',#3059,#2892,#342,.T.);
#2607=EDGE_CURVE('',#3057,#3059,#343,.T.);
#2608=EDGE_CURVE('',#3060,#2894,#344,.T.);
#2609=EDGE_CURVE('',#3059,#3060,#345,.T.);
#2610=EDGE_CURVE('',#3061,#2853,#346,.T.);
#2611=EDGE_CURVE('',#3061,#3062,#347,.T.);
#2612=EDGE_CURVE('',#3062,#2855,#348,.T.);
#2613=EDGE_CURVE('',#3063,#2854,#349,.T.);
#2614=EDGE_CURVE('',#3061,#3063,#350,.T.);
#2615=EDGE_CURVE('',#3064,#2856,#351,.T.);
#2616=EDGE_CURVE('',#3063,#3064,#352,.T.);
#2617=EDGE_CURVE('',#3062,#3064,#353,.T.);
#2618=EDGE_CURVE('',#3058,#3060,#354,.T.);
#2619=EDGE_CURVE('',#3065,#2857,#355,.T.);
#2620=EDGE_CURVE('',#3065,#3066,#356,.T.);
#2621=EDGE_CURVE('',#3066,#2859,#357,.T.);
#2622=EDGE_CURVE('',#3067,#2858,#358,.T.);
#2623=EDGE_CURVE('',#3065,#3067,#359,.T.);
#2624=EDGE_CURVE('',#3068,#2860,#360,.T.);
#2625=EDGE_CURVE('',#3067,#3068,#3223,.T.);
#2626=EDGE_CURVE('',#3066,#3068,#361,.T.);
#2627=EDGE_CURVE('',#3069,#2838,#362,.T.);
#2628=EDGE_CURVE('',#3069,#3070,#363,.T.);
#2629=EDGE_CURVE('',#3070,#2839,#364,.T.);
#2630=EDGE_CURVE('',#3071,#2852,#365,.T.);
#2631=EDGE_CURVE('',#3071,#3069,#366,.T.);
#2632=EDGE_CURVE('',#3072,#2851,#367,.T.);
#2633=EDGE_CURVE('',#3071,#3072,#3224,.T.);
#2634=EDGE_CURVE('',#3073,#2850,#368,.T.);
#2635=EDGE_CURVE('',#3072,#3073,#369,.T.);
#2636=EDGE_CURVE('',#3074,#2849,#370,.T.);
#2637=EDGE_CURVE('',#3073,#3074,#3225,.T.);
#2638=EDGE_CURVE('',#3075,#2848,#371,.T.);
#2639=EDGE_CURVE('',#3075,#3074,#372,.T.);
#2640=EDGE_CURVE('',#3076,#2847,#373,.T.);
#2641=EDGE_CURVE('',#3076,#3075,#374,.T.);
#2642=EDGE_CURVE('',#3077,#2846,#375,.T.);
#2643=EDGE_CURVE('',#3077,#3076,#376,.T.);
#2644=EDGE_CURVE('',#3078,#2845,#377,.T.);
#2645=EDGE_CURVE('',#3078,#3077,#378,.T.);
#2646=EDGE_CURVE('',#3079,#2844,#379,.T.);
#2647=EDGE_CURVE('',#3079,#3078,#380,.T.);
#2648=EDGE_CURVE('',#3080,#2843,#381,.T.);
#2649=EDGE_CURVE('',#3080,#3079,#382,.T.);
#2650=EDGE_CURVE('',#3081,#2842,#383,.T.);
#2651=EDGE_CURVE('',#3081,#3080,#384,.T.);
#2652=EDGE_CURVE('',#3082,#2841,#385,.T.);
#2653=EDGE_CURVE('',#3082,#3081,#386,.T.);
#2654=EDGE_CURVE('',#3083,#2840,#387,.T.);
#2655=EDGE_CURVE('',#3083,#3082,#388,.T.);
#2656=EDGE_CURVE('',#3070,#3083,#389,.T.);
#2657=EDGE_CURVE('',#3084,#3084,#3226,.T.);
#2658=EDGE_CURVE('',#3085,#3085,#3227,.T.);
#2659=EDGE_CURVE('',#3086,#3087,#3228,.T.);
#2660=EDGE_CURVE('',#3088,#3086,#390,.T.);
#2661=EDGE_CURVE('',#3088,#3089,#3229,.T.);
#2662=EDGE_CURVE('',#3089,#3087,#391,.T.);
#2663=EDGE_CURVE('',#3086,#3090,#392,.T.);
#2664=EDGE_CURVE('',#3091,#3090,#393,.T.);
#2665=EDGE_CURVE('',#3088,#3091,#394,.T.);
#2666=EDGE_CURVE('',#3092,#3090,#3230,.T.);
#2667=EDGE_CURVE('',#3093,#3092,#395,.T.);
#2668=EDGE_CURVE('',#3093,#3091,#3231,.T.);
#2669=EDGE_CURVE('',#3094,#3095,#396,.T.);
#2670=EDGE_CURVE('',#3096,#3094,#397,.T.);
#2671=EDGE_CURVE('',#3096,#3097,#398,.T.);
#2672=EDGE_CURVE('',#3097,#3095,#399,.T.);
#2673=EDGE_CURVE('',#3098,#2819,#400,.T.);
#2674=EDGE_CURVE('',#3098,#3099,#401,.T.);
#2675=EDGE_CURVE('',#3099,#2821,#402,.T.);
#2676=EDGE_CURVE('',#3100,#2820,#403,.T.);
#2677=EDGE_CURVE('',#3098,#3100,#404,.T.);
#2678=EDGE_CURVE('',#3101,#2827,#405,.T.);
#2679=EDGE_CURVE('',#3100,#3101,#406,.T.);
#2680=EDGE_CURVE('',#3102,#2826,#407,.T.);
#2681=EDGE_CURVE('',#3101,#3102,#408,.T.);
#2682=EDGE_CURVE('',#3103,#2825,#409,.T.);
#2683=EDGE_CURVE('',#3102,#3103,#410,.T.);
#2684=EDGE_CURVE('',#3104,#2824,#411,.T.);
#2685=EDGE_CURVE('',#3103,#3104,#3232,.T.);
#2686=EDGE_CURVE('',#3105,#2823,#412,.T.);
#2687=EDGE_CURVE('',#3105,#3104,#413,.T.);
#2688=EDGE_CURVE('',#3106,#2822,#414,.T.);
#2689=EDGE_CURVE('',#3106,#3105,#415,.T.);
#2690=EDGE_CURVE('',#3095,#3094,#3233,.T.);
#2691=EDGE_CURVE('',#3097,#3096,#3234,.T.);
#2692=EDGE_CURVE('',#3099,#3106,#416,.T.);
#2693=EDGE_CURVE('',#3087,#3092,#417,.T.);
#2694=EDGE_CURVE('',#3089,#3093,#418,.T.);
#2695=EDGE_CURVE('',#3107,#2862,#419,.T.);
#2696=EDGE_CURVE('',#3108,#3107,#420,.T.);
#2697=EDGE_CURVE('',#3108,#2861,#421,.T.);
#2698=EDGE_CURVE('',#3109,#2886,#422,.T.);
#2699=EDGE_CURVE('',#3107,#3109,#423,.T.);
#2700=EDGE_CURVE('',#3110,#2885,#424,.T.);
#2701=EDGE_CURVE('',#3109,#3110,#425,.T.);
#2702=EDGE_CURVE('',#3111,#2884,#426,.T.);
#2703=EDGE_CURVE('',#3110,#3111,#427,.T.);
#2704=EDGE_CURVE('',#3112,#2883,#428,.T.);
#2705=EDGE_CURVE('',#3111,#3112,#429,.T.);
#2706=EDGE_CURVE('',#3113,#2882,#430,.T.);
#2707=EDGE_CURVE('',#3112,#3113,#431,.T.);
#2708=EDGE_CURVE('',#3114,#2881,#432,.T.);
#2709=EDGE_CURVE('',#3114,#3113,#433,.T.);
#2710=EDGE_CURVE('',#3115,#2880,#434,.T.);
#2711=EDGE_CURVE('',#3115,#3114,#435,.T.);
#2712=EDGE_CURVE('',#3116,#2879,#436,.T.);
#2713=EDGE_CURVE('',#3116,#3115,#437,.T.);
#2714=EDGE_CURVE('',#3117,#2878,#438,.T.);
#2715=EDGE_CURVE('',#3117,#3116,#439,.T.);
#2716=EDGE_CURVE('',#3118,#2877,#440,.T.);
#2717=EDGE_CURVE('',#3118,#3117,#441,.T.);
#2718=EDGE_CURVE('',#3119,#2876,#442,.T.);
#2719=EDGE_CURVE('',#3119,#3118,#443,.T.);
#2720=EDGE_CURVE('',#3120,#2875,#444,.T.);
#2721=EDGE_CURVE('',#3120,#3119,#445,.T.);
#2722=EDGE_CURVE('',#3121,#2874,#446,.T.);
#2723=EDGE_CURVE('',#3121,#3120,#447,.T.);
#2724=EDGE_CURVE('',#3122,#2873,#448,.T.);
#2725=EDGE_CURVE('',#3121,#3122,#449,.T.);
#2726=EDGE_CURVE('',#3123,#2872,#450,.T.);
#2727=EDGE_CURVE('',#3122,#3123,#451,.T.);
#2728=EDGE_CURVE('',#3124,#2871,#452,.T.);
#2729=EDGE_CURVE('',#3123,#3124,#453,.T.);
#2730=EDGE_CURVE('',#3125,#2870,#454,.T.);
#2731=EDGE_CURVE('',#3124,#3125,#455,.T.);
#2732=EDGE_CURVE('',#3126,#2869,#456,.T.);
#2733=EDGE_CURVE('',#3125,#3126,#457,.T.);
#2734=EDGE_CURVE('',#3127,#2868,#458,.T.);
#2735=EDGE_CURVE('',#3126,#3127,#459,.T.);
#2736=EDGE_CURVE('',#3128,#2867,#460,.T.);
#2737=EDGE_CURVE('',#3127,#3128,#461,.T.);
#2738=EDGE_CURVE('',#3129,#2866,#462,.T.);
#2739=EDGE_CURVE('',#3128,#3129,#463,.T.);
#2740=EDGE_CURVE('',#3130,#2865,#464,.T.);
#2741=EDGE_CURVE('',#3129,#3130,#465,.T.);
#2742=EDGE_CURVE('',#3131,#2864,#466,.T.);
#2743=EDGE_CURVE('',#3130,#3131,#467,.T.);
#2744=EDGE_CURVE('',#3132,#2863,#468,.T.);
#2745=EDGE_CURVE('',#3131,#3132,#469,.T.);
#2746=EDGE_CURVE('',#3133,#3134,#3235,.T.);
#2747=EDGE_CURVE('',#3135,#3133,#470,.T.);
#2748=EDGE_CURVE('',#3135,#3136,#3236,.T.);
#2749=EDGE_CURVE('',#3136,#3134,#471,.T.);
#2750=EDGE_CURVE('',#3137,#3133,#472,.T.);
#2751=EDGE_CURVE('',#3138,#3137,#473,.T.);
#2752=EDGE_CURVE('',#3138,#3135,#474,.T.);
#2753=EDGE_CURVE('',#3139,#3137,#475,.T.);
#2754=EDGE_CURVE('',#3140,#3139,#476,.T.);
#2755=EDGE_CURVE('',#3140,#3138,#477,.T.);
#2756=EDGE_CURVE('',#3141,#3139,#478,.T.);
#2757=EDGE_CURVE('',#3142,#3141,#479,.T.);
#2758=EDGE_CURVE('',#3142,#3140,#480,.T.);
#2759=EDGE_CURVE('',#3141,#3143,#3237,.T.);
#2760=EDGE_CURVE('',#3144,#3143,#481,.T.);
#2761=EDGE_CURVE('',#3142,#3144,#3238,.T.);
#2762=EDGE_CURVE('',#3145,#3143,#482,.T.);
#2763=EDGE_CURVE('',#3146,#3145,#483,.T.);
#2764=EDGE_CURVE('',#3146,#3144,#484,.T.);
#2765=EDGE_CURVE('',#3147,#3145,#485,.T.);
#2766=EDGE_CURVE('',#3148,#3147,#486,.T.);
#2767=EDGE_CURVE('',#3148,#3146,#487,.T.);
#2768=EDGE_CURVE('',#3149,#3147,#488,.T.);
#2769=EDGE_CURVE('',#3150,#3149,#489,.T.);
#2770=EDGE_CURVE('',#3150,#3148,#490,.T.);
#2771=EDGE_CURVE('',#3149,#3151,#491,.T.);
#2772=EDGE_CURVE('',#3152,#3151,#492,.T.);
#2773=EDGE_CURVE('',#3150,#3152,#493,.T.);
#2774=EDGE_CURVE('',#3151,#3134,#494,.T.);
#2775=EDGE_CURVE('',#3152,#3136,#495,.T.);
#2776=EDGE_CURVE('',#3132,#3108,#496,.T.);
#2777=EDGE_CURVE('',#3153,#3154,#3239,.F.);
#2778=EDGE_CURVE('',#3154,#3155,#497,.F.);
#2779=EDGE_CURVE('',#3155,#3156,#3240,.F.);
#2780=EDGE_CURVE('',#3156,#3157,#498,.T.);
#2781=EDGE_CURVE('',#3157,#3158,#3241,.F.);
#2782=EDGE_CURVE('',#3158,#3159,#499,.T.);
#2783=EDGE_CURVE('',#3159,#3160,#3242,.F.);
#2784=EDGE_CURVE('',#3160,#3153,#500,.F.);
#2785=EDGE_CURVE('',#3161,#3161,#3243,.T.);
#2786=EDGE_CURVE('',#3162,#3162,#3244,.T.);
#2787=EDGE_CURVE('',#3163,#3163,#3245,.T.);
#2788=EDGE_CURVE('',#3164,#3164,#3246,.T.);
#2789=EDGE_CURVE('',#3165,#3166,#501,.T.);
#2790=EDGE_CURVE('',#3166,#3167,#502,.T.);
#2791=EDGE_CURVE('',#3168,#3167,#503,.T.);
#2792=EDGE_CURVE('',#3165,#3168,#504,.T.);
#2793=EDGE_CURVE('',#3158,#3169,#14,.F.);
#2794=EDGE_CURVE('',#3169,#3157,#15,.F.);
#2795=EDGE_CURVE('',#3156,#3170,#16,.F.);
#2796=EDGE_CURVE('',#3170,#3155,#17,.F.);
#2797=EDGE_CURVE('',#3165,#3170,#44,.T.);
#2798=EDGE_CURVE('',#3169,#3168,#45,.F.);
#2799=EDGE_CURVE('',#3159,#3171,#18,.T.);
#2800=EDGE_CURVE('',#3171,#3167,#46,.F.);
#2801=EDGE_CURVE('',#3160,#3171,#19,.F.);
#2802=EDGE_CURVE('',#3166,#3172,#47,.T.);
#2803=EDGE_CURVE('',#3172,#3154,#20,.T.);
#2804=EDGE_CURVE('',#3153,#3172,#21,.T.);
#2805=VERTEX_POINT('',#5476);
#2806=VERTEX_POINT('',#5478);
#2807=VERTEX_POINT('',#5482);
#2808=VERTEX_POINT('',#5483);
#2809=VERTEX_POINT('',#5485);
#2810=VERTEX_POINT('',#5487);
#2811=VERTEX_POINT('',#5490);
#2812=VERTEX_POINT('',#5491);
#2813=VERTEX_POINT('',#5493);
#2814=VERTEX_POINT('',#5495);
#2815=VERTEX_POINT('',#5498);
#2816=VERTEX_POINT('',#5499);
#2817=VERTEX_POINT('',#5501);
#2818=VERTEX_POINT('',#5503);
#2819=VERTEX_POINT('',#5506);
#2820=VERTEX_POINT('',#5507);
#2821=VERTEX_POINT('',#5509);
#2822=VERTEX_POINT('',#5511);
#2823=VERTEX_POINT('',#5513);
#2824=VERTEX_POINT('',#5515);
#2825=VERTEX_POINT('',#5517);
#2826=VERTEX_POINT('',#5519);
#2827=VERTEX_POINT('',#5521);
#2828=VERTEX_POINT('',#5525);
#2829=VERTEX_POINT('',#5526);
#2830=VERTEX_POINT('',#5528);
#2831=VERTEX_POINT('',#5530);
#2832=VERTEX_POINT('',#5532);
#2833=VERTEX_POINT('',#5534);
#2834=VERTEX_POINT('',#5537);
#2835=VERTEX_POINT('',#5538);
#2836=VERTEX_POINT('',#5540);
#2837=VERTEX_POINT('',#5542);
#2838=VERTEX_POINT('',#5545);
#2839=VERTEX_POINT('',#5546);
#2840=VERTEX_POINT('',#5548);
#2841=VERTEX_POINT('',#5550);
#2842=VERTEX_POINT('',#5552);
#2843=VERTEX_POINT('',#5554);
#2844=VERTEX_POINT('',#5556);
#2845=VERTEX_POINT('',#5558);
#2846=VERTEX_POINT('',#5560);
#2847=VERTEX_POINT('',#5562);
#2848=VERTEX_POINT('',#5564);
#2849=VERTEX_POINT('',#5566);
#2850=VERTEX_POINT('',#5568);
#2851=VERTEX_POINT('',#5570);
#2852=VERTEX_POINT('',#5572);
#2853=VERTEX_POINT('',#5576);
#2854=VERTEX_POINT('',#5577);
#2855=VERTEX_POINT('',#5579);
#2856=VERTEX_POINT('',#5581);
#2857=VERTEX_POINT('',#5584);
#2858=VERTEX_POINT('',#5585);
#2859=VERTEX_POINT('',#5587);
#2860=VERTEX_POINT('',#5589);
#2861=VERTEX_POINT('',#5593);
#2862=VERTEX_POINT('',#5594);
#2863=VERTEX_POINT('',#5596);
#2864=VERTEX_POINT('',#5598);
#2865=VERTEX_POINT('',#5600);
#2866=VERTEX_POINT('',#5602);
#2867=VERTEX_POINT('',#5604);
#2868=VERTEX_POINT('',#5606);
#2869=VERTEX_POINT('',#5608);
#2870=VERTEX_POINT('',#5610);
#2871=VERTEX_POINT('',#5612);
#2872=VERTEX_POINT('',#5614);
#2873=VERTEX_POINT('',#5616);
#2874=VERTEX_POINT('',#5618);
#2875=VERTEX_POINT('',#5620);
#2876=VERTEX_POINT('',#5622);
#2877=VERTEX_POINT('',#5624);
#2878=VERTEX_POINT('',#5626);
#2879=VERTEX_POINT('',#5628);
#2880=VERTEX_POINT('',#5630);
#2881=VERTEX_POINT('',#5632);
#2882=VERTEX_POINT('',#5634);
#2883=VERTEX_POINT('',#5636);
#2884=VERTEX_POINT('',#5638);
#2885=VERTEX_POINT('',#5640);
#2886=VERTEX_POINT('',#5642);
#2887=VERTEX_POINT('',#5645);
#2888=VERTEX_POINT('',#5646);
#2889=VERTEX_POINT('',#5648);
#2890=VERTEX_POINT('',#5650);
#2891=VERTEX_POINT('',#5653);
#2892=VERTEX_POINT('',#5654);
#2893=VERTEX_POINT('',#5656);
#2894=VERTEX_POINT('',#5658);
#2895=VERTEX_POINT('',#5662);
#2896=VERTEX_POINT('',#5663);
#2897=VERTEX_POINT('',#5665);
#2898=VERTEX_POINT('',#5667);
#2899=VERTEX_POINT('',#5670);
#2900=VERTEX_POINT('',#5671);
#2901=VERTEX_POINT('',#5673);
#2902=VERTEX_POINT('',#5675);
#2903=VERTEX_POINT('',#5677);
#2904=VERTEX_POINT('',#5679);
#2905=VERTEX_POINT('',#5681);
#2906=VERTEX_POINT('',#5683);
#2907=VERTEX_POINT('',#5685);
#2908=VERTEX_POINT('',#5687);
#2909=VERTEX_POINT('',#5689);
#2910=VERTEX_POINT('',#5691);
#2911=VERTEX_POINT('',#5693);
#2912=VERTEX_POINT('',#5695);
#2913=VERTEX_POINT('',#5699);
#2914=VERTEX_POINT('',#5701);
#2915=VERTEX_POINT('',#5705);
#2916=VERTEX_POINT('',#5706);
#2917=VERTEX_POINT('',#5708);
#2918=VERTEX_POINT('',#5710);
#2919=VERTEX_POINT('',#5713);
#2920=VERTEX_POINT('',#5717);
#2921=VERTEX_POINT('',#5718);
#2922=VERTEX_POINT('',#5720);
#2923=VERTEX_POINT('',#5722);
#2924=VERTEX_POINT('',#5726);
#2925=VERTEX_POINT('',#5728);
#2926=VERTEX_POINT('',#5730);
#2927=VERTEX_POINT('',#5732);
#2928=VERTEX_POINT('',#5736);
#2929=VERTEX_POINT('',#5737);
#2930=VERTEX_POINT('',#5739);
#2931=VERTEX_POINT('',#5741);
#2932=VERTEX_POINT('',#5743);
#2933=VERTEX_POINT('',#5747);
#2934=VERTEX_POINT('',#5749);
#2935=VERTEX_POINT('',#5751);
#2936=VERTEX_POINT('',#5753);
#2937=VERTEX_POINT('',#5755);
#2938=VERTEX_POINT('',#5757);
#2939=VERTEX_POINT('',#5760);
#2940=VERTEX_POINT('',#5761);
#2941=VERTEX_POINT('',#5763);
#2942=VERTEX_POINT('',#5765);
#2943=VERTEX_POINT('',#5769);
#2944=VERTEX_POINT('',#5770);
#2945=VERTEX_POINT('',#5772);
#2946=VERTEX_POINT('',#5774);
#2947=VERTEX_POINT('',#5778);
#2948=VERTEX_POINT('',#5780);
#2949=VERTEX_POINT('',#5786);
#2950=VERTEX_POINT('',#5787);
#2951=VERTEX_POINT('',#5789);
#2952=VERTEX_POINT('',#5791);
#2953=VERTEX_POINT('',#5794);
#2954=VERTEX_POINT('',#5795);
#2955=VERTEX_POINT('',#5797);
#2956=VERTEX_POINT('',#5799);
#2957=VERTEX_POINT('',#5802);
#2958=VERTEX_POINT('',#5803);
#2959=VERTEX_POINT('',#5805);
#2960=VERTEX_POINT('',#5807);
#2961=VERTEX_POINT('',#5810);
#2962=VERTEX_POINT('',#5811);
#2963=VERTEX_POINT('',#5813);
#2964=VERTEX_POINT('',#5815);
#2965=VERTEX_POINT('',#5818);
#2966=VERTEX_POINT('',#5820);
#2967=VERTEX_POINT('',#5824);
#2968=VERTEX_POINT('',#5826);
#2969=VERTEX_POINT('',#5830);
#2970=VERTEX_POINT('',#5834);
#2971=VERTEX_POINT('',#5841);
#2972=VERTEX_POINT('',#5845);
#2973=VERTEX_POINT('',#5846);
#2974=VERTEX_POINT('',#5851);
#2975=VERTEX_POINT('',#5859);
#2976=VERTEX_POINT('',#5860);
#2977=VERTEX_POINT('',#5862);
#2978=VERTEX_POINT('',#5864);
#2979=VERTEX_POINT('',#5868);
#2980=VERTEX_POINT('',#5870);
#2981=VERTEX_POINT('',#5874);
#2982=VERTEX_POINT('',#5876);
#2983=VERTEX_POINT('',#5880);
#2984=VERTEX_POINT('',#5882);
#2985=VERTEX_POINT('',#5886);
#2986=VERTEX_POINT('',#5890);
#2987=VERTEX_POINT('',#5900);
#2988=VERTEX_POINT('',#5902);
#2989=VERTEX_POINT('',#5904);
#2990=VERTEX_POINT('',#5906);
#2991=VERTEX_POINT('',#5909);
#2992=VERTEX_POINT('',#5911);
#2993=VERTEX_POINT('',#5915);
#2994=VERTEX_POINT('',#5916);
#2995=VERTEX_POINT('',#5923);
#2996=VERTEX_POINT('',#5927);
#2997=VERTEX_POINT('',#5933);
#2998=VERTEX_POINT('',#5935);
#2999=VERTEX_POINT('',#5937);
#3000=VERTEX_POINT('',#5939);
#3001=VERTEX_POINT('',#5941);
#3002=VERTEX_POINT('',#5943);
#3003=VERTEX_POINT('',#5945);
#3004=VERTEX_POINT('',#5947);
#3005=VERTEX_POINT('',#5951);
#3006=VERTEX_POINT('',#5952);
#3007=VERTEX_POINT('',#5954);
#3008=VERTEX_POINT('',#5956);
#3009=VERTEX_POINT('',#5958);
#3010=VERTEX_POINT('',#5960);
#3011=VERTEX_POINT('',#5962);
#3012=VERTEX_POINT('',#5964);
#3013=VERTEX_POINT('',#5968);
#3014=VERTEX_POINT('',#5970);
#3015=VERTEX_POINT('',#5974);
#3016=VERTEX_POINT('',#5976);
#3017=VERTEX_POINT('',#5980);
#3018=VERTEX_POINT('',#5990);
#3019=VERTEX_POINT('',#5994);
#3020=VERTEX_POINT('',#5996);
#3021=VERTEX_POINT('',#6000);
#3022=VERTEX_POINT('',#6004);
#3023=VERTEX_POINT('',#6018);
#3024=VERTEX_POINT('',#6022);
#3025=VERTEX_POINT('',#6032);
#3026=VERTEX_POINT('',#6033);
#3027=VERTEX_POINT('',#6039);
#3028=VERTEX_POINT('',#6043);
#3029=VERTEX_POINT('',#6044);
#3030=VERTEX_POINT('',#6049);
#3031=VERTEX_POINT('',#6050);
#3032=VERTEX_POINT('',#6056);
#3033=VERTEX_POINT('',#6061);
#3034=VERTEX_POINT('',#6063);
#3035=VERTEX_POINT('',#6067);
#3036=VERTEX_POINT('',#6068);
#3037=VERTEX_POINT('',#6115);
#3038=VERTEX_POINT('',#6117);
#3039=VERTEX_POINT('',#6121);
#3040=VERTEX_POINT('',#6125);
#3041=VERTEX_POINT('',#6129);
#3042=VERTEX_POINT('',#6130);
#3043=VERTEX_POINT('',#6132);
#3044=VERTEX_POINT('',#6134);
#3045=VERTEX_POINT('',#6138);
#3046=VERTEX_POINT('',#6140);
#3047=VERTEX_POINT('',#6144);
#3048=VERTEX_POINT('',#6146);
#3049=VERTEX_POINT('',#6157);
#3050=VERTEX_POINT('',#6161);
#3051=VERTEX_POINT('',#6167);
#3052=VERTEX_POINT('',#6171);
#3053=VERTEX_POINT('',#6178);
#3054=VERTEX_POINT('',#6180);
#3055=VERTEX_POINT('',#6184);
#3056=VERTEX_POINT('',#6188);
#3057=VERTEX_POINT('',#6214);
#3058=VERTEX_POINT('',#6216);
#3059=VERTEX_POINT('',#6220);
#3060=VERTEX_POINT('',#6224);
#3061=VERTEX_POINT('',#6228);
#3062=VERTEX_POINT('',#6230);
#3063=VERTEX_POINT('',#6234);
#3064=VERTEX_POINT('',#6238);
#3065=VERTEX_POINT('',#6247);
#3066=VERTEX_POINT('',#6249);
#3067=VERTEX_POINT('',#6253);
#3068=VERTEX_POINT('',#6257);
#3069=VERTEX_POINT('',#6264);
#3070=VERTEX_POINT('',#6266);
#3071=VERTEX_POINT('',#6270);
#3072=VERTEX_POINT('',#6274);
#3073=VERTEX_POINT('',#6278);
#3074=VERTEX_POINT('',#6282);
#3075=VERTEX_POINT('',#6286);
#3076=VERTEX_POINT('',#6290);
#3077=VERTEX_POINT('',#6294);
#3078=VERTEX_POINT('',#6298);
#3079=VERTEX_POINT('',#6302);
#3080=VERTEX_POINT('',#6306);
#3081=VERTEX_POINT('',#6310);
#3082=VERTEX_POINT('',#6314);
#3083=VERTEX_POINT('',#6318);
#3084=VERTEX_POINT('',#6324);
#3085=VERTEX_POINT('',#6326);
#3086=VERTEX_POINT('',#6331);
#3087=VERTEX_POINT('',#6332);
#3088=VERTEX_POINT('',#6334);
#3089=VERTEX_POINT('',#6336);
#3090=VERTEX_POINT('',#6340);
#3091=VERTEX_POINT('',#6342);
#3092=VERTEX_POINT('',#6346);
#3093=VERTEX_POINT('',#6348);
#3094=VERTEX_POINT('',#6352);
#3095=VERTEX_POINT('',#6353);
#3096=VERTEX_POINT('',#6355);
#3097=VERTEX_POINT('',#6357);
#3098=VERTEX_POINT('',#6361);
#3099=VERTEX_POINT('',#6363);
#3100=VERTEX_POINT('',#6367);
#3101=VERTEX_POINT('',#6371);
#3102=VERTEX_POINT('',#6375);
#3103=VERTEX_POINT('',#6379);
#3104=VERTEX_POINT('',#6383);
#3105=VERTEX_POINT('',#6387);
#3106=VERTEX_POINT('',#6391);
#3107=VERTEX_POINT('',#6406);
#3108=VERTEX_POINT('',#6408);
#3109=VERTEX_POINT('',#6412);
#3110=VERTEX_POINT('',#6416);
#3111=VERTEX_POINT('',#6420);
#3112=VERTEX_POINT('',#6424);
#3113=VERTEX_POINT('',#6428);
#3114=VERTEX_POINT('',#6432);
#3115=VERTEX_POINT('',#6436);
#3116=VERTEX_POINT('',#6440);
#3117=VERTEX_POINT('',#6444);
#3118=VERTEX_POINT('',#6448);
#3119=VERTEX_POINT('',#6452);
#3120=VERTEX_POINT('',#6456);
#3121=VERTEX_POINT('',#6460);
#3122=VERTEX_POINT('',#6464);
#3123=VERTEX_POINT('',#6468);
#3124=VERTEX_POINT('',#6472);
#3125=VERTEX_POINT('',#6476);
#3126=VERTEX_POINT('',#6480);
#3127=VERTEX_POINT('',#6484);
#3128=VERTEX_POINT('',#6488);
#3129=VERTEX_POINT('',#6492);
#3130=VERTEX_POINT('',#6496);
#3131=VERTEX_POINT('',#6500);
#3132=VERTEX_POINT('',#6504);
#3133=VERTEX_POINT('',#6508);
#3134=VERTEX_POINT('',#6509);
#3135=VERTEX_POINT('',#6511);
#3136=VERTEX_POINT('',#6513);
#3137=VERTEX_POINT('',#6517);
#3138=VERTEX_POINT('',#6519);
#3139=VERTEX_POINT('',#6523);
#3140=VERTEX_POINT('',#6525);
#3141=VERTEX_POINT('',#6529);
#3142=VERTEX_POINT('',#6531);
#3143=VERTEX_POINT('',#6535);
#3144=VERTEX_POINT('',#6537);
#3145=VERTEX_POINT('',#6541);
#3146=VERTEX_POINT('',#6543);
#3147=VERTEX_POINT('',#6547);
#3148=VERTEX_POINT('',#6549);
#3149=VERTEX_POINT('',#6553);
#3150=VERTEX_POINT('',#6555);
#3151=VERTEX_POINT('',#6559);
#3152=VERTEX_POINT('',#6561);
#3153=VERTEX_POINT('',#6573);
#3154=VERTEX_POINT('',#6574);
#3155=VERTEX_POINT('',#6576);
#3156=VERTEX_POINT('',#6578);
#3157=VERTEX_POINT('',#6580);
#3158=VERTEX_POINT('',#6582);
#3159=VERTEX_POINT('',#6584);
#3160=VERTEX_POINT('',#6586);
#3161=VERTEX_POINT('',#6590);
#3162=VERTEX_POINT('',#6592);
#3163=VERTEX_POINT('',#6594);
#3164=VERTEX_POINT('',#6596);
#3165=VERTEX_POINT('',#6598);
#3166=VERTEX_POINT('',#6599);
#3167=VERTEX_POINT('',#6601);
#3168=VERTEX_POINT('',#6603);
#3169=VERTEX_POINT('',#6611);
#3170=VERTEX_POINT('',#6623);
#3171=VERTEX_POINT('',#6638);
#3172=VERTEX_POINT('',#6648);
#3173=CIRCLE('',#4079,0.0013);
#3174=CIRCLE('',#4080,0.0013);
#3175=CIRCLE('',#4083,0.00358851641757517);
#3176=CIRCLE('',#4084,0.0035);
#3177=CIRCLE('',#4085,0.00785660948772025);
#3178=CIRCLE('',#4087,0.0010961741414654);
#3179=CIRCLE('',#4088,0.00468938706394709);
#3180=CIRCLE('',#4090,0.00459807302668402);
#3181=CIRCLE('',#4093,0.00258851641757517);
#3182=CIRCLE('',#4094,0.0025);
#3183=CIRCLE('',#4097,0.001);
#3184=CIRCLE('',#4100,0.00105);
#3185=CIRCLE('',#4101,0.00105);
#3186=CIRCLE('',#4103,0.001);
#3187=CIRCLE('',#4127,0.0011);
#3188=CIRCLE('',#4128,0.0011);
#3189=CIRCLE('',#4129,0.0011);
#3190=CIRCLE('',#4130,0.0011);
#3191=CIRCLE('',#4134,0.00105);
#3192=CIRCLE('',#4135,0.00105);
#3193=CIRCLE('',#4136,0.00105);
#3194=CIRCLE('',#4137,0.00105);
#3195=CIRCLE('',#4139,0.0011);
#3196=CIRCLE('',#4140,0.0011);
#3197=CIRCLE('',#4141,0.0011);
#3198=CIRCLE('',#4142,0.0011);
#3199=CIRCLE('',#4146,0.001);
#3200=CIRCLE('',#4153,0.001);
#3201=CIRCLE('',#4168,0.00105);
#3202=CIRCLE('',#4171,0.00105);
#3203=CIRCLE('',#4174,0.00105);
#3204=CIRCLE('',#4177,0.00105);
#3205=CIRCLE('',#4180,0.001);
#3206=CIRCLE('',#4185,0.001);
#3207=CIRCLE('',#4187,0.001);
#3208=CIRCLE('',#4188,0.001);
#3209=CIRCLE('',#4193,0.001);
#3210=CIRCLE('',#4195,0.001);
#3211=CIRCLE('',#4200,0.001);
#3212=CIRCLE('',#4201,0.001);
#3213=CIRCLE('',#4203,0.001);
#3214=CIRCLE('',#4205,0.001);
#3215=CIRCLE('',#4207,0.001);
#3216=CIRCLE('',#4209,0.001);
#3217=CIRCLE('',#4214,0.001);
#3218=CIRCLE('',#4228,0.001);
#3219=CIRCLE('',#4249,0.00258851641757517);
#3220=CIRCLE('',#4252,0.0025);
#3221=CIRCLE('',#4254,0.001);
#3222=CIRCLE('',#4255,0.001);
#3223=CIRCLE('',#4275,0.00459807302668402);
#3224=CIRCLE('',#4281,0.00468938706394709);
#3225=CIRCLE('',#4284,0.0010961741414654);
#3226=CIRCLE('',#4296,0.00233139431972151);
#3227=CIRCLE('',#4297,0.00233139431972151);
#3228=CIRCLE('',#4301,0.00263729568722953);
#3229=CIRCLE('',#4302,0.00263729568722953);
#3230=CIRCLE('',#4305,0.00156419701547983);
#3231=CIRCLE('',#4306,0.00156419701547983);
#3232=CIRCLE('',#4314,0.00785660948772025);
#3233=CIRCLE('',#4318,0.00472856894359227);
#3234=CIRCLE('',#4319,0.00472856894359227);
#3235=CIRCLE('',#4351,0.00297706823622838);
#3236=CIRCLE('',#4352,0.00297706823622838);
#3237=CIRCLE('',#4357,0.00109006475251044);
#3238=CIRCLE('',#4358,0.00109006475251044);
#3239=CIRCLE('',#4369,0.00205);
#3240=CIRCLE('',#4370,0.00205);
#3241=CIRCLE('',#4371,0.00205);
#3242=CIRCLE('',#4372,0.00205);
#3243=CIRCLE('',#4374,0.00105);
#3244=CIRCLE('',#4375,0.00105);
#3245=CIRCLE('',#4376,0.00105);
#3246=CIRCLE('',#4377,0.00105);
#3247=EDGE_LOOP('',(#1133));
#3248=EDGE_LOOP('',(#1134));
#3249=EDGE_LOOP('',(#1135,#1136,#1137,#1138));
#3250=EDGE_LOOP('',(#1139,#1140,#1141,#1142));
#3251=EDGE_LOOP('',(#1143,#1144,#1145,#1146));
#3252=EDGE_LOOP('',(#1147,#1148,#1149,#1150,#1151,#1152,#1153,#1154,#1155));
#3253=EDGE_LOOP('',(#1156,#1157,#1158,#1159,#1160,#1161));
#3254=EDGE_LOOP('',(#1162,#1163,#1164,#1165));
#3255=EDGE_LOOP('',(#1166,#1167,#1168,#1169,#1170,#1171,#1172,#1173,#1174,
#1175,#1176,#1177,#1178,#1179,#1180));
#3256=EDGE_LOOP('',(#1181,#1182,#1183,#1184));
#3257=EDGE_LOOP('',(#1185,#1186,#1187,#1188));
#3258=EDGE_LOOP('',(#1189,#1190,#1191,#1192,#1193,#1194,#1195,#1196,#1197,
#1198,#1199,#1200,#1201,#1202,#1203,#1204,#1205,#1206,#1207,#1208,#1209,
#1210,#1211,#1212,#1213,#1214));
#3259=EDGE_LOOP('',(#1215,#1216,#1217,#1218));
#3260=EDGE_LOOP('',(#1219,#1220,#1221,#1222));
#3261=EDGE_LOOP('',(#1223,#1224,#1225,#1226));
#3262=EDGE_LOOP('',(#1227,#1228,#1229,#1230,#1231,#1232,#1233,#1234,#1235,
#1236,#1237,#1238,#1239,#1240));
#3263=EDGE_LOOP('',(#1241,#1242,#1243,#1244));
#3264=EDGE_LOOP('',(#1245,#1246,#1247,#1248,#1249,#1250,#1251));
#3265=EDGE_LOOP('',(#1252,#1253,#1254,#1255));
#3266=EDGE_LOOP('',(#1256,#1257,#1258,#1259,#1260,#1261));
#3267=EDGE_LOOP('',(#1262,#1263,#1264,#1265,#1266));
#3268=EDGE_LOOP('',(#1267,#1268,#1269,#1270,#1271,#1272,#1273,#1274));
#3269=EDGE_LOOP('',(#1275,#1276,#1277,#1278));
#3270=EDGE_LOOP('',(#1279,#1280,#1281,#1282));
#3271=EDGE_LOOP('',(#1283,#1284,#1285,#1286,#1287,#1288,#1289,#1290,#1291,
#1292));
#3272=EDGE_LOOP('',(#1293,#1294,#1295,#1296));
#3273=EDGE_LOOP('',(#1297,#1298,#1299,#1300));
#3274=EDGE_LOOP('',(#1301,#1302,#1303,#1304));
#3275=EDGE_LOOP('',(#1305,#1306,#1307,#1308,#1309,#1310,#1311,#1312));
#3276=EDGE_LOOP('',(#1313,#1314,#1315,#1316));
#3277=EDGE_LOOP('',(#1317,#1318,#1319,#1320));
#3278=EDGE_LOOP('',(#1321,#1322,#1323,#1324));
#3279=EDGE_LOOP('',(#1325,#1326,#1327,#1328));
#3280=EDGE_LOOP('',(#1329,#1330,#1331,#1332));
#3281=EDGE_LOOP('',(#1333,#1334,#1335,#1336));
#3282=EDGE_LOOP('',(#1337,#1338,#1339,#1340));
#3283=EDGE_LOOP('',(#1341,#1342,#1343,#1344));
#3284=EDGE_LOOP('',(#1345,#1346,#1347,#1348));
#3285=EDGE_LOOP('',(#1349,#1350,#1351,#1352,#1353,#1354));
#3286=EDGE_LOOP('',(#1355,#1356,#1357,#1358));
#3287=EDGE_LOOP('',(#1359,#1360,#1361,#1362));
#3288=EDGE_LOOP('',(#1363,#1364,#1365,#1366));
#3289=EDGE_LOOP('',(#1367,#1368,#1369,#1370));
#3290=EDGE_LOOP('',(#1371,#1372,#1373,#1374));
#3291=EDGE_LOOP('',(#1375,#1376,#1377,#1378));
#3292=EDGE_LOOP('',(#1379,#1380,#1381,#1382));
#3293=EDGE_LOOP('',(#1383,#1384,#1385,#1386));
#3294=EDGE_LOOP('',(#1387,#1388,#1389,#1390));
#3295=EDGE_LOOP('',(#1391,#1392,#1393,#1394));
#3296=EDGE_LOOP('',(#1395));
#3297=EDGE_LOOP('',(#1396));
#3298=EDGE_LOOP('',(#1397));
#3299=EDGE_LOOP('',(#1398));
#3300=EDGE_LOOP('',(#1399,#1400,#1401,#1402));
#3301=EDGE_LOOP('',(#1403,#1404,#1405,#1406,#1407,#1408));
#3302=EDGE_LOOP('',(#1409,#1410,#1411,#1412,#1413,#1414,#1415,#1416));
#3303=EDGE_LOOP('',(#1417,#1418,#1419,#1420,#1421,#1422,#1423,#1424,#1425,
#1426,#1427,#1428));
#3304=EDGE_LOOP('',(#1429));
#3305=EDGE_LOOP('',(#1430));
#3306=EDGE_LOOP('',(#1431));
#3307=EDGE_LOOP('',(#1432));
#3308=EDGE_LOOP('',(#1433,#1434,#1435,#1436,#1437,#1438));
#3309=EDGE_LOOP('',(#1439,#1440,#1441,#1442,#1443,#1444,#1445,#1446));
#3310=EDGE_LOOP('',(#1447,#1448,#1449,#1450));
#3311=EDGE_LOOP('',(#1451));
#3312=EDGE_LOOP('',(#1452,#1453,#1454,#1455,#1456));
#3313=EDGE_LOOP('',(#1457,#1458,#1459,#1460));
#3314=EDGE_LOOP('',(#1461,#1462,#1463,#1464,#1465));
#3315=EDGE_LOOP('',(#1466,#1467,#1468,#1469));
#3316=EDGE_LOOP('',(#1470,#1471,#1472,#1473));
#3317=EDGE_LOOP('',(#1474,#1475,#1476,#1477));
#3318=EDGE_LOOP('',(#1478));
#3319=EDGE_LOOP('',(#1479));
#3320=EDGE_LOOP('',(#1480));
#3321=EDGE_LOOP('',(#1481,#1482,#1483,#1484));
#3322=EDGE_LOOP('',(#1485,#1486,#1487,#1488));
#3323=EDGE_LOOP('',(#1489,#1490,#1491,#1492));
#3324=EDGE_LOOP('',(#1493,#1494,#1495,#1496));
#3325=EDGE_LOOP('',(#1497,#1498,#1499,#1500));
#3326=EDGE_LOOP('',(#1501,#1502,#1503,#1504));
#3327=EDGE_LOOP('',(#1505,#1506,#1507,#1508));
#3328=EDGE_LOOP('',(#1509,#1510,#1511,#1512));
#3329=EDGE_LOOP('',(#1513));
#3330=EDGE_LOOP('',(#1514));
#3331=EDGE_LOOP('',(#1515));
#3332=EDGE_LOOP('',(#1516));
#3333=EDGE_LOOP('',(#1517));
#3334=EDGE_LOOP('',(#1518));
#3335=EDGE_LOOP('',(#1519,#1520,#1521,#1522,#1523));
#3336=EDGE_LOOP('',(#1524,#1525,#1526));
#3337=EDGE_LOOP('',(#1527,#1528,#1529,#1530,#1531));
#3338=EDGE_LOOP('',(#1532,#1533,#1534));
#3339=EDGE_LOOP('',(#1535,#1536,#1537,#1538,#1539));
#3340=EDGE_LOOP('',(#1540,#1541,#1542,#1543,#1544,#1545));
#3341=EDGE_LOOP('',(#1546,#1547,#1548,#1549));
#3342=EDGE_LOOP('',(#1550,#1551,#1552,#1553));
#3343=EDGE_LOOP('',(#1554,#1555,#1556,#1557,#1558));
#3344=EDGE_LOOP('',(#1559,#1560,#1561,#1562,#1563,#1564));
#3345=EDGE_LOOP('',(#1565,#1566,#1567,#1568,#1569,#1570));
#3346=EDGE_LOOP('',(#1571,#1572,#1573,#1574));
#3347=EDGE_LOOP('',(#1575,#1576,#1577,#1578));
#3348=EDGE_LOOP('',(#1579,#1580,#1581,#1582,#1583));
#3349=EDGE_LOOP('',(#1584,#1585,#1586,#1587));
#3350=EDGE_LOOP('',(#1588,#1589,#1590,#1591,#1592,#1593));
#3351=EDGE_LOOP('',(#1594,#1595,#1596,#1597));
#3352=EDGE_LOOP('',(#1598,#1599,#1600,#1601));
#3353=EDGE_LOOP('',(#1602,#1603,#1604));
#3354=EDGE_LOOP('',(#1605,#1606,#1607,#1608));
#3355=EDGE_LOOP('',(#1609,#1610,#1611,#1612));
#3356=EDGE_LOOP('',(#1613,#1614,#1615,#1616));
#3357=EDGE_LOOP('',(#1617,#1618,#1619));
#3358=EDGE_LOOP('',(#1620,#1621,#1622,#1623));
#3359=EDGE_LOOP('',(#1624,#1625,#1626,#1627));
#3360=EDGE_LOOP('',(#1628,#1629,#1630,#1631));
#3361=EDGE_LOOP('',(#1632,#1633,#1634,#1635,#1636,#1637));
#3362=EDGE_LOOP('',(#1638,#1639,#1640,#1641,#1642,#1643,#1644,#1645));
#3363=EDGE_LOOP('',(#1646,#1647,#1648,#1649));
#3364=EDGE_LOOP('',(#1650,#1651,#1652,#1653,#1654,#1655,#1656,#1657));
#3365=EDGE_LOOP('',(#1658,#1659,#1660,#1661));
#3366=EDGE_LOOP('',(#1662,#1663,#1664));
#3367=EDGE_LOOP('',(#1665,#1666,#1667,#1668));
#3368=EDGE_LOOP('',(#1669,#1670,#1671,#1672));
#3369=EDGE_LOOP('',(#1673,#1674,#1675,#1676));
#3370=EDGE_LOOP('',(#1677,#1678,#1679,#1680));
#3371=EDGE_LOOP('',(#1681,#1682,#1683,#1684));
#3372=EDGE_LOOP('',(#1685,#1686,#1687,#1688));
#3373=EDGE_LOOP('',(#1689,#1690,#1691,#1692));
#3374=EDGE_LOOP('',(#1693,#1694,#1695,#1696));
#3375=EDGE_LOOP('',(#1697,#1698,#1699,#1700));
#3376=EDGE_LOOP('',(#1701,#1702,#1703,#1704));
#3377=EDGE_LOOP('',(#1705,#1706,#1707,#1708));
#3378=EDGE_LOOP('',(#1709,#1710,#1711,#1712));
#3379=EDGE_LOOP('',(#1713,#1714,#1715,#1716));
#3380=EDGE_LOOP('',(#1717,#1718,#1719,#1720));
#3381=EDGE_LOOP('',(#1721,#1722,#1723,#1724));
#3382=EDGE_LOOP('',(#1725,#1726,#1727,#1728));
#3383=EDGE_LOOP('',(#1729,#1730,#1731,#1732));
#3384=EDGE_LOOP('',(#1733,#1734,#1735,#1736,#1737,#1738,#1739,#1740));
#3385=EDGE_LOOP('',(#1741,#1742,#1743,#1744));
#3386=EDGE_LOOP('',(#1745,#1746,#1747,#1748));
#3387=EDGE_LOOP('',(#1749,#1750,#1751,#1752));
#3388=EDGE_LOOP('',(#1753,#1754,#1755,#1756));
#3389=EDGE_LOOP('',(#1757,#1758,#1759,#1760));
#3390=EDGE_LOOP('',(#1761,#1762,#1763,#1764));
#3391=EDGE_LOOP('',(#1765,#1766,#1767,#1768));
#3392=EDGE_LOOP('',(#1769,#1770,#1771,#1772));
#3393=EDGE_LOOP('',(#1773));
#3394=EDGE_LOOP('',(#1774));
#3395=EDGE_LOOP('',(#1775));
#3396=EDGE_LOOP('',(#1776));
#3397=EDGE_LOOP('',(#1777));
#3398=EDGE_LOOP('',(#1778));
#3399=EDGE_LOOP('',(#1779));
#3400=EDGE_LOOP('',(#1780));
#3401=EDGE_LOOP('',(#1781,#1782,#1783,#1784));
#3402=EDGE_LOOP('',(#1785,#1786,#1787,#1788));
#3403=EDGE_LOOP('',(#1789,#1790,#1791,#1792));
#3404=EDGE_LOOP('',(#1793,#1794,#1795,#1796));
#3405=EDGE_LOOP('',(#1797,#1798,#1799,#1800));
#3406=EDGE_LOOP('',(#1801,#1802,#1803,#1804));
#3407=EDGE_LOOP('',(#1805,#1806,#1807,#1808));
#3408=EDGE_LOOP('',(#1809,#1810,#1811,#1812));
#3409=EDGE_LOOP('',(#1813,#1814,#1815,#1816));
#3410=EDGE_LOOP('',(#1817,#1818,#1819,#1820));
#3411=EDGE_LOOP('',(#1821,#1822,#1823,#1824));
#3412=EDGE_LOOP('',(#1825,#1826,#1827,#1828));
#3413=EDGE_LOOP('',(#1829,#1830,#1831,#1832));
#3414=EDGE_LOOP('',(#1833,#1834,#1835,#1836));
#3415=EDGE_LOOP('',(#1837,#1838,#1839,#1840));
#3416=EDGE_LOOP('',(#1841,#1842,#1843,#1844));
#3417=EDGE_LOOP('',(#1845,#1846,#1847,#1848));
#3418=EDGE_LOOP('',(#1849,#1850,#1851,#1852));
#3419=EDGE_LOOP('',(#1853,#1854,#1855,#1856));
#3420=EDGE_LOOP('',(#1857,#1858,#1859,#1860));
#3421=EDGE_LOOP('',(#1861,#1862,#1863,#1864));
#3422=EDGE_LOOP('',(#1865,#1866,#1867,#1868));
#3423=EDGE_LOOP('',(#1869,#1870,#1871,#1872));
#3424=EDGE_LOOP('',(#1873,#1874,#1875,#1876));
#3425=EDGE_LOOP('',(#1877,#1878,#1879,#1880));
#3426=EDGE_LOOP('',(#1881,#1882,#1883,#1884));
#3427=EDGE_LOOP('',(#1885,#1886,#1887,#1888));
#3428=EDGE_LOOP('',(#1889,#1890,#1891,#1892));
#3429=EDGE_LOOP('',(#1893,#1894,#1895,#1896));
#3430=EDGE_LOOP('',(#1897,#1898,#1899,#1900));
#3431=EDGE_LOOP('',(#1901));
#3432=EDGE_LOOP('',(#1902));
#3433=EDGE_LOOP('',(#1903,#1904,#1905,#1906,#1907,#1908,#1909,#1910,#1911,
#1912,#1913,#1914,#1915,#1916,#1917));
#3434=EDGE_LOOP('',(#1918));
#3435=EDGE_LOOP('',(#1919));
#3436=EDGE_LOOP('',(#1920,#1921,#1922,#1923));
#3437=EDGE_LOOP('',(#1924,#1925,#1926,#1927));
#3438=EDGE_LOOP('',(#1928,#1929,#1930,#1931));
#3439=EDGE_LOOP('',(#1932,#1933,#1934,#1935));
#3440=EDGE_LOOP('',(#1936,#1937,#1938,#1939));
#3441=EDGE_LOOP('',(#1940,#1941,#1942,#1943));
#3442=EDGE_LOOP('',(#1944,#1945,#1946,#1947));
#3443=EDGE_LOOP('',(#1948,#1949,#1950,#1951));
#3444=EDGE_LOOP('',(#1952,#1953,#1954,#1955));
#3445=EDGE_LOOP('',(#1956,#1957,#1958,#1959));
#3446=EDGE_LOOP('',(#1960,#1961,#1962,#1963));
#3447=EDGE_LOOP('',(#1964,#1965,#1966,#1967));
#3448=EDGE_LOOP('',(#1968,#1969,#1970,#1971));
#3449=EDGE_LOOP('',(#1972,#1973,#1974,#1975));
#3450=EDGE_LOOP('',(#1976,#1977,#1978,#1979));
#3451=EDGE_LOOP('',(#1980,#1981,#1982,#1983,#1984,#1985,#1986,#1987,#1988));
#3452=EDGE_LOOP('',(#1989,#1990));
#3453=EDGE_LOOP('',(#1991,#1992,#1993,#1994));
#3454=EDGE_LOOP('',(#1995,#1996));
#3455=EDGE_LOOP('',(#1997,#1998,#1999,#2000));
#3456=EDGE_LOOP('',(#2001,#2002,#2003,#2004));
#3457=EDGE_LOOP('',(#2005,#2006,#2007,#2008));
#3458=EDGE_LOOP('',(#2009,#2010,#2011,#2012));
#3459=EDGE_LOOP('',(#2013,#2014,#2015,#2016));
#3460=EDGE_LOOP('',(#2017,#2018,#2019,#2020));
#3461=EDGE_LOOP('',(#2021,#2022,#2023,#2024));
#3462=EDGE_LOOP('',(#2025,#2026,#2027,#2028));
#3463=EDGE_LOOP('',(#2029,#2030,#2031,#2032));
#3464=EDGE_LOOP('',(#2033,#2034,#2035,#2036));
#3465=EDGE_LOOP('',(#2037,#2038,#2039,#2040));
#3466=EDGE_LOOP('',(#2041,#2042,#2043,#2044));
#3467=EDGE_LOOP('',(#2045,#2046,#2047,#2048));
#3468=EDGE_LOOP('',(#2049,#2050,#2051,#2052));
#3469=EDGE_LOOP('',(#2053,#2054,#2055,#2056));
#3470=EDGE_LOOP('',(#2057,#2058,#2059,#2060));
#3471=EDGE_LOOP('',(#2061,#2062,#2063,#2064));
#3472=EDGE_LOOP('',(#2065,#2066,#2067,#2068));
#3473=EDGE_LOOP('',(#2069,#2070,#2071,#2072));
#3474=EDGE_LOOP('',(#2073,#2074,#2075,#2076));
#3475=EDGE_LOOP('',(#2077,#2078,#2079,#2080));
#3476=EDGE_LOOP('',(#2081,#2082,#2083,#2084));
#3477=EDGE_LOOP('',(#2085,#2086,#2087,#2088));
#3478=EDGE_LOOP('',(#2089,#2090,#2091,#2092));
#3479=EDGE_LOOP('',(#2093,#2094,#2095,#2096));
#3480=EDGE_LOOP('',(#2097,#2098,#2099,#2100));
#3481=EDGE_LOOP('',(#2101,#2102,#2103,#2104));
#3482=EDGE_LOOP('',(#2105,#2106,#2107,#2108));
#3483=EDGE_LOOP('',(#2109,#2110,#2111,#2112));
#3484=EDGE_LOOP('',(#2113,#2114,#2115,#2116));
#3485=EDGE_LOOP('',(#2117,#2118,#2119,#2120));
#3486=EDGE_LOOP('',(#2121,#2122,#2123,#2124));
#3487=EDGE_LOOP('',(#2125,#2126,#2127,#2128));
#3488=EDGE_LOOP('',(#2129,#2130,#2131,#2132));
#3489=EDGE_LOOP('',(#2133,#2134,#2135,#2136));
#3490=EDGE_LOOP('',(#2137,#2138,#2139,#2140));
#3491=EDGE_LOOP('',(#2141,#2142,#2143,#2144));
#3492=EDGE_LOOP('',(#2145,#2146,#2147,#2148,#2149,#2150,#2151,#2152,#2153,
#2154));
#3493=EDGE_LOOP('',(#2155,#2156,#2157,#2158,#2159,#2160,#2161,#2162,#2163,
#2164,#2165,#2166,#2167,#2168,#2169,#2170,#2171,#2172,#2173,#2174,#2175,
#2176,#2177,#2178,#2179,#2180));
#3494=EDGE_LOOP('',(#2181,#2182,#2183,#2184,#2185,#2186,#2187,#2188,#2189,
#2190));
#3495=EDGE_LOOP('',(#2191,#2192,#2193,#2194,#2195,#2196,#2197,#2198));
#3496=EDGE_LOOP('',(#2199));
#3497=EDGE_LOOP('',(#2200));
#3498=EDGE_LOOP('',(#2201));
#3499=EDGE_LOOP('',(#2202));
#3500=EDGE_LOOP('',(#2203,#2204,#2205,#2206));
#3501=EDGE_LOOP('',(#2207));
#3502=EDGE_LOOP('',(#2208,#2209,#2210));
#3503=EDGE_LOOP('',(#2211));
#3504=EDGE_LOOP('',(#2212,#2213,#2214));
#3505=EDGE_LOOP('',(#2215,#2216,#2217,#2218,#2219,#2220));
#3506=EDGE_LOOP('',(#2221,#2222,#2223,#2224,#2225,#2226));
#3507=EDGE_LOOP('',(#2227));
#3508=EDGE_LOOP('',(#2228,#2229,#2230));
#3509=EDGE_LOOP('',(#2231,#2232,#2233,#2234,#2235,#2236));
#3510=EDGE_LOOP('',(#2237,#2238,#2239,#2240,#2241,#2242));
#3511=EDGE_LOOP('',(#2243,#2244,#2245));
#3512=EDGE_LOOP('',(#2246));
#3513=FACE_BOUND('',#3247,.T.);
#3514=FACE_BOUND('',#3248,.T.);
#3515=FACE_BOUND('',#3249,.T.);
#3516=FACE_BOUND('',#3250,.T.);
#3517=FACE_BOUND('',#3251,.T.);
#3518=FACE_BOUND('',#3252,.T.);
#3519=FACE_BOUND('',#3253,.T.);
#3520=FACE_BOUND('',#3254,.T.);
#3521=FACE_BOUND('',#3255,.T.);
#3522=FACE_BOUND('',#3256,.T.);
#3523=FACE_BOUND('',#3257,.T.);
#3524=FACE_BOUND('',#3258,.T.);
#3525=FACE_BOUND('',#3259,.T.);
#3526=FACE_BOUND('',#3260,.T.);
#3527=FACE_BOUND('',#3261,.T.);
#3528=FACE_BOUND('',#3262,.T.);
#3529=FACE_BOUND('',#3263,.T.);
#3530=FACE_BOUND('',#3264,.T.);
#3531=FACE_BOUND('',#3265,.T.);
#3532=FACE_BOUND('',#3266,.T.);
#3533=FACE_BOUND('',#3267,.T.);
#3534=FACE_BOUND('',#3268,.T.);
#3535=FACE_BOUND('',#3269,.T.);
#3536=FACE_BOUND('',#3270,.T.);
#3537=FACE_BOUND('',#3271,.T.);
#3538=FACE_BOUND('',#3272,.T.);
#3539=FACE_BOUND('',#3273,.T.);
#3540=FACE_BOUND('',#3274,.T.);
#3541=FACE_BOUND('',#3275,.T.);
#3542=FACE_BOUND('',#3276,.T.);
#3543=FACE_BOUND('',#3277,.T.);
#3544=FACE_BOUND('',#3278,.T.);
#3545=FACE_BOUND('',#3279,.T.);
#3546=FACE_BOUND('',#3280,.T.);
#3547=FACE_BOUND('',#3281,.T.);
#3548=FACE_BOUND('',#3282,.T.);
#3549=FACE_BOUND('',#3283,.T.);
#3550=FACE_BOUND('',#3284,.T.);
#3551=FACE_BOUND('',#3285,.T.);
#3552=FACE_BOUND('',#3286,.T.);
#3553=FACE_BOUND('',#3287,.T.);
#3554=FACE_BOUND('',#3288,.T.);
#3555=FACE_BOUND('',#3289,.T.);
#3556=FACE_BOUND('',#3290,.T.);
#3557=FACE_BOUND('',#3291,.T.);
#3558=FACE_BOUND('',#3292,.T.);
#3559=FACE_BOUND('',#3293,.T.);
#3560=FACE_BOUND('',#3294,.T.);
#3561=FACE_BOUND('',#3295,.T.);
#3562=FACE_BOUND('',#3296,.T.);
#3563=FACE_BOUND('',#3297,.T.);
#3564=FACE_BOUND('',#3298,.T.);
#3565=FACE_BOUND('',#3299,.T.);
#3566=FACE_BOUND('',#3300,.T.);
#3567=FACE_BOUND('',#3301,.T.);
#3568=FACE_BOUND('',#3302,.T.);
#3569=FACE_BOUND('',#3303,.T.);
#3570=FACE_BOUND('',#3304,.T.);
#3571=FACE_BOUND('',#3305,.T.);
#3572=FACE_BOUND('',#3306,.T.);
#3573=FACE_BOUND('',#3307,.T.);
#3574=FACE_BOUND('',#3308,.T.);
#3575=FACE_BOUND('',#3309,.T.);
#3576=FACE_BOUND('',#3310,.T.);
#3577=FACE_BOUND('',#3311,.T.);
#3578=FACE_BOUND('',#3312,.T.);
#3579=FACE_BOUND('',#3313,.T.);
#3580=FACE_BOUND('',#3314,.T.);
#3581=FACE_BOUND('',#3315,.T.);
#3582=FACE_BOUND('',#3316,.T.);
#3583=FACE_BOUND('',#3317,.T.);
#3584=FACE_BOUND('',#3318,.T.);
#3585=FACE_BOUND('',#3319,.T.);
#3586=FACE_BOUND('',#3320,.T.);
#3587=FACE_BOUND('',#3321,.T.);
#3588=FACE_BOUND('',#3322,.T.);
#3589=FACE_BOUND('',#3323,.T.);
#3590=FACE_BOUND('',#3324,.T.);
#3591=FACE_BOUND('',#3325,.T.);
#3592=FACE_BOUND('',#3326,.T.);
#3593=FACE_BOUND('',#3327,.T.);
#3594=FACE_BOUND('',#3328,.T.);
#3595=FACE_BOUND('',#3329,.T.);
#3596=FACE_BOUND('',#3330,.T.);
#3597=FACE_BOUND('',#3331,.T.);
#3598=FACE_BOUND('',#3332,.T.);
#3599=FACE_BOUND('',#3333,.T.);
#3600=FACE_BOUND('',#3334,.T.);
#3601=FACE_BOUND('',#3335,.T.);
#3602=FACE_BOUND('',#3336,.T.);
#3603=FACE_BOUND('',#3337,.T.);
#3604=FACE_BOUND('',#3338,.T.);
#3605=FACE_BOUND('',#3339,.T.);
#3606=FACE_BOUND('',#3340,.T.);
#3607=FACE_BOUND('',#3341,.T.);
#3608=FACE_BOUND('',#3342,.T.);
#3609=FACE_BOUND('',#3343,.T.);
#3610=FACE_BOUND('',#3344,.T.);
#3611=FACE_BOUND('',#3345,.T.);
#3612=FACE_BOUND('',#3346,.T.);
#3613=FACE_BOUND('',#3347,.T.);
#3614=FACE_BOUND('',#3348,.T.);
#3615=FACE_BOUND('',#3349,.T.);
#3616=FACE_BOUND('',#3350,.T.);
#3617=FACE_BOUND('',#3351,.T.);
#3618=FACE_BOUND('',#3352,.T.);
#3619=FACE_BOUND('',#3353,.T.);
#3620=FACE_BOUND('',#3354,.T.);
#3621=FACE_BOUND('',#3355,.T.);
#3622=FACE_BOUND('',#3356,.T.);
#3623=FACE_BOUND('',#3357,.T.);
#3624=FACE_BOUND('',#3358,.T.);
#3625=FACE_BOUND('',#3359,.T.);
#3626=FACE_BOUND('',#3360,.T.);
#3627=FACE_BOUND('',#3361,.T.);
#3628=FACE_BOUND('',#3362,.T.);
#3629=FACE_BOUND('',#3363,.T.);
#3630=FACE_BOUND('',#3364,.T.);
#3631=FACE_BOUND('',#3365,.T.);
#3632=FACE_BOUND('',#3366,.T.);
#3633=FACE_BOUND('',#3367,.T.);
#3634=FACE_BOUND('',#3368,.T.);
#3635=FACE_BOUND('',#3369,.T.);
#3636=FACE_BOUND('',#3370,.T.);
#3637=FACE_BOUND('',#3371,.T.);
#3638=FACE_BOUND('',#3372,.T.);
#3639=FACE_BOUND('',#3373,.T.);
#3640=FACE_BOUND('',#3374,.T.);
#3641=FACE_BOUND('',#3375,.T.);
#3642=FACE_BOUND('',#3376,.T.);
#3643=FACE_BOUND('',#3377,.T.);
#3644=FACE_BOUND('',#3378,.T.);
#3645=FACE_BOUND('',#3379,.T.);
#3646=FACE_BOUND('',#3380,.T.);
#3647=FACE_BOUND('',#3381,.T.);
#3648=FACE_BOUND('',#3382,.T.);
#3649=FACE_BOUND('',#3383,.T.);
#3650=FACE_BOUND('',#3384,.T.);
#3651=FACE_BOUND('',#3385,.T.);
#3652=FACE_BOUND('',#3386,.T.);
#3653=FACE_BOUND('',#3387,.T.);
#3654=FACE_BOUND('',#3388,.T.);
#3655=FACE_BOUND('',#3389,.T.);
#3656=FACE_BOUND('',#3390,.T.);
#3657=FACE_BOUND('',#3391,.T.);
#3658=FACE_BOUND('',#3392,.T.);
#3659=FACE_BOUND('',#3393,.T.);
#3660=FACE_BOUND('',#3394,.T.);
#3661=FACE_BOUND('',#3395,.T.);
#3662=FACE_BOUND('',#3396,.T.);
#3663=FACE_BOUND('',#3397,.T.);
#3664=FACE_BOUND('',#3398,.T.);
#3665=FACE_BOUND('',#3399,.T.);
#3666=FACE_BOUND('',#3400,.T.);
#3667=FACE_BOUND('',#3401,.T.);
#3668=FACE_BOUND('',#3402,.T.);
#3669=FACE_BOUND('',#3403,.T.);
#3670=FACE_BOUND('',#3404,.T.);
#3671=FACE_BOUND('',#3405,.T.);
#3672=FACE_BOUND('',#3406,.T.);
#3673=FACE_BOUND('',#3407,.T.);
#3674=FACE_BOUND('',#3408,.T.);
#3675=FACE_BOUND('',#3409,.T.);
#3676=FACE_BOUND('',#3410,.T.);
#3677=FACE_BOUND('',#3411,.T.);
#3678=FACE_BOUND('',#3412,.T.);
#3679=FACE_BOUND('',#3413,.T.);
#3680=FACE_BOUND('',#3414,.T.);
#3681=FACE_BOUND('',#3415,.T.);
#3682=FACE_BOUND('',#3416,.T.);
#3683=FACE_BOUND('',#3417,.T.);
#3684=FACE_BOUND('',#3418,.T.);
#3685=FACE_BOUND('',#3419,.T.);
#3686=FACE_BOUND('',#3420,.T.);
#3687=FACE_BOUND('',#3421,.T.);
#3688=FACE_BOUND('',#3422,.T.);
#3689=FACE_BOUND('',#3423,.T.);
#3690=FACE_BOUND('',#3424,.T.);
#3691=FACE_BOUND('',#3425,.T.);
#3692=FACE_BOUND('',#3426,.T.);
#3693=FACE_BOUND('',#3427,.T.);
#3694=FACE_BOUND('',#3428,.T.);
#3695=FACE_BOUND('',#3429,.T.);
#3696=FACE_BOUND('',#3430,.T.);
#3697=FACE_BOUND('',#3431,.T.);
#3698=FACE_BOUND('',#3432,.T.);
#3699=FACE_BOUND('',#3433,.T.);
#3700=FACE_BOUND('',#3434,.T.);
#3701=FACE_BOUND('',#3435,.T.);
#3702=FACE_BOUND('',#3436,.T.);
#3703=FACE_BOUND('',#3437,.T.);
#3704=FACE_BOUND('',#3438,.T.);
#3705=FACE_BOUND('',#3439,.T.);
#3706=FACE_BOUND('',#3440,.T.);
#3707=FACE_BOUND('',#3441,.T.);
#3708=FACE_BOUND('',#3442,.T.);
#3709=FACE_BOUND('',#3443,.T.);
#3710=FACE_BOUND('',#3444,.T.);
#3711=FACE_BOUND('',#3445,.T.);
#3712=FACE_BOUND('',#3446,.T.);
#3713=FACE_BOUND('',#3447,.T.);
#3714=FACE_BOUND('',#3448,.T.);
#3715=FACE_BOUND('',#3449,.T.);
#3716=FACE_BOUND('',#3450,.T.);
#3717=FACE_BOUND('',#3451,.T.);
#3718=FACE_BOUND('',#3452,.T.);
#3719=FACE_BOUND('',#3453,.T.);
#3720=FACE_BOUND('',#3454,.T.);
#3721=FACE_BOUND('',#3455,.T.);
#3722=FACE_BOUND('',#3456,.T.);
#3723=FACE_BOUND('',#3457,.T.);
#3724=FACE_BOUND('',#3458,.T.);
#3725=FACE_BOUND('',#3459,.T.);
#3726=FACE_BOUND('',#3460,.T.);
#3727=FACE_BOUND('',#3461,.T.);
#3728=FACE_BOUND('',#3462,.T.);
#3729=FACE_BOUND('',#3463,.T.);
#3730=FACE_BOUND('',#3464,.T.);
#3731=FACE_BOUND('',#3465,.T.);
#3732=FACE_BOUND('',#3466,.T.);
#3733=FACE_BOUND('',#3467,.T.);
#3734=FACE_BOUND('',#3468,.T.);
#3735=FACE_BOUND('',#3469,.T.);
#3736=FACE_BOUND('',#3470,.T.);
#3737=FACE_BOUND('',#3471,.T.);
#3738=FACE_BOUND('',#3472,.T.);
#3739=FACE_BOUND('',#3473,.T.);
#3740=FACE_BOUND('',#3474,.T.);
#3741=FACE_BOUND('',#3475,.T.);
#3742=FACE_BOUND('',#3476,.T.);
#3743=FACE_BOUND('',#3477,.T.);
#3744=FACE_BOUND('',#3478,.T.);
#3745=FACE_BOUND('',#3479,.T.);
#3746=FACE_BOUND('',#3480,.T.);
#3747=FACE_BOUND('',#3481,.T.);
#3748=FACE_BOUND('',#3482,.T.);
#3749=FACE_BOUND('',#3483,.T.);
#3750=FACE_BOUND('',#3484,.T.);
#3751=FACE_BOUND('',#3485,.T.);
#3752=FACE_BOUND('',#3486,.T.);
#3753=FACE_BOUND('',#3487,.T.);
#3754=FACE_BOUND('',#3488,.T.);
#3755=FACE_BOUND('',#3489,.T.);
#3756=FACE_BOUND('',#3490,.T.);
#3757=FACE_BOUND('',#3491,.T.);
#3758=FACE_BOUND('',#3492,.T.);
#3759=FACE_BOUND('',#3493,.T.);
#3760=FACE_BOUND('',#3494,.T.);
#3761=FACE_BOUND('',#3495,.T.);
#3762=FACE_BOUND('',#3496,.T.);
#3763=FACE_BOUND('',#3497,.T.);
#3764=FACE_BOUND('',#3498,.T.);
#3765=FACE_BOUND('',#3499,.T.);
#3766=FACE_BOUND('',#3500,.T.);
#3767=FACE_BOUND('',#3501,.T.);
#3768=FACE_BOUND('',#3502,.T.);
#3769=FACE_BOUND('',#3503,.T.);
#3770=FACE_BOUND('',#3504,.T.);
#3771=FACE_BOUND('',#3505,.T.);
#3772=FACE_BOUND('',#3506,.T.);
#3773=FACE_BOUND('',#3507,.T.);
#3774=FACE_BOUND('',#3508,.T.);
#3775=FACE_BOUND('',#3509,.T.);
#3776=FACE_BOUND('',#3510,.T.);
#3777=FACE_BOUND('',#3511,.T.);
#3778=FACE_BOUND('',#3512,.T.);
#3779=CYLINDRICAL_SURFACE('',#4078,0.0013);
#3780=CYLINDRICAL_SURFACE('',#4152,0.001);
#3781=CYLINDRICAL_SURFACE('',#4159,0.001);
#3782=CYLINDRICAL_SURFACE('',#4162,0.001);
#3783=CYLINDRICAL_SURFACE('',#4164,0.001);
#3784=CYLINDRICAL_SURFACE('',#4166,0.001);
#3785=CYLINDRICAL_SURFACE('',#4167,0.00105);
#3786=CYLINDRICAL_SURFACE('',#4170,0.00105);
#3787=CYLINDRICAL_SURFACE('',#4173,0.00105);
#3788=CYLINDRICAL_SURFACE('',#4176,0.00105);
#3789=CYLINDRICAL_SURFACE('',#4194,0.001);
#3790=CYLINDRICAL_SURFACE('',#4197,0.001);
#3791=CYLINDRICAL_SURFACE('',#4199,0.001);
#3792=CYLINDRICAL_SURFACE('',#4202,0.001);
#3793=CYLINDRICAL_SURFACE('',#4206,0.001);
#3794=CYLINDRICAL_SURFACE('',#4208,0.001);
#3795=CYLINDRICAL_SURFACE('',#4211,0.001);
#3796=CYLINDRICAL_SURFACE('',#4215,0.001);
#3797=CYLINDRICAL_SURFACE('',#4217,0.001);
#3798=CYLINDRICAL_SURFACE('',#4219,0.001);
#3799=CYLINDRICAL_SURFACE('',#4221,0.001);
#3800=CYLINDRICAL_SURFACE('',#4223,0.001);
#3801=CYLINDRICAL_SURFACE('',#4225,0.001);
#3802=CYLINDRICAL_SURFACE('',#4226,0.001);
#3803=CYLINDRICAL_SURFACE('',#4227,0.001);
#3804=CYLINDRICAL_SURFACE('',#4248,0.00258851641757517);
#3805=CYLINDRICAL_SURFACE('',#4251,0.0025);
#3806=CYLINDRICAL_SURFACE('',#4256,0.001);
#3807=CYLINDRICAL_SURFACE('',#4257,0.001);
#3808=CYLINDRICAL_SURFACE('',#4259,0.0011);
#3809=CYLINDRICAL_SURFACE('',#4260,0.0011);
#3810=CYLINDRICAL_SURFACE('',#4261,0.0011);
#3811=CYLINDRICAL_SURFACE('',#4262,0.0011);
#3812=CYLINDRICAL_SURFACE('',#4274,0.00459807302668402);
#3813=CYLINDRICAL_SURFACE('',#4280,0.00468938706394709);
#3814=CYLINDRICAL_SURFACE('',#4283,0.0010961741414654);
#3815=CYLINDRICAL_SURFACE('',#4295,0.00233139431972151);
#3816=CYLINDRICAL_SURFACE('',#4300,0.00263729568722953);
#3817=CYLINDRICAL_SURFACE('',#4304,0.00156419701547983);
#3818=CYLINDRICAL_SURFACE('',#4313,0.00785660948772025);
#3819=CYLINDRICAL_SURFACE('',#4317,0.00472856894359227);
#3820=CYLINDRICAL_SURFACE('',#4350,0.00297706823622838);
#3821=CYLINDRICAL_SURFACE('',#4356,0.00109006475251044);
#3822=CYLINDRICAL_SURFACE('',#4380,0.001);
#3823=CYLINDRICAL_SURFACE('',#4383,0.001);
#3824=CYLINDRICAL_SURFACE('',#4386,0.001);
#3825=CYLINDRICAL_SURFACE('',#4388,0.001);
#3826=ADVANCED_FACE('',(#3513,#3514),#3779,.T.);
#3827=ADVANCED_FACE('',(#3515,#3516,#3517,#3518),#962,.T.);
#3828=ADVANCED_FACE('',(#3519,#3520,#3521),#963,.F.);
#3829=ADVANCED_FACE('',(#3522,#3523),#964,.T.);
#3830=ADVANCED_FACE('',(#3524,#3525,#3526),#965,.T.);
#3831=ADVANCED_FACE('',(#3527,#3528),#966,.F.);
#3832=ADVANCED_FACE('',(#3529),#967,.T.);
#3833=ADVANCED_FACE('',(#3530),#968,.T.);
#3834=ADVANCED_FACE('',(#3531),#969,.F.);
#3835=ADVANCED_FACE('',(#3532),#970,.T.);
#3836=ADVANCED_FACE('',(#3533),#971,.T.);
#3837=ADVANCED_FACE('',(#3534,#3535),#972,.T.);
#3838=ADVANCED_FACE('',(#3536),#973,.F.);
#3839=ADVANCED_FACE('',(#3537,#3538,#3539,#3540,#3541),#974,.T.);
#3840=ADVANCED_FACE('',(#3542),#975,.T.);
#3841=ADVANCED_FACE('',(#3543),#976,.F.);
#3842=ADVANCED_FACE('',(#3544),#977,.F.);
#3843=ADVANCED_FACE('',(#3545),#978,.T.);
#3844=ADVANCED_FACE('',(#3546),#979,.T.);
#3845=ADVANCED_FACE('',(#3547),#980,.T.);
#3846=ADVANCED_FACE('',(#3548),#981,.F.);
#3847=ADVANCED_FACE('',(#3549),#982,.F.);
#3848=ADVANCED_FACE('',(#3550),#983,.T.);
#3849=ADVANCED_FACE('',(#3551),#984,.T.);
#3850=ADVANCED_FACE('',(#3552),#985,.T.);
#3851=ADVANCED_FACE('',(#3553),#986,.F.);
#3852=ADVANCED_FACE('',(#3554),#987,.F.);
#3853=ADVANCED_FACE('',(#3555),#988,.T.);
#3854=ADVANCED_FACE('',(#3556),#989,.F.);
#3855=ADVANCED_FACE('',(#3557),#990,.F.);
#3856=ADVANCED_FACE('',(#3558),#991,.T.);
#3857=ADVANCED_FACE('',(#3559),#992,.T.);
#3858=ADVANCED_FACE('',(#3560,#3561),#993,.T.);
#3859=ADVANCED_FACE('',(#3562,#3563,#3564,#3565,#3566),#994,.T.);
#3860=ADVANCED_FACE('',(#3567),#995,.F.);
#3861=ADVANCED_FACE('',(#3568),#996,.T.);
#3862=ADVANCED_FACE('',(#3569),#997,.T.);
#3863=ADVANCED_FACE('',(#3570,#3571,#3572,#3573,#3574),#998,.F.);
#3864=ADVANCED_FACE('',(#3575),#999,.F.);
#3865=ADVANCED_FACE('',(#3576),#1000,.T.);
#3866=ADVANCED_FACE('',(#3577,#3578),#1001,.F.);
#3867=ADVANCED_FACE('',(#3579),#1002,.F.);
#3868=ADVANCED_FACE('',(#3580),#1003,.T.);
#3869=ADVANCED_FACE('',(#3581),#1004,.T.);
#3870=ADVANCED_FACE('',(#3582),#1005,.T.);
#3871=ADVANCED_FACE('',(#3583),#1006,.T.);
#3872=ADVANCED_FACE('',(#3584,#3585),#3780,.F.);
#3873=ADVANCED_FACE('',(#3586),#1007,.T.);
#3874=ADVANCED_FACE('',(#3587),#1008,.T.);
#3875=ADVANCED_FACE('',(#3588),#1009,.F.);
#3876=ADVANCED_FACE('',(#3589),#1010,.F.);
#3877=ADVANCED_FACE('',(#3590),#1011,.T.);
#3878=ADVANCED_FACE('',(#3591),#3781,.T.);
#3879=ADVANCED_FACE('',(#3592),#3782,.T.);
#3880=ADVANCED_FACE('',(#3593),#3783,.T.);
#3881=ADVANCED_FACE('',(#3594),#3784,.T.);
#3882=ADVANCED_FACE('',(#3595,#3596),#3785,.F.);
#3883=ADVANCED_FACE('',(#3597),#1012,.T.);
#3884=ADVANCED_FACE('',(#3598,#3599),#3786,.F.);
#3885=ADVANCED_FACE('',(#3600),#1013,.T.);
#3886=ADVANCED_FACE('',(#3601),#3787,.F.);
#3887=ADVANCED_FACE('',(#3602),#1014,.T.);
#3888=ADVANCED_FACE('',(#3603),#3788,.F.);
#3889=ADVANCED_FACE('',(#3604),#1015,.T.);
#3890=ADVANCED_FACE('',(#3605),#1016,.F.);
#3891=ADVANCED_FACE('',(#3606),#1017,.F.);
#3892=ADVANCED_FACE('',(#3607),#1018,.F.);
#3893=ADVANCED_FACE('',(#3608),#1019,.T.);
#3894=ADVANCED_FACE('',(#3609),#1020,.T.);
#3895=ADVANCED_FACE('',(#3610),#1021,.F.);
#3896=ADVANCED_FACE('',(#3611),#1022,.T.);
#3897=ADVANCED_FACE('',(#3612),#1023,.T.);
#3898=ADVANCED_FACE('',(#3613),#1024,.T.);
#3899=ADVANCED_FACE('',(#3614),#1025,.T.);
#3900=ADVANCED_FACE('',(#3615),#3789,.T.);
#3901=ADVANCED_FACE('',(#3616),#3790,.T.);
#3902=ADVANCED_FACE('',(#3617),#3791,.T.);
#3903=ADVANCED_FACE('',(#3618),#3792,.T.);
#3904=ADVANCED_FACE('',(#3619),#28,.T.);
#3905=ADVANCED_FACE('',(#3620),#3793,.T.);
#3906=ADVANCED_FACE('',(#3621),#3794,.T.);
#3907=ADVANCED_FACE('',(#3622),#3795,.T.);
#3908=ADVANCED_FACE('',(#3623),#29,.T.);
#3909=ADVANCED_FACE('',(#3624),#3796,.T.);
#3910=ADVANCED_FACE('',(#3625),#3797,.T.);
#3911=ADVANCED_FACE('',(#3626),#3798,.T.);
#3912=ADVANCED_FACE('',(#3627),#3799,.T.);
#3913=ADVANCED_FACE('',(#3628),#3800,.T.);
#3914=ADVANCED_FACE('',(#3629),#3801,.T.);
#3915=ADVANCED_FACE('',(#3630),#3802,.T.);
#3916=ADVANCED_FACE('',(#3631),#3803,.T.);
#3917=ADVANCED_FACE('',(#3632),#30,.T.);
#3918=ADVANCED_FACE('',(#3633),#1026,.T.);
#3919=ADVANCED_FACE('',(#3634),#1027,.F.);
#3920=ADVANCED_FACE('',(#3635),#1028,.F.);
#3921=ADVANCED_FACE('',(#3636),#1029,.T.);
#3922=ADVANCED_FACE('',(#3637),#1030,.F.);
#3923=ADVANCED_FACE('',(#3638),#1031,.F.);
#3924=ADVANCED_FACE('',(#3639),#1032,.T.);
#3925=ADVANCED_FACE('',(#3640),#1033,.T.);
#3926=ADVANCED_FACE('',(#3641,#3642),#1034,.T.);
#3927=ADVANCED_FACE('',(#3643),#1035,.T.);
#3928=ADVANCED_FACE('',(#3644),#1036,.F.);
#3929=ADVANCED_FACE('',(#3645),#1037,.F.);
#3930=ADVANCED_FACE('',(#3646),#1038,.T.);
#3931=ADVANCED_FACE('',(#3647),#1039,.T.);
#3932=ADVANCED_FACE('',(#3648),#1040,.F.);
#3933=ADVANCED_FACE('',(#3649),#1041,.F.);
#3934=ADVANCED_FACE('',(#3650),#1042,.T.);
#3935=ADVANCED_FACE('',(#3651),#1043,.F.);
#3936=ADVANCED_FACE('',(#3652),#3804,.F.);
#3937=ADVANCED_FACE('',(#3653),#1044,.T.);
#3938=ADVANCED_FACE('',(#3654),#3805,.F.);
#3939=ADVANCED_FACE('',(#3655),#22,.T.);
#3940=ADVANCED_FACE('',(#3656),#3806,.T.);
#3941=ADVANCED_FACE('',(#3657),#3807,.T.);
#3942=ADVANCED_FACE('',(#3658),#23,.T.);
#3943=ADVANCED_FACE('',(#3659,#3660),#3808,.F.);
#3944=ADVANCED_FACE('',(#3661,#3662),#3809,.F.);
#3945=ADVANCED_FACE('',(#3663,#3664),#3810,.F.);
#3946=ADVANCED_FACE('',(#3665,#3666),#3811,.F.);
#3947=ADVANCED_FACE('',(#3667),#1045,.T.);
#3948=ADVANCED_FACE('',(#3668),#1046,.F.);
#3949=ADVANCED_FACE('',(#3669),#1047,.F.);
#3950=ADVANCED_FACE('',(#3670),#1048,.T.);
#3951=ADVANCED_FACE('',(#3671),#1049,.F.);
#3952=ADVANCED_FACE('',(#3672),#1050,.F.);
#3953=ADVANCED_FACE('',(#3673),#1051,.T.);
#3954=ADVANCED_FACE('',(#3674),#1052,.T.);
#3955=ADVANCED_FACE('',(#3675,#3676),#1053,.T.);
#3956=ADVANCED_FACE('',(#3677),#1054,.T.);
#3957=ADVANCED_FACE('',(#3678),#1055,.F.);
#3958=ADVANCED_FACE('',(#3679),#3812,.F.);
#3959=ADVANCED_FACE('',(#3680),#1056,.T.);
#3960=ADVANCED_FACE('',(#3681),#1057,.T.);
#3961=ADVANCED_FACE('',(#3682),#1058,.T.);
#3962=ADVANCED_FACE('',(#3683),#1059,.T.);
#3963=ADVANCED_FACE('',(#3684),#3813,.F.);
#3964=ADVANCED_FACE('',(#3685),#1060,.F.);
#3965=ADVANCED_FACE('',(#3686),#3814,.F.);
#3966=ADVANCED_FACE('',(#3687),#1061,.T.);
#3967=ADVANCED_FACE('',(#3688),#1062,.T.);
#3968=ADVANCED_FACE('',(#3689),#1063,.T.);
#3969=ADVANCED_FACE('',(#3690),#1064,.T.);
#3970=ADVANCED_FACE('',(#3691),#1065,.T.);
#3971=ADVANCED_FACE('',(#3692),#1066,.T.);
#3972=ADVANCED_FACE('',(#3693),#1067,.T.);
#3973=ADVANCED_FACE('',(#3694),#1068,.T.);
#3974=ADVANCED_FACE('',(#3695),#1069,.T.);
#3975=ADVANCED_FACE('',(#3696),#1070,.T.);
#3976=ADVANCED_FACE('',(#3697,#3698),#3815,.T.);
#3977=ADVANCED_FACE('',(#3699,#3700),#1071,.T.);
#3978=ADVANCED_FACE('',(#3701),#1072,.F.);
#3979=ADVANCED_FACE('',(#3702),#3816,.T.);
#3980=ADVANCED_FACE('',(#3703),#1073,.F.);
#3981=ADVANCED_FACE('',(#3704),#3817,.T.);
#3982=ADVANCED_FACE('',(#3705),#1074,.T.);
#3983=ADVANCED_FACE('',(#3706),#1075,.T.);
#3984=ADVANCED_FACE('',(#3707),#1076,.F.);
#3985=ADVANCED_FACE('',(#3708),#1077,.F.);
#3986=ADVANCED_FACE('',(#3709),#1078,.F.);
#3987=ADVANCED_FACE('',(#3710),#1079,.F.);
#3988=ADVANCED_FACE('',(#3711),#3818,.F.);
#3989=ADVANCED_FACE('',(#3712),#1080,.T.);
#3990=ADVANCED_FACE('',(#3713),#1081,.T.);
#3991=ADVANCED_FACE('',(#3714),#3819,.T.);
#3992=ADVANCED_FACE('',(#3715),#1082,.T.);
#3993=ADVANCED_FACE('',(#3716),#1083,.T.);
#3994=ADVANCED_FACE('',(#3717,#3718,#3719),#1084,.T.);
#3995=ADVANCED_FACE('',(#3720),#1085,.T.);
#3996=ADVANCED_FACE('',(#3721),#1086,.T.);
#3997=ADVANCED_FACE('',(#3722),#1087,.F.);
#3998=ADVANCED_FACE('',(#3723),#1088,.F.);
#3999=ADVANCED_FACE('',(#3724),#1089,.F.);
#4000=ADVANCED_FACE('',(#3725),#1090,.F.);
#4001=ADVANCED_FACE('',(#3726),#1091,.F.);
#4002=ADVANCED_FACE('',(#3727),#1092,.F.);
#4003=ADVANCED_FACE('',(#3728),#1093,.T.);
#4004=ADVANCED_FACE('',(#3729),#1094,.T.);
#4005=ADVANCED_FACE('',(#3730),#1095,.T.);
#4006=ADVANCED_FACE('',(#3731),#1096,.T.);
#4007=ADVANCED_FACE('',(#3732),#1097,.T.);
#4008=ADVANCED_FACE('',(#3733),#1098,.T.);
#4009=ADVANCED_FACE('',(#3734),#1099,.T.);
#4010=ADVANCED_FACE('',(#3735),#1100,.T.);
#4011=ADVANCED_FACE('',(#3736),#1101,.F.);
#4012=ADVANCED_FACE('',(#3737),#1102,.F.);
#4013=ADVANCED_FACE('',(#3738),#1103,.F.);
#4014=ADVANCED_FACE('',(#3739),#1104,.F.);
#4015=ADVANCED_FACE('',(#3740),#1105,.F.);
#4016=ADVANCED_FACE('',(#3741),#1106,.F.);
#4017=ADVANCED_FACE('',(#3742),#1107,.F.);
#4018=ADVANCED_FACE('',(#3743),#1108,.F.);
#4019=ADVANCED_FACE('',(#3744),#1109,.F.);
#4020=ADVANCED_FACE('',(#3745),#1110,.F.);
#4021=ADVANCED_FACE('',(#3746),#1111,.F.);
#4022=ADVANCED_FACE('',(#3747),#3820,.T.);
#4023=ADVANCED_FACE('',(#3748),#1112,.T.);
#4024=ADVANCED_FACE('',(#3749),#1113,.T.);
#4025=ADVANCED_FACE('',(#3750),#1114,.T.);
#4026=ADVANCED_FACE('',(#3751),#3821,.F.);
#4027=ADVANCED_FACE('',(#3752),#1115,.T.);
#4028=ADVANCED_FACE('',(#3753),#1116,.T.);
#4029=ADVANCED_FACE('',(#3754),#1117,.T.);
#4030=ADVANCED_FACE('',(#3755),#1118,.F.);
#4031=ADVANCED_FACE('',(#3756),#1119,.F.);
#4032=ADVANCED_FACE('',(#3757),#1120,.F.);
#4033=ADVANCED_FACE('',(#3758,#3759),#1121,.T.);
#4034=ADVANCED_FACE('',(#3760),#1122,.T.);
#4035=ADVANCED_FACE('',(#3761),#1123,.T.);
#4036=ADVANCED_FACE('',(#3762,#3763,#3764,#3765,#3766),#1124,.F.);
#4037=ADVANCED_FACE('',(#3767,#3768),#24,.T.);
#4038=ADVANCED_FACE('',(#3769,#3770),#25,.T.);
#4039=ADVANCED_FACE('',(#3771),#3822,.T.);
#4040=ADVANCED_FACE('',(#3772),#3823,.T.);
#4041=ADVANCED_FACE('',(#3773,#3774),#26,.T.);
#4042=ADVANCED_FACE('',(#3775),#3824,.T.);
#4043=ADVANCED_FACE('',(#3776),#3825,.T.);
#4044=ADVANCED_FACE('',(#3777,#3778),#27,.T.);
#4045=OPEN_SHELL('',(#3826));
#4046=STYLED_ITEM('',(#4049),#4070);
#4047=STYLED_ITEM('',(#4050),#1127);
#4048=STYLED_ITEM('',(#4051),#1128);
#4049=PRESENTATION_STYLE_ASSIGNMENT((#4052));
#4050=PRESENTATION_STYLE_ASSIGNMENT((#4053));
#4051=PRESENTATION_STYLE_ASSIGNMENT((#4054));
#4052=SURFACE_STYLE_USAGE(.BOTH.,#4055);
#4053=SURFACE_STYLE_USAGE(.BOTH.,#4056);
#4054=SURFACE_STYLE_USAGE(.BOTH.,#4057);
#4055=SURFACE_SIDE_STYLE('',(#4058));
#4056=SURFACE_SIDE_STYLE('',(#4059));
#4057=SURFACE_SIDE_STYLE('',(#4060));
#4058=SURFACE_STYLE_FILL_AREA(#4061);
#4059=SURFACE_STYLE_FILL_AREA(#4062);
#4060=SURFACE_STYLE_FILL_AREA(#4063);
#4061=FILL_AREA_STYLE('',(#4064));
#4062=FILL_AREA_STYLE('',(#4065));
#4063=FILL_AREA_STYLE('',(#4066));
#4064=FILL_AREA_STYLE_COLOUR('',#4067);
#4065=FILL_AREA_STYLE_COLOUR('',#4068);
#4066=FILL_AREA_STYLE_COLOUR('',#4069);
#4067=COLOUR_RGB('',0.647058823529412,0.647058823529412,0.647058823529412);
#4068=COLOUR_RGB('',0.615686274509804,0.811764705882353,0.929411764705882);
#4069=COLOUR_RGB('',0.231372549019608,0.380392156862745,0.705882352941177);
#4070=SHELL_BASED_SURFACE_MODEL('Surface 1',(#4045));
#4071=SHAPE_DEFINITION_REPRESENTATION(#6679,#4074);
#4072=SHAPE_DEFINITION_REPRESENTATION(#6680,#4075);
#4073=SHAPE_DEFINITION_REPRESENTATION(#6681,#4076);
#4074=SHAPE_REPRESENTATION('Surface 1',(#4077),#6664);
#4075=SHAPE_REPRESENTATION('Part 1',(#4081),#6665);
#4076=SHAPE_REPRESENTATION('Part 2',(#4367),#6666);
#4077=AXIS2_PLACEMENT_3D('',#5473,#4390,#4391);
#4078=AXIS2_PLACEMENT_3D('',#5474,#4392,#4393);
#4079=AXIS2_PLACEMENT_3D('',#5475,#4394,#4395);
#4080=AXIS2_PLACEMENT_3D('',#5477,#4396,#4397);
#4081=AXIS2_PLACEMENT_3D('',#5479,#4398,#4399);
#4082=AXIS2_PLACEMENT_3D('',#5480,#4400,#4401);
#4083=AXIS2_PLACEMENT_3D('',#5500,#4411,#4412);
#4084=AXIS2_PLACEMENT_3D('',#5504,#4414,#4415);
#4085=AXIS2_PLACEMENT_3D('',#5516,#4421,#4422);
#4086=AXIS2_PLACEMENT_3D('',#5523,#4426,#4427);
#4087=AXIS2_PLACEMENT_3D('',#5567,#4449,#4450);
#4088=AXIS2_PLACEMENT_3D('',#5571,#4452,#4453);
#4089=AXIS2_PLACEMENT_3D('',#5574,#4455,#4456);
#4090=AXIS2_PLACEMENT_3D('',#5590,#4464,#4465);
#4091=AXIS2_PLACEMENT_3D('',#5591,#4466,#4467);
#4092=AXIS2_PLACEMENT_3D('',#5660,#4502,#4503);
#4093=AXIS2_PLACEMENT_3D('',#5661,#4504,#4505);
#4094=AXIS2_PLACEMENT_3D('',#5666,#4507,#4508);
#4095=AXIS2_PLACEMENT_3D('',#5697,#4524,#4525);
#4096=AXIS2_PLACEMENT_3D('',#5703,#4529,#4530);
#4097=AXIS2_PLACEMENT_3D('',#5712,#4535,#4536);
#4098=AXIS2_PLACEMENT_3D('',#5715,#4538,#4539);
#4099=AXIS2_PLACEMENT_3D('',#5724,#4544,#4545);
#4100=AXIS2_PLACEMENT_3D('',#5727,#4547,#4548);
#4101=AXIS2_PLACEMENT_3D('',#5731,#4550,#4551);
#4102=AXIS2_PLACEMENT_3D('',#5734,#4553,#4554);
#4103=AXIS2_PLACEMENT_3D('',#5738,#4556,#4557);
#4104=AXIS2_PLACEMENT_3D('',#5745,#4561,#4562);
#4105=AXIS2_PLACEMENT_3D('',#5767,#4574,#4575);
#4106=AXIS2_PLACEMENT_3D('',#5776,#4580,#4581);
#4107=AXIS2_PLACEMENT_3D('',#5822,#4607,#4608);
#4108=AXIS2_PLACEMENT_3D('',#5828,#4612,#4613);
#4109=AXIS2_PLACEMENT_3D('',#5832,#4616,#4617);
#4110=AXIS2_PLACEMENT_3D('',#5836,#4620,#4621);
#4111=AXIS2_PLACEMENT_3D('',#5838,#4623,#4624);
#4112=AXIS2_PLACEMENT_3D('',#5839,#4625,#4626);
#4113=AXIS2_PLACEMENT_3D('',#5843,#4629,#4630);
#4114=AXIS2_PLACEMENT_3D('',#5849,#4634,#4635);
#4115=AXIS2_PLACEMENT_3D('',#5853,#4638,#4639);
#4116=AXIS2_PLACEMENT_3D('',#5855,#4641,#4642);
#4117=AXIS2_PLACEMENT_3D('',#5857,#4644,#4645);
#4118=AXIS2_PLACEMENT_3D('',#5866,#4650,#4651);
#4119=AXIS2_PLACEMENT_3D('',#5872,#4655,#4656);
#4120=AXIS2_PLACEMENT_3D('',#5878,#4660,#4661);
#4121=AXIS2_PLACEMENT_3D('',#5884,#4665,#4666);
#4122=AXIS2_PLACEMENT_3D('',#5888,#4669,#4670);
#4123=AXIS2_PLACEMENT_3D('',#5892,#4673,#4674);
#4124=AXIS2_PLACEMENT_3D('',#5894,#4676,#4677);
#4125=AXIS2_PLACEMENT_3D('',#5897,#4680,#4681);
#4126=AXIS2_PLACEMENT_3D('',#5898,#4682,#4683);
#4127=AXIS2_PLACEMENT_3D('',#5899,#4684,#4685);
#4128=AXIS2_PLACEMENT_3D('',#5901,#4686,#4687);
#4129=AXIS2_PLACEMENT_3D('',#5903,#4688,#4689);
#4130=AXIS2_PLACEMENT_3D('',#5905,#4690,#4691);
#4131=AXIS2_PLACEMENT_3D('',#5907,#4692,#4693);
#4132=AXIS2_PLACEMENT_3D('',#5913,#4697,#4698);
#4133=AXIS2_PLACEMENT_3D('',#5920,#4703,#4704);
#4134=AXIS2_PLACEMENT_3D('',#5921,#4705,#4706);
#4135=AXIS2_PLACEMENT_3D('',#5924,#4708,#4709);
#4136=AXIS2_PLACEMENT_3D('',#5928,#4712,#4713);
#4137=AXIS2_PLACEMENT_3D('',#5930,#4715,#4716);
#4138=AXIS2_PLACEMENT_3D('',#5931,#4717,#4718);
#4139=AXIS2_PLACEMENT_3D('',#5932,#4719,#4720);
#4140=AXIS2_PLACEMENT_3D('',#5934,#4721,#4722);
#4141=AXIS2_PLACEMENT_3D('',#5936,#4723,#4724);
#4142=AXIS2_PLACEMENT_3D('',#5938,#4725,#4726);
#4143=AXIS2_PLACEMENT_3D('',#5949,#4732,#4733);
#4144=AXIS2_PLACEMENT_3D('',#5966,#4742,#4743);
#4145=AXIS2_PLACEMENT_3D('',#5972,#4747,#4748);
#4146=AXIS2_PLACEMENT_3D('',#5973,#4749,#4750);
#4147=AXIS2_PLACEMENT_3D('',#5978,#4753,#4754);
#4148=AXIS2_PLACEMENT_3D('',#5982,#4757,#4758);
#4149=AXIS2_PLACEMENT_3D('',#5984,#4760,#4761);
#4150=AXIS2_PLACEMENT_3D('',#5985,#4762,#4763);
#4151=AXIS2_PLACEMENT_3D('',#5987,#4765,#4766);
#4152=AXIS2_PLACEMENT_3D('',#5988,#4767,#4768);
#4153=AXIS2_PLACEMENT_3D('',#5989,#4769,#4770);
#4154=AXIS2_PLACEMENT_3D('',#5991,#4771,#4772);
#4155=AXIS2_PLACEMENT_3D('',#5992,#4773,#4774);
#4156=AXIS2_PLACEMENT_3D('',#5998,#4778,#4779);
#4157=AXIS2_PLACEMENT_3D('',#6002,#4782,#4783);
#4158=AXIS2_PLACEMENT_3D('',#6006,#4786,#4787);
#4159=AXIS2_PLACEMENT_3D('',#6008,#4789,#4790);
#4160=AXIS2_PLACEMENT_3D('',#6009,#4791,#4792);
#4161=AXIS2_PLACEMENT_3D('',#6010,#4793,#4794);
#4162=AXIS2_PLACEMENT_3D('',#6011,#4795,#4796);
#4163=AXIS2_PLACEMENT_3D('',#6012,#4797,#4798);
#4164=AXIS2_PLACEMENT_3D('',#6013,#4799,#4800);
#4165=AXIS2_PLACEMENT_3D('',#6014,#4801,#4802);
#4166=AXIS2_PLACEMENT_3D('',#6015,#4803,#4804);
#4167=AXIS2_PLACEMENT_3D('',#6016,#4805,#4806);
#4168=AXIS2_PLACEMENT_3D('',#6017,#4807,#4808);
#4169=AXIS2_PLACEMENT_3D('',#6019,#4809,#4810);
#4170=AXIS2_PLACEMENT_3D('',#6020,#4811,#4812);
#4171=AXIS2_PLACEMENT_3D('',#6021,#4813,#4814);
#4172=AXIS2_PLACEMENT_3D('',#6023,#4815,#4816);
#4173=AXIS2_PLACEMENT_3D('',#6024,#4817,#4818);
#4174=AXIS2_PLACEMENT_3D('',#6025,#4819,#4820);
#4175=AXIS2_PLACEMENT_3D('',#6026,#4821,#4822);
#4176=AXIS2_PLACEMENT_3D('',#6027,#4823,#4824);
#4177=AXIS2_PLACEMENT_3D('',#6028,#4825,#4826);
#4178=AXIS2_PLACEMENT_3D('',#6029,#4827,#4828);
#4179=AXIS2_PLACEMENT_3D('',#6030,#4829,#4830);
#4180=AXIS2_PLACEMENT_3D('',#6034,#4832,#4833);
#4181=AXIS2_PLACEMENT_3D('',#6036,#4835,#4836);
#4182=AXIS2_PLACEMENT_3D('',#6041,#4840,#4841);
#4183=AXIS2_PLACEMENT_3D('',#6047,#4845,#4846);
#4184=AXIS2_PLACEMENT_3D('',#6053,#4850,#4851);
#4185=AXIS2_PLACEMENT_3D('',#6057,#4854,#4855);
#4186=AXIS2_PLACEMENT_3D('',#6058,#4856,#4857);
#4187=AXIS2_PLACEMENT_3D('',#6059,#4858,#4859);
#4188=AXIS2_PLACEMENT_3D('',#6062,#4861,#4862);
#4189=AXIS2_PLACEMENT_3D('',#6065,#4864,#4865);
#4190=AXIS2_PLACEMENT_3D('',#6071,#4869,#4870);
#4191=AXIS2_PLACEMENT_3D('',#6073,#4872,#4873);
#4192=AXIS2_PLACEMENT_3D('',#6075,#4875,#4876);
#4193=AXIS2_PLACEMENT_3D('',#6076,#4877,#4878);
#4194=AXIS2_PLACEMENT_3D('',#6077,#4879,#4880);
#4195=AXIS2_PLACEMENT_3D('',#6078,#4881,#4882);
#4196=AXIS2_PLACEMENT_3D('',#6079,#4883,#4884);
#4197=AXIS2_PLACEMENT_3D('',#6080,#4885,#4886);
#4198=AXIS2_PLACEMENT_3D('',#6081,#4887,#4888);
#4199=AXIS2_PLACEMENT_3D('',#6082,#4889,#4890);
#4200=AXIS2_PLACEMENT_3D('',#6083,#4891,#4892);
#4201=AXIS2_PLACEMENT_3D('',#6084,#4893,#4894);
#4202=AXIS2_PLACEMENT_3D('',#6085,#4895,#4896);
#4203=AXIS2_PLACEMENT_3D('',#6086,#4897,#4898);
#4204=AXIS2_PLACEMENT_3D('',#6087,#4899,#4900);
#4205=AXIS2_PLACEMENT_3D('',#6088,#4901,#4902);
#4206=AXIS2_PLACEMENT_3D('',#6089,#4903,#4904);
#4207=AXIS2_PLACEMENT_3D('',#6090,#4905,#4906);
#4208=AXIS2_PLACEMENT_3D('',#6091,#4907,#4908);
#4209=AXIS2_PLACEMENT_3D('',#6092,#4909,#4910);
#4210=AXIS2_PLACEMENT_3D('',#6093,#4911,#4912);
#4211=AXIS2_PLACEMENT_3D('',#6094,#4913,#4914);
#4212=AXIS2_PLACEMENT_3D('',#6095,#4915,#4916);
#4213=AXIS2_PLACEMENT_3D('',#6096,#4917,#4918);
#4214=AXIS2_PLACEMENT_3D('',#6097,#4919,#4920);
#4215=AXIS2_PLACEMENT_3D('',#6098,#4921,#4922);
#4216=AXIS2_PLACEMENT_3D('',#6099,#4923,#4924);
#4217=AXIS2_PLACEMENT_3D('',#6100,#4925,#4926);
#4218=AXIS2_PLACEMENT_3D('',#6101,#4927,#4928);
#4219=AXIS2_PLACEMENT_3D('',#6102,#4929,#4930);
#4220=AXIS2_PLACEMENT_3D('',#6103,#4931,#4932);
#4221=AXIS2_PLACEMENT_3D('',#6104,#4933,#4934);
#4222=AXIS2_PLACEMENT_3D('',#6105,#4935,#4936);
#4223=AXIS2_PLACEMENT_3D('',#6106,#4937,#4938);
#4224=AXIS2_PLACEMENT_3D('',#6107,#4939,#4940);
#4225=AXIS2_PLACEMENT_3D('',#6108,#4941,#4942);
#4226=AXIS2_PLACEMENT_3D('',#6109,#4943,#4944);
#4227=AXIS2_PLACEMENT_3D('',#6110,#4945,#4946);
#4228=AXIS2_PLACEMENT_3D('',#6111,#4947,#4948);
#4229=AXIS2_PLACEMENT_3D('',#6112,#4949,#4950);
#4230=AXIS2_PLACEMENT_3D('',#6113,#4951,#4952);
#4231=AXIS2_PLACEMENT_3D('',#6119,#4956,#4957);
#4232=AXIS2_PLACEMENT_3D('',#6123,#4960,#4961);
#4233=AXIS2_PLACEMENT_3D('',#6127,#4964,#4965);
#4234=AXIS2_PLACEMENT_3D('',#6136,#4970,#4971);
#4235=AXIS2_PLACEMENT_3D('',#6142,#4975,#4976);
#4236=AXIS2_PLACEMENT_3D('',#6148,#4980,#4981);
#4237=AXIS2_PLACEMENT_3D('',#6151,#4984,#4985);
#4238=AXIS2_PLACEMENT_3D('',#6153,#4987,#4988);
#4239=AXIS2_PLACEMENT_3D('',#6154,#4989,#4990);
#4240=AXIS2_PLACEMENT_3D('',#6155,#4991,#4992);
#4241=AXIS2_PLACEMENT_3D('',#6159,#4995,#4996);
#4242=AXIS2_PLACEMENT_3D('',#6163,#4999,#5000);
#4243=AXIS2_PLACEMENT_3D('',#6165,#5002,#5003);
#4244=AXIS2_PLACEMENT_3D('',#6169,#5006,#5007);
#4245=AXIS2_PLACEMENT_3D('',#6173,#5010,#5011);
#4246=AXIS2_PLACEMENT_3D('',#6175,#5013,#5014);
#4247=AXIS2_PLACEMENT_3D('',#6176,#5015,#5016);
#4248=AXIS2_PLACEMENT_3D('',#6182,#5020,#5021);
#4249=AXIS2_PLACEMENT_3D('',#6185,#5023,#5024);
#4250=AXIS2_PLACEMENT_3D('',#6186,#5025,#5026);
#4251=AXIS2_PLACEMENT_3D('',#6190,#5029,#5030);
#4252=AXIS2_PLACEMENT_3D('',#6191,#5031,#5032);
#4253=AXIS2_PLACEMENT_3D('',#6192,#5033,#5034);
#4254=AXIS2_PLACEMENT_3D('',#6193,#5035,#5036);
#4255=AXIS2_PLACEMENT_3D('',#6194,#5037,#5038);
#4256=AXIS2_PLACEMENT_3D('',#6195,#5039,#5040);
#4257=AXIS2_PLACEMENT_3D('',#6201,#5041,#5042);
#4258=AXIS2_PLACEMENT_3D('',#6207,#5043,#5044);
#4259=AXIS2_PLACEMENT_3D('',#6208,#5045,#5046);
#4260=AXIS2_PLACEMENT_3D('',#6209,#5047,#5048);
#4261=AXIS2_PLACEMENT_3D('',#6210,#5049,#5050);
#4262=AXIS2_PLACEMENT_3D('',#6211,#5051,#5052);
#4263=AXIS2_PLACEMENT_3D('',#6212,#5053,#5054);
#4264=AXIS2_PLACEMENT_3D('',#6218,#5058,#5059);
#4265=AXIS2_PLACEMENT_3D('',#6222,#5062,#5063);
#4266=AXIS2_PLACEMENT_3D('',#6226,#5066,#5067);
#4267=AXIS2_PLACEMENT_3D('',#6232,#5071,#5072);
#4268=AXIS2_PLACEMENT_3D('',#6236,#5075,#5076);
#4269=AXIS2_PLACEMENT_3D('',#6240,#5079,#5080);
#4270=AXIS2_PLACEMENT_3D('',#6242,#5082,#5083);
#4271=AXIS2_PLACEMENT_3D('',#6244,#5085,#5086);
#4272=AXIS2_PLACEMENT_3D('',#6245,#5087,#5088);
#4273=AXIS2_PLACEMENT_3D('',#6251,#5092,#5093);
#4274=AXIS2_PLACEMENT_3D('',#6255,#5096,#5097);
#4275=AXIS2_PLACEMENT_3D('',#6258,#5099,#5100);
#4276=AXIS2_PLACEMENT_3D('',#6259,#5101,#5102);
#4277=AXIS2_PLACEMENT_3D('',#6261,#5104,#5105);
#4278=AXIS2_PLACEMENT_3D('',#6262,#5106,#5107);
#4279=AXIS2_PLACEMENT_3D('',#6268,#5111,#5112);
#4280=AXIS2_PLACEMENT_3D('',#6272,#5115,#5116);
#4281=AXIS2_PLACEMENT_3D('',#6275,#5118,#5119);
#4282=AXIS2_PLACEMENT_3D('',#6276,#5120,#5121);
#4283=AXIS2_PLACEMENT_3D('',#6280,#5124,#5125);
#4284=AXIS2_PLACEMENT_3D('',#6283,#5127,#5128);
#4285=AXIS2_PLACEMENT_3D('',#6284,#5129,#5130);
#4286=AXIS2_PLACEMENT_3D('',#6288,#5133,#5134);
#4287=AXIS2_PLACEMENT_3D('',#6292,#5137,#5138);
#4288=AXIS2_PLACEMENT_3D('',#6296,#5141,#5142);
#4289=AXIS2_PLACEMENT_3D('',#6300,#5145,#5146);
#4290=AXIS2_PLACEMENT_3D('',#6304,#5149,#5150);
#4291=AXIS2_PLACEMENT_3D('',#6308,#5153,#5154);
#4292=AXIS2_PLACEMENT_3D('',#6312,#5157,#5158);
#4293=AXIS2_PLACEMENT_3D('',#6316,#5161,#5162);
#4294=AXIS2_PLACEMENT_3D('',#6320,#5165,#5166);
#4295=AXIS2_PLACEMENT_3D('',#6322,#5168,#5169);
#4296=AXIS2_PLACEMENT_3D('',#6323,#5170,#5171);
#4297=AXIS2_PLACEMENT_3D('',#6325,#5172,#5173);
#4298=AXIS2_PLACEMENT_3D('',#6327,#5174,#5175);
#4299=AXIS2_PLACEMENT_3D('',#6328,#5176,#5177);
#4300=AXIS2_PLACEMENT_3D('',#6329,#5178,#5179);
#4301=AXIS2_PLACEMENT_3D('',#6330,#5180,#5181);
#4302=AXIS2_PLACEMENT_3D('',#6335,#5183,#5184);
#4303=AXIS2_PLACEMENT_3D('',#6338,#5186,#5187);
#4304=AXIS2_PLACEMENT_3D('',#6344,#5191,#5192);
#4305=AXIS2_PLACEMENT_3D('',#6345,#5193,#5194);
#4306=AXIS2_PLACEMENT_3D('',#6349,#5196,#5197);
#4307=AXIS2_PLACEMENT_3D('',#6350,#5198,#5199);
#4308=AXIS2_PLACEMENT_3D('',#6359,#5204,#5205);
#4309=AXIS2_PLACEMENT_3D('',#6365,#5209,#5210);
#4310=AXIS2_PLACEMENT_3D('',#6369,#5213,#5214);
#4311=AXIS2_PLACEMENT_3D('',#6373,#5217,#5218);
#4312=AXIS2_PLACEMENT_3D('',#6377,#5221,#5222);
#4313=AXIS2_PLACEMENT_3D('',#6381,#5225,#5226);
#4314=AXIS2_PLACEMENT_3D('',#6384,#5228,#5229);
#4315=AXIS2_PLACEMENT_3D('',#6385,#5230,#5231);
#4316=AXIS2_PLACEMENT_3D('',#6389,#5234,#5235);
#4317=AXIS2_PLACEMENT_3D('',#6393,#5238,#5239);
#4318=AXIS2_PLACEMENT_3D('',#6394,#5240,#5241);
#4319=AXIS2_PLACEMENT_3D('',#6395,#5242,#5243);
#4320=AXIS2_PLACEMENT_3D('',#6396,#5244,#5245);
#4321=AXIS2_PLACEMENT_3D('',#6398,#5247,#5248);
#4322=AXIS2_PLACEMENT_3D('',#6401,#5251,#5252);
#4323=AXIS2_PLACEMENT_3D('',#6402,#5253,#5254);
#4324=AXIS2_PLACEMENT_3D('',#6403,#5255,#5256);
#4325=AXIS2_PLACEMENT_3D('',#6404,#5257,#5258);
#4326=AXIS2_PLACEMENT_3D('',#6410,#5262,#5263);
#4327=AXIS2_PLACEMENT_3D('',#6414,#5266,#5267);
#4328=AXIS2_PLACEMENT_3D('',#6418,#5270,#5271);
#4329=AXIS2_PLACEMENT_3D('',#6422,#5274,#5275);
#4330=AXIS2_PLACEMENT_3D('',#6426,#5278,#5279);
#4331=AXIS2_PLACEMENT_3D('',#6430,#5282,#5283);
#4332=AXIS2_PLACEMENT_3D('',#6434,#5286,#5287);
#4333=AXIS2_PLACEMENT_3D('',#6438,#5290,#5291);
#4334=AXIS2_PLACEMENT_3D('',#6442,#5294,#5295);
#4335=AXIS2_PLACEMENT_3D('',#6446,#5298,#5299);
#4336=AXIS2_PLACEMENT_3D('',#6450,#5302,#5303);
#4337=AXIS2_PLACEMENT_3D('',#6454,#5306,#5307);
#4338=AXIS2_PLACEMENT_3D('',#6458,#5310,#5311);
#4339=AXIS2_PLACEMENT_3D('',#6462,#5314,#5315);
#4340=AXIS2_PLACEMENT_3D('',#6466,#5318,#5319);
#4341=AXIS2_PLACEMENT_3D('',#6470,#5322,#5323);
#4342=AXIS2_PLACEMENT_3D('',#6474,#5326,#5327);
#4343=AXIS2_PLACEMENT_3D('',#6478,#5330,#5331);
#4344=AXIS2_PLACEMENT_3D('',#6482,#5334,#5335);
#4345=AXIS2_PLACEMENT_3D('',#6486,#5338,#5339);
#4346=AXIS2_PLACEMENT_3D('',#6490,#5342,#5343);
#4347=AXIS2_PLACEMENT_3D('',#6494,#5346,#5347);
#4348=AXIS2_PLACEMENT_3D('',#6498,#5350,#5351);
#4349=AXIS2_PLACEMENT_3D('',#6502,#5354,#5355);
#4350=AXIS2_PLACEMENT_3D('',#6506,#5358,#5359);
#4351=AXIS2_PLACEMENT_3D('',#6507,#5360,#5361);
#4352=AXIS2_PLACEMENT_3D('',#6512,#5363,#5364);
#4353=AXIS2_PLACEMENT_3D('',#6515,#5366,#5367);
#4354=AXIS2_PLACEMENT_3D('',#6521,#5371,#5372);
#4355=AXIS2_PLACEMENT_3D('',#6527,#5376,#5377);
#4356=AXIS2_PLACEMENT_3D('',#6533,#5381,#5382);
#4357=AXIS2_PLACEMENT_3D('',#6534,#5383,#5384);
#4358=AXIS2_PLACEMENT_3D('',#6538,#5386,#5387);
#4359=AXIS2_PLACEMENT_3D('',#6539,#5388,#5389);
#4360=AXIS2_PLACEMENT_3D('',#6545,#5393,#5394);
#4361=AXIS2_PLACEMENT_3D('',#6551,#5398,#5399);
#4362=AXIS2_PLACEMENT_3D('',#6557,#5403,#5404);
#4363=AXIS2_PLACEMENT_3D('',#6563,#5408,#5409);
#4364=AXIS2_PLACEMENT_3D('',#6566,#5412,#5413);
#4365=AXIS2_PLACEMENT_3D('',#6568,#5415,#5416);
#4366=AXIS2_PLACEMENT_3D('',#6569,#5417,#5418);
#4367=AXIS2_PLACEMENT_3D('',#6570,#5419,#5420);
#4368=AXIS2_PLACEMENT_3D('',#6571,#5421,#5422);
#4369=AXIS2_PLACEMENT_3D('',#6572,#5423,#5424);
#4370=AXIS2_PLACEMENT_3D('',#6577,#5426,#5427);
#4371=AXIS2_PLACEMENT_3D('',#6581,#5429,#5430);
#4372=AXIS2_PLACEMENT_3D('',#6585,#5432,#5433);
#4373=AXIS2_PLACEMENT_3D('',#6588,#5435,#5436);
#4374=AXIS2_PLACEMENT_3D('',#6589,#5437,#5438);
#4375=AXIS2_PLACEMENT_3D('',#6591,#5439,#5440);
#4376=AXIS2_PLACEMENT_3D('',#6593,#5441,#5442);
#4377=AXIS2_PLACEMENT_3D('',#6595,#5443,#5444);
#4378=AXIS2_PLACEMENT_3D('',#6605,#5449,#5450);
#4379=AXIS2_PLACEMENT_3D('',#6617,#5451,#5452);
#4380=AXIS2_PLACEMENT_3D('',#6629,#5453,#5454);
#4381=AXIS2_PLACEMENT_3D('',#6630,#5455,#5456);
#4382=AXIS2_PLACEMENT_3D('',#6631,#5457,#5458);
#4383=AXIS2_PLACEMENT_3D('',#6632,#5459,#5460);
#4384=AXIS2_PLACEMENT_3D('',#6639,#5461,#5462);
#4385=AXIS2_PLACEMENT_3D('',#6640,#5463,#5464);
#4386=AXIS2_PLACEMENT_3D('',#6646,#5465,#5466);
#4387=AXIS2_PLACEMENT_3D('',#6647,#5467,#5468);
#4388=AXIS2_PLACEMENT_3D('',#6654,#5469,#5470);
#4389=AXIS2_PLACEMENT_3D('',#6660,#5471,#5472);
#4390=DIRECTION('',(0.,0.,1.));
#4391=DIRECTION('',(1.,0.,0.));
#4392=DIRECTION('',(0.,-1.,0.));
#4393=DIRECTION('',(0.,0.,-1.));
#4394=DIRECTION('',(0.,-1.,0.));
#4395=DIRECTION('',(1.,0.,0.));
#4396=DIRECTION('',(0.,-1.,0.));
#4397=DIRECTION('',(1.,0.,0.));
#4398=DIRECTION('',(0.,0.,1.));
#4399=DIRECTION('',(1.,0.,0.));
#4400=DIRECTION('',(-1.,-9.91270557701033E-17,0.));
#4401=DIRECTION('',(9.91270557701033E-17,-1.,0.));
#4402=DIRECTION('',(0.,0.,-1.));
#4403=DIRECTION('',(9.91270557701033E-17,-1.,1.57702134179709E-16));
#4404=DIRECTION('',(0.,0.,-1.));
#4405=DIRECTION('',(9.91270557701033E-17,-1.,1.57702134179709E-16));
#4406=DIRECTION('',(-9.91270557701033E-17,1.,0.));
#4407=DIRECTION('',(0.,0.,-1.));
#4408=DIRECTION('',(-9.91270557701033E-17,1.,0.));
#4409=DIRECTION('',(0.,0.,-1.));
#4410=DIRECTION('',(9.91270557701033E-17,-1.,0.));
#4411=DIRECTION('',(-1.,-9.91270557701033E-17,0.));
#4412=DIRECTION('',(9.91270557701033E-17,-1.,0.));
#4413=DIRECTION('',(9.91270557701033E-17,-1.,0.));
#4414=DIRECTION('',(-1.,-9.91270557701033E-17,0.));
#4415=DIRECTION('',(9.91270557701033E-17,-1.,0.));
#4416=DIRECTION('',(6.14265514557745E-17,-0.619674931113013,0.784858573088224));
#4417=DIRECTION('',(-9.91270557701033E-17,1.,0.));
#4418=DIRECTION('',(-7.41059196854462E-17,0.747585198710165,0.664165921038925));
#4419=DIRECTION('',(0.,0.,1.));
#4420=DIRECTION('',(8.6793468855182E-17,-0.875577996147435,0.483076777192242));
#4421=DIRECTION('',(-1.,-9.91270557701033E-17,0.));
#4422=DIRECTION('',(9.91270557701033E-17,-1.,0.));
#4423=DIRECTION('',(-9.91270557701033E-17,1.,0.));
#4424=DIRECTION('',(-6.82077827163704E-17,0.688084420408478,0.725630643227758));
#4425=DIRECTION('',(0.,0.,1.));
#4426=DIRECTION('',(-1.,0.,0.));
#4427=DIRECTION('',(0.,0.,1.));
#4428=DIRECTION('',(0.,-1.,0.));
#4429=DIRECTION('',(0.,0.,-1.));
#4430=DIRECTION('',(0.,1.,0.));
#4431=DIRECTION('',(0.,0.,-1.));
#4432=DIRECTION('',(0.,1.,0.));
#4433=DIRECTION('',(0.,0.,-1.));
#4434=DIRECTION('',(0.,1.,0.));
#4435=DIRECTION('',(0.,0.,-1.));
#4436=DIRECTION('',(0.,1.,0.));
#4437=DIRECTION('',(0.,0.,-1.));
#4438=DIRECTION('',(0.,0.,-1.));
#4439=DIRECTION('',(0.,-0.739943064699632,-0.672669503547556));
#4440=DIRECTION('',(0.,-1.,0.));
#4441=DIRECTION('',(0.,-0.792625982145613,0.609708169887613));
#4442=DIRECTION('',(0.,0.,1.));
#4443=DIRECTION('',(0.,-1.,0.));
#4444=DIRECTION('',(0.,0.,-1.));
#4445=DIRECTION('',(0.,-0.813734080619056,-0.581237340540902));
#4446=DIRECTION('',(0.,-1.,0.));
#4447=DIRECTION('',(0.,-0.832051618564688,0.554698209879826));
#4448=DIRECTION('',(0.,0.,1.));
#4449=DIRECTION('',(1.,0.,0.));
#4450=DIRECTION('',(0.,0.,-1.));
#4451=DIRECTION('',(0.,-1.,0.));
#4452=DIRECTION('',(1.,0.,0.));
#4453=DIRECTION('',(0.,0.,-1.));
#4454=DIRECTION('',(0.,-1.,0.));
#4455=DIRECTION('',(0.,-1.,0.));
#4456=DIRECTION('',(0.,0.,-1.));
#4457=DIRECTION('',(-1.,0.,-3.67971646419323E-16));
#4458=DIRECTION('',(0.,0.,1.));
#4459=DIRECTION('',(-1.,0.,-2.10269512239613E-16));
#4460=DIRECTION('',(0.,0.,1.));
#4461=DIRECTION('',(-0.255806132482545,0.,0.966728101683365));
#4462=DIRECTION('',(-1.,0.,0.));
#4463=DIRECTION('',(0.253188501027911,0.,0.967416964368126));
#4464=DIRECTION('',(0.,-1.,0.));
#4465=DIRECTION('',(0.,0.,-1.));
#4466=DIRECTION('',(0.,-1.,0.));
#4467=DIRECTION('',(0.,0.,-1.));
#4468=DIRECTION('',(0.980991124391241,0.,0.194052605923264));
#4469=DIRECTION('',(1.,0.,0.));
#4470=DIRECTION('',(0.965696090712517,0.,-0.259674912886406));
#4471=DIRECTION('',(0.976509714489474,0.,-0.215473380044234));
#4472=DIRECTION('',(0.92307698617933,0.,-0.384615233169572));
#4473=DIRECTION('',(0.742102283295531,0.,-0.670286655937264));
#4474=DIRECTION('',(0.431456175558745,0.,-0.902133897252632));
#4475=DIRECTION('',(0.257849291403313,0.,-0.966185149400885));
#4476=DIRECTION('',(0.,0.,-1.));
#4477=DIRECTION('',(-0.428830605994735,0.,-0.903384918715266));
#4478=DIRECTION('',(-0.902133897252632,0.,-0.431456175558745));
#4479=DIRECTION('',(-0.966185149400885,0.,-0.257849291403313));
#4480=DIRECTION('',(-1.,0.,0.));
#4481=DIRECTION('',(0.977104774752204,0.,-0.212758687616849));
#4482=DIRECTION('',(0.958542135031723,0.,-0.284950829738794));
#4483=DIRECTION('',(0.805900832165607,0.,-0.592050545743168));
#4484=DIRECTION('',(0.635733978999456,0.,-0.771908225079588));
#4485=DIRECTION('',(0.365673951269591,0.,-0.930743015747572));
#4486=DIRECTION('',(0.216945638297211,0.,-0.97618368662041));
#4487=DIRECTION('',(0.167583752790385,0.,-0.985857842592273));
#4488=DIRECTION('',(0.,0.,-1.));
#4489=DIRECTION('',(0.36219032701551,0.,0.932104161033732));
#4490=DIRECTION('',(0.301131607964805,0.,0.953582589335885));
#4491=DIRECTION('',(0.527863972767004,0.,0.849328927009222));
#4492=DIRECTION('',(0.777063594058615,0.,0.629422092707834));
#4493=DIRECTION('',(0.933560023730754,0.,0.35842109604742));
#4494=DIRECTION('',(0.,0.,-1.));
#4495=DIRECTION('',(-1.,0.,0.));
#4496=DIRECTION('',(0.,0.,-1.));
#4497=DIRECTION('',(-1.,0.,0.));
#4498=DIRECTION('',(0.,0.,-1.));
#4499=DIRECTION('',(1.,0.,0.));
#4500=DIRECTION('',(0.,0.,-1.));
#4501=DIRECTION('',(1.,0.,0.));
#4502=DIRECTION('',(-1.,0.,0.));
#4503=DIRECTION('',(0.,0.,1.));
#4504=DIRECTION('',(1.,0.,0.));
#4505=DIRECTION('',(0.,0.,-1.));
#4506=DIRECTION('',(0.,1.,0.));
#4507=DIRECTION('',(1.,0.,0.));
#4508=DIRECTION('',(0.,0.,-1.));
#4509=DIRECTION('',(0.,1.,0.));
#4510=DIRECTION('',(0.,0.,-1.));
#4511=DIRECTION('',(0.,1.,0.));
#4512=DIRECTION('',(0.,0.,-1.));
#4513=DIRECTION('',(0.,1.,0.));
#4514=DIRECTION('',(0.,0.,-1.));
#4515=DIRECTION('',(0.,-1.,1.57702134179709E-16));
#4516=DIRECTION('',(0.,0.,-1.));
#4517=DIRECTION('',(0.,1.,0.));
#4518=DIRECTION('',(0.,0.,-1.));
#4519=DIRECTION('',(0.,1.,0.));
#4520=DIRECTION('',(0.,0.,-1.));
#4521=DIRECTION('',(0.,1.,0.));
#4522=DIRECTION('',(0.,0.,-1.));
#4523=DIRECTION('',(0.,1.,0.));
#4524=DIRECTION('',(0.,0.,1.));
#4525=DIRECTION('',(1.,0.,0.));
#4526=DIRECTION('',(1.,0.,0.));
#4527=DIRECTION('',(0.,-1.,0.));
#4528=DIRECTION('',(1.,0.,0.));
#4529=DIRECTION('',(0.,-1.,0.));
#4530=DIRECTION('',(1.,0.,0.));
#4531=DIRECTION('',(0.,0.,-1.));
#4532=DIRECTION('',(-1.,0.,0.));
#4533=DIRECTION('',(0.,0.,-1.));
#4534=DIRECTION('',(-1.,0.,0.));
#4535=DIRECTION('',(0.,-1.,0.));
#4536=DIRECTION('',(0.,0.,-1.));
#4537=DIRECTION('',(-1.,0.,0.));
#4538=DIRECTION('',(0.,0.,-1.));
#4539=DIRECTION('',(-1.,0.,0.));
#4540=DIRECTION('',(0.,-1.,0.));
#4541=DIRECTION('',(-1.,0.,0.));
#4542=DIRECTION('',(0.,1.,0.));
#4543=DIRECTION('',(-1.,0.,0.));
#4544=DIRECTION('',(0.,0.,1.));
#4545=DIRECTION('',(1.,0.,0.));
#4546=DIRECTION('',(-1.,0.,0.));
#4547=DIRECTION('',(0.,0.,1.));
#4548=DIRECTION('',(1.,0.,0.));
#4549=DIRECTION('',(0.,1.,0.));
#4550=DIRECTION('',(0.,0.,1.));
#4551=DIRECTION('',(1.,0.,0.));
#4552=DIRECTION('',(-1.,0.,0.));
#4553=DIRECTION('',(1.,0.,0.));
#4554=DIRECTION('',(0.,0.,-1.));
#4555=DIRECTION('',(0.,0.,-1.));
#4556=DIRECTION('',(1.,0.,0.));
#4557=DIRECTION('',(0.,0.,-1.));
#4558=DIRECTION('',(0.,1.,0.));
#4559=DIRECTION('',(0.,0.,-1.));
#4560=DIRECTION('',(0.,1.,0.));
#4561=DIRECTION('',(-1.,0.,0.));
#4562=DIRECTION('',(0.,0.,1.));
#4563=DIRECTION('',(0.,0.,1.));
#4564=DIRECTION('',(0.,1.,0.));
#4565=DIRECTION('',(0.,0.,-1.));
#4566=DIRECTION('',(0.,1.,0.));
#4567=DIRECTION('',(0.,0.,-1.));
#4568=DIRECTION('',(0.,1.,0.));
#4569=DIRECTION('',(0.,0.,1.));
#4570=DIRECTION('',(0.,0.,1.));
#4571=DIRECTION('',(0.,-1.,0.));
#4572=DIRECTION('',(0.,0.,1.));
#4573=DIRECTION('',(0.,-1.,0.));
#4574=DIRECTION('',(0.,1.,0.));
#4575=DIRECTION('',(0.,0.,1.));
#4576=DIRECTION('',(0.,0.,-1.));
#4577=DIRECTION('',(1.,0.,0.));
#4578=DIRECTION('',(0.,0.,-1.));
#4579=DIRECTION('',(1.,0.,0.));
#4580=DIRECTION('',(0.,0.,1.));
#4581=DIRECTION('',(1.,0.,0.));
#4582=DIRECTION('',(-1.,0.,0.));
#4583=DIRECTION('',(0.,1.,0.));
#4584=DIRECTION('',(-1.,0.,0.));
#4585=DIRECTION('',(-1.,-1.81014623580188E-16,0.));
#4586=DIRECTION('',(-1.,0.,0.));
#4587=DIRECTION('',(-1.,-9.91270557701033E-17,0.));
#4588=DIRECTION('',(-1.,-2.10269512239613E-16,0.));
#4589=DIRECTION('',(0.,1.,0.));
#4590=DIRECTION('',(-1.,0.,0.));
#4591=DIRECTION('',(-7.30409884621813E-16,1.,0.));
#4592=DIRECTION('',(-1.,-3.75075346157147E-16,0.));
#4593=DIRECTION('',(-5.38943215837455E-16,1.,0.));
#4594=DIRECTION('',(-1.,0.,0.));
#4595=DIRECTION('',(-4.04207411878091E-16,1.,0.));
#4596=DIRECTION('',(0.,-1.,0.));
#4597=DIRECTION('',(1.,0.,0.));
#4598=DIRECTION('',(0.,-1.,0.));
#4599=DIRECTION('',(1.,0.,0.));
#4600=DIRECTION('',(1.,0.,0.));
#4601=DIRECTION('',(0.,-1.,0.));
#4602=DIRECTION('',(1.,0.,0.));
#4603=DIRECTION('',(0.,-1.,0.));
#4604=DIRECTION('',(0.,1.,0.));
#4605=DIRECTION('',(1.,0.,0.));
#4606=DIRECTION('',(0.,1.,0.));
#4607=DIRECTION('',(0.,1.,0.));
#4608=DIRECTION('',(0.,0.,1.));
#4609=DIRECTION('',(0.,0.,-1.));
#4610=DIRECTION('',(1.,0.,0.));
#4611=DIRECTION('',(0.,0.,-1.));
#4612=DIRECTION('',(1.,0.,0.));
#4613=DIRECTION('',(0.,0.,-1.));
#4614=DIRECTION('',(0.,0.,-1.));
#4615=DIRECTION('',(0.,-1.,0.));
#4616=DIRECTION('',(0.,1.,0.));
#4617=DIRECTION('',(0.,0.,1.));
#4618=DIRECTION('',(0.,0.,-1.));
#4619=DIRECTION('',(1.,0.,0.));
#4620=DIRECTION('',(1.,0.,0.));
#4621=DIRECTION('',(0.,0.,-1.));
#4622=DIRECTION('',(0.,-1.,0.));
#4623=DIRECTION('',(0.,0.,1.));
#4624=DIRECTION('',(1.,0.,0.));
#4625=DIRECTION('',(-1.,0.,0.));
#4626=DIRECTION('',(0.,0.,1.));
#4627=DIRECTION('',(0.,1.,0.));
#4628=DIRECTION('',(0.,0.,-1.));
#4629=DIRECTION('',(0.,1.,0.));
#4630=DIRECTION('',(0.,0.,1.));
#4631=DIRECTION('',(1.,0.,0.));
#4632=DIRECTION('',(0.,0.,-1.));
#4633=DIRECTION('',(0.,0.,-1.));
#4634=DIRECTION('',(-1.,0.,0.));
#4635=DIRECTION('',(0.,0.,1.));
#4636=DIRECTION('',(0.,0.,-1.));
#4637=DIRECTION('',(0.,1.,0.));
#4638=DIRECTION('',(0.,1.,0.));
#4639=DIRECTION('',(0.,0.,1.));
#4640=DIRECTION('',(1.,0.,0.));
#4641=DIRECTION('',(0.,0.,1.));
#4642=DIRECTION('',(1.,0.,0.));
#4643=DIRECTION('',(1.,0.,0.));
#4644=DIRECTION('',(-2.54638308400266E-16,1.,0.));
#4645=DIRECTION('',(-1.,-2.54638308400266E-16,0.));
#4646=DIRECTION('',(1.,2.54638308400266E-16,0.));
#4647=DIRECTION('',(0.,0.,-1.));
#4648=DIRECTION('',(1.,2.54638308400266E-16,0.));
#4649=DIRECTION('',(0.,0.,-1.));
#4650=DIRECTION('',(-1.,-5.49615358725325E-16,0.));
#4651=DIRECTION('',(5.49615358725325E-16,-1.,0.));
#4652=DIRECTION('',(-5.49615358725325E-16,1.,0.));
#4653=DIRECTION('',(0.,0.,-1.));
#4654=DIRECTION('',(-5.49615358725325E-16,1.,0.));
#4655=DIRECTION('',(-2.54638308400266E-16,1.,0.));
#4656=DIRECTION('',(-1.,-2.54638308400266E-16,0.));
#4657=DIRECTION('',(1.,2.54638308400266E-16,0.));
#4658=DIRECTION('',(0.,0.,-1.));
#4659=DIRECTION('',(1.,2.54638308400266E-16,0.));
#4660=DIRECTION('',(3.75075346157147E-16,-1.,0.));
#4661=DIRECTION('',(1.,3.75075346157147E-16,0.));
#4662=DIRECTION('',(0.,0.,-1.));
#4663=DIRECTION('',(-1.,-3.75075346157147E-16,0.));
#4664=DIRECTION('',(0.,0.,-1.));
#4665=DIRECTION('',(-1.,-4.04207411878091E-16,0.));
#4666=DIRECTION('',(4.04207411878091E-16,-1.,0.));
#4667=DIRECTION('',(0.,0.,-1.));
#4668=DIRECTION('',(-4.04207411878091E-16,1.,0.));
#4669=DIRECTION('',(0.,-1.,0.));
#4670=DIRECTION('',(0.,0.,-1.));
#4671=DIRECTION('',(0.,0.,-1.));
#4672=DIRECTION('',(-1.,0.,0.));
#4673=DIRECTION('',(-1.,-5.38943215837455E-16,0.));
#4674=DIRECTION('',(5.38943215837455E-16,-1.,0.));
#4675=DIRECTION('',(-5.38943215837455E-16,1.,0.));
#4676=DIRECTION('',(-1.,0.,0.));
#4677=DIRECTION('',(0.,0.,1.));
#4678=DIRECTION('',(0.,1.,0.));
#4679=DIRECTION('',(0.,1.,0.));
#4680=DIRECTION('',(0.,0.,1.));
#4681=DIRECTION('',(1.,0.,0.));
#4682=DIRECTION('',(0.,0.,1.));
#4683=DIRECTION('',(1.,0.,0.));
#4684=DIRECTION('',(0.,0.,1.));
#4685=DIRECTION('',(1.,0.,0.));
#4686=DIRECTION('',(0.,0.,1.));
#4687=DIRECTION('',(1.,0.,0.));
#4688=DIRECTION('',(0.,0.,1.));
#4689=DIRECTION('',(1.,0.,0.));
#4690=DIRECTION('',(0.,0.,1.));
#4691=DIRECTION('',(1.,0.,0.));
#4692=DIRECTION('',(1.81014623580188E-16,-1.,0.));
#4693=DIRECTION('',(1.,1.81014623580188E-16,0.));
#4694=DIRECTION('',(-1.,-1.81014623580188E-16,0.));
#4695=DIRECTION('',(0.,0.,1.));
#4696=DIRECTION('',(-1.,-1.81014623580188E-16,0.));
#4697=DIRECTION('',(0.,-1.,0.));
#4698=DIRECTION('',(0.,0.,-1.));
#4699=DIRECTION('',(0.,0.,1.));
#4700=DIRECTION('',(-1.,0.,0.));
#4701=DIRECTION('',(-1.,-9.91270557701033E-17,0.));
#4702=DIRECTION('',(-1.,0.,0.));
#4703=DIRECTION('',(0.,0.,1.));
#4704=DIRECTION('',(1.,0.,0.));
#4705=DIRECTION('',(0.,0.,1.));
#4706=DIRECTION('',(1.,0.,0.));
#4707=DIRECTION('',(-1.,0.,0.));
#4708=DIRECTION('',(0.,0.,1.));
#4709=DIRECTION('',(1.,0.,0.));
#4710=DIRECTION('',(-1.,0.,0.));
#4711=DIRECTION('',(-1.,0.,0.));
#4712=DIRECTION('',(0.,0.,1.));
#4713=DIRECTION('',(1.,0.,0.));
#4714=DIRECTION('',(-1.,0.,0.));
#4715=DIRECTION('',(0.,0.,1.));
#4716=DIRECTION('',(1.,0.,0.));
#4717=DIRECTION('',(0.,0.,1.));
#4718=DIRECTION('',(1.,0.,0.));
#4719=DIRECTION('',(0.,0.,1.));
#4720=DIRECTION('',(1.,0.,0.));
#4721=DIRECTION('',(0.,0.,1.));
#4722=DIRECTION('',(1.,0.,0.));
#4723=DIRECTION('',(0.,0.,1.));
#4724=DIRECTION('',(1.,0.,0.));
#4725=DIRECTION('',(0.,0.,1.));
#4726=DIRECTION('',(1.,0.,0.));
#4727=DIRECTION('',(0.,1.,0.));
#4728=DIRECTION('',(0.,1.,0.));
#4729=DIRECTION('',(-1.,0.,0.));
#4730=DIRECTION('',(-9.91270557701033E-17,1.,0.));
#4731=DIRECTION('',(-1.,0.,0.));
#4732=DIRECTION('',(0.,-1.,0.));
#4733=DIRECTION('',(0.,0.,-1.));
#4734=DIRECTION('',(0.,0.,-1.));
#4735=DIRECTION('',(-1.,0.,0.));
#4736=DIRECTION('',(0.,0.,-1.));
#4737=DIRECTION('',(-1.,0.,0.));
#4738=DIRECTION('',(0.,0.,-1.));
#4739=DIRECTION('',(-1.,0.,0.));
#4740=DIRECTION('',(0.,0.,-1.));
#4741=DIRECTION('',(-1.,0.,0.));
#4742=DIRECTION('',(0.,1.,0.));
#4743=DIRECTION('',(0.,0.,1.));
#4744=DIRECTION('',(0.,0.,-1.));
#4745=DIRECTION('',(1.,0.,0.));
#4746=DIRECTION('',(0.,0.,-1.));
#4747=DIRECTION('',(1.,0.,0.));
#4748=DIRECTION('',(0.,0.,-1.));
#4749=DIRECTION('',(-1.,0.,0.));
#4750=DIRECTION('',(0.,0.,1.));
#4751=DIRECTION('',(0.,0.,-1.));
#4752=DIRECTION('',(0.,-1.,0.));
#4753=DIRECTION('',(0.,1.,0.));
#4754=DIRECTION('',(0.,0.,1.));
#4755=DIRECTION('',(0.,0.,-1.));
#4756=DIRECTION('',(1.,0.,0.));
#4757=DIRECTION('',(1.,0.,0.));
#4758=DIRECTION('',(0.,0.,-1.));
#4759=DIRECTION('',(0.,-1.,0.));
#4760=DIRECTION('',(0.,0.,1.));
#4761=DIRECTION('',(1.,0.,0.));
#4762=DIRECTION('',(1.56325482498964E-32,-1.57702134179709E-16,-1.));
#4763=DIRECTION('',(0.,1.,-1.57702134179709E-16));
#4764=DIRECTION('',(-1.,-9.91270557701033E-17,0.));
#4765=DIRECTION('',(-9.91270557701033E-17,1.,0.));
#4766=DIRECTION('',(-1.,-9.91270557701033E-17,0.));
#4767=DIRECTION('',(-1.,0.,0.));
#4768=DIRECTION('',(0.,0.,1.));
#4769=DIRECTION('',(-1.,0.,0.));
#4770=DIRECTION('',(0.,0.,1.));
#4771=DIRECTION('',(-1.,0.,0.));
#4772=DIRECTION('',(0.,-1.,0.));
#4773=DIRECTION('',(0.,0.,-1.));
#4774=DIRECTION('',(-1.,0.,0.));
#4775=DIRECTION('',(1.,0.,0.));
#4776=DIRECTION('',(0.,1.,0.));
#4777=DIRECTION('',(1.,0.,0.));
#4778=DIRECTION('',(0.,-1.,0.));
#4779=DIRECTION('',(0.,0.,-1.));
#4780=DIRECTION('',(0.,0.,-1.));
#4781=DIRECTION('',(1.,0.,0.));
#4782=DIRECTION('',(0.,0.,-1.));
#4783=DIRECTION('',(-1.,0.,0.));
#4784=DIRECTION('',(0.,1.,0.));
#4785=DIRECTION('',(1.,0.,0.));
#4786=DIRECTION('',(0.,-1.,0.));
#4787=DIRECTION('',(0.,0.,-1.));
#4788=DIRECTION('',(0.,0.,-1.));
#4789=DIRECTION('',(0.,0.,-1.));
#4790=DIRECTION('',(-1.,0.,0.));
#4791=DIRECTION('',(0.,0.707106781186548,-0.707106781186548));
#4792=DIRECTION('',(0.,0.707106781186548,0.707106781186548));
#4793=DIRECTION('',(0.,-0.707106781186548,-0.707106781186548));
#4794=DIRECTION('',(0.,0.707106781186548,-0.707106781186548));
#4795=DIRECTION('',(0.,-1.,0.));
#4796=DIRECTION('',(0.,0.,-1.));
#4797=DIRECTION('',(0.,-0.707106781186548,0.707106781186548));
#4798=DIRECTION('',(0.,0.707106781186548,0.707106781186548));
#4799=DIRECTION('',(0.,1.,0.));
#4800=DIRECTION('',(0.,0.,1.));
#4801=DIRECTION('',(0.,0.707106781186548,0.707106781186548));
#4802=DIRECTION('',(0.,-0.707106781186548,0.707106781186548));
#4803=DIRECTION('',(0.,0.,1.));
#4804=DIRECTION('',(1.,0.,0.));
#4805=DIRECTION('',(0.,0.,1.));
#4806=DIRECTION('',(1.,0.,0.));
#4807=DIRECTION('',(0.,0.,1.));
#4808=DIRECTION('',(1.,0.,0.));
#4809=DIRECTION('',(0.,0.,1.));
#4810=DIRECTION('',(1.,0.,0.));
#4811=DIRECTION('',(0.,0.,1.));
#4812=DIRECTION('',(1.,0.,0.));
#4813=DIRECTION('',(0.,0.,1.));
#4814=DIRECTION('',(1.,0.,0.));
#4815=DIRECTION('',(0.,0.,1.));
#4816=DIRECTION('',(1.,0.,0.));
#4817=DIRECTION('',(0.,0.,1.));
#4818=DIRECTION('',(1.,0.,0.));
#4819=DIRECTION('',(0.,0.,1.));
#4820=DIRECTION('',(1.,0.,0.));
#4821=DIRECTION('',(0.,0.,1.));
#4822=DIRECTION('',(1.,0.,0.));
#4823=DIRECTION('',(0.,0.,1.));
#4824=DIRECTION('',(1.,0.,0.));
#4825=DIRECTION('',(0.,0.,1.));
#4826=DIRECTION('',(1.,0.,0.));
#4827=DIRECTION('',(0.,0.,1.));
#4828=DIRECTION('',(1.,0.,0.));
#4829=DIRECTION('',(1.,0.,0.));
#4830=DIRECTION('',(0.,1.,0.));
#4831=DIRECTION('',(0.,-1.,0.));
#4832=DIRECTION('',(1.,0.,0.));
#4833=DIRECTION('',(0.,0.,-1.));
#4834=DIRECTION('',(0.,0.,-1.));
#4835=DIRECTION('',(0.,0.,-1.));
#4836=DIRECTION('',(-1.,0.,0.));
#4837=DIRECTION('',(-1.,0.,0.));
#4838=DIRECTION('',(0.,1.,0.));
#4839=DIRECTION('',(-1.,0.,0.));
#4840=DIRECTION('',(0.,1.,0.));
#4841=DIRECTION('',(0.,0.,1.));
#4842=DIRECTION('',(0.,0.,-1.));
#4843=DIRECTION('',(-1.,0.,0.));
#4844=DIRECTION('',(1.,0.,0.));
#4845=DIRECTION('',(0.,0.,-1.));
#4846=DIRECTION('',(-1.,0.,0.));
#4847=DIRECTION('',(0.,-1.,0.));
#4848=DIRECTION('',(-1.,0.,0.));
#4849=DIRECTION('',(-1.,0.,0.));
#4850=DIRECTION('',(1.,0.,0.));
#4851=DIRECTION('',(0.,1.,0.));
#4852=DIRECTION('',(0.,0.,-1.));
#4853=DIRECTION('',(0.,0.,-1.));
#4854=DIRECTION('',(1.,0.,0.));
#4855=DIRECTION('',(0.,0.,-1.));
#4856=DIRECTION('',(1.,0.,0.));
#4857=DIRECTION('',(0.,0.,-1.));
#4858=DIRECTION('',(1.,0.,0.));
#4859=DIRECTION('',(0.,0.,-1.));
#4860=DIRECTION('',(0.,1.,0.));
#4861=DIRECTION('',(1.,0.,0.));
#4862=DIRECTION('',(0.,0.,-1.));
#4863=DIRECTION('',(0.,0.,-1.));
#4864=DIRECTION('',(0.,0.,1.));
#4865=DIRECTION('',(1.,0.,0.));
#4866=DIRECTION('',(0.,1.,0.));
#4867=DIRECTION('',(-1.,0.,0.));
#4868=DIRECTION('',(-1.,0.,0.));
#4869=DIRECTION('',(0.,-1.,0.));
#4870=DIRECTION('',(1.,0.,0.));
#4871=DIRECTION('',(-1.,0.,0.));
#4872=DIRECTION('',(0.,1.,0.));
#4873=DIRECTION('',(0.,0.,1.));
#4874=DIRECTION('',(0.,0.,-1.));
#4875=DIRECTION('',(1.,0.,0.));
#4876=DIRECTION('',(0.,1.,0.));
#4877=DIRECTION('',(1.,0.,0.));
#4878=DIRECTION('',(0.,0.,-1.));
#4879=DIRECTION('',(0.,0.,1.));
#4880=DIRECTION('',(1.,0.,0.));
#4881=DIRECTION('',(0.,0.,1.));
#4882=DIRECTION('',(1.,0.,0.));
#4883=DIRECTION('',(-0.707106781186548,0.,0.707106781186548));
#4884=DIRECTION('',(-0.707106781186548,0.,-0.707106781186548));
#4885=DIRECTION('',(-1.,0.,0.));
#4886=DIRECTION('',(0.,0.,1.));
#4887=DIRECTION('',(-0.707106781186548,0.,-0.707106781186548));
#4888=DIRECTION('',(-0.707106781186548,0.,0.707106781186548));
#4889=DIRECTION('',(1.,0.,0.));
#4890=DIRECTION('',(0.,0.,-1.));
#4891=DIRECTION('',(1.,0.,0.));
#4892=DIRECTION('',(0.,0.,-1.));
#4893=DIRECTION('',(1.,0.,0.));
#4894=DIRECTION('',(0.,0.,-1.));
#4895=DIRECTION('',(0.,0.,-1.));
#4896=DIRECTION('',(-1.,0.,0.));
#4897=DIRECTION('',(0.,0.,-1.));
#4898=DIRECTION('',(-1.,0.,0.));
#4899=DIRECTION('',(0.,0.,1.));
#4900=DIRECTION('',(1.,0.,0.));
#4901=DIRECTION('',(0.,1.,0.));
#4902=DIRECTION('',(0.,0.,1.));
#4903=DIRECTION('',(9.91270557701033E-17,-1.,0.));
#4904=DIRECTION('',(1.,9.91270557701033E-17,0.));
#4905=DIRECTION('',(0.,1.,0.));
#4906=DIRECTION('',(0.,0.,1.));
#4907=DIRECTION('',(-1.,0.,0.));
#4908=DIRECTION('',(0.,0.,1.));
#4909=DIRECTION('',(-1.,0.,0.));
#4910=DIRECTION('',(0.,0.,1.));
#4911=DIRECTION('',(-0.707106781186548,0.,0.707106781186548));
#4912=DIRECTION('',(-0.707106781186548,0.,-0.707106781186548));
#4913=DIRECTION('',(0.,0.,-1.));
#4914=DIRECTION('',(-1.,0.,0.));
#4915=DIRECTION('',(0.707106781186548,0.,-0.707106781186548));
#4916=DIRECTION('',(-0.707106781186548,0.,-0.707106781186548));
#4917=DIRECTION('',(0.,0.,-1.));
#4918=DIRECTION('',(-1.,0.,0.));
#4919=DIRECTION('',(0.,0.,-1.));
#4920=DIRECTION('',(-1.,0.,0.));
#4921=DIRECTION('',(1.,0.,0.));
#4922=DIRECTION('',(0.,0.,-1.));
#4923=DIRECTION('',(0.707106781186548,0.,0.707106781186548));
#4924=DIRECTION('',(0.707106781186548,0.,-0.707106781186548));
#4925=DIRECTION('',(0.,0.,1.));
#4926=DIRECTION('',(1.,0.,0.));
#4927=DIRECTION('',(0.707106781186548,0.,0.707106781186548));
#4928=DIRECTION('',(0.707106781186548,0.,-0.707106781186548));
#4929=DIRECTION('',(0.,0.,1.));
#4930=DIRECTION('',(1.,0.,0.));
#4931=DIRECTION('',(-0.707106781186548,0.,0.707106781186548));
#4932=DIRECTION('',(0.707106781186548,0.,0.707106781186548));
#4933=DIRECTION('',(1.,0.,0.));
#4934=DIRECTION('',(0.,0.,-1.));
#4935=DIRECTION('',(0.707106781186548,0.,-0.707106781186548));
#4936=DIRECTION('',(0.707106781186548,0.,0.707106781186548));
#4937=DIRECTION('',(-1.,0.,0.));
#4938=DIRECTION('',(0.,0.,1.));
#4939=DIRECTION('',(0.707106781186548,0.,-0.707106781186548));
#4940=DIRECTION('',(-0.707106781186548,0.,-0.707106781186548));
#4941=DIRECTION('',(0.,0.,-1.));
#4942=DIRECTION('',(-1.,0.,0.));
#4943=DIRECTION('',(-1.,0.,0.));
#4944=DIRECTION('',(0.,0.,1.));
#4945=DIRECTION('',(0.,1.,0.));
#4946=DIRECTION('',(0.,0.,1.));
#4947=DIRECTION('',(0.,-1.,0.));
#4948=DIRECTION('',(0.,0.,-1.));
#4949=DIRECTION('',(0.,0.,1.));
#4950=DIRECTION('',(1.,0.,0.));
#4951=DIRECTION('',(2.10269512239613E-16,-1.,0.));
#4952=DIRECTION('',(1.,2.10269512239613E-16,0.));
#4953=DIRECTION('',(0.,0.,-1.));
#4954=DIRECTION('',(-1.,-2.10269512239613E-16,0.));
#4955=DIRECTION('',(0.,0.,-1.));
#4956=DIRECTION('',(-1.,-7.30409884621813E-16,0.));
#4957=DIRECTION('',(7.30409884621813E-16,-1.,0.));
#4958=DIRECTION('',(0.,0.,-1.));
#4959=DIRECTION('',(-7.30409884621813E-16,1.,0.));
#4960=DIRECTION('',(0.,-1.,0.));
#4961=DIRECTION('',(0.,0.,-1.));
#4962=DIRECTION('',(0.,0.,-1.));
#4963=DIRECTION('',(-1.,0.,0.));
#4964=DIRECTION('',(1.,3.85494105772624E-16,0.));
#4965=DIRECTION('',(-3.85494105772624E-16,1.,0.));
#4966=DIRECTION('',(3.85494105772624E-16,-1.,0.));
#4967=DIRECTION('',(0.,0.,-1.));
#4968=DIRECTION('',(3.85494105772624E-16,-1.,0.));
#4969=DIRECTION('',(0.,0.,-1.));
#4970=DIRECTION('',(0.,1.,0.));
#4971=DIRECTION('',(0.,0.,1.));
#4972=DIRECTION('',(1.,0.,0.));
#4973=DIRECTION('',(0.,0.,-1.));
#4974=DIRECTION('',(1.,0.,0.));
#4975=DIRECTION('',(1.,3.85494105772624E-16,0.));
#4976=DIRECTION('',(-3.85494105772624E-16,1.,0.));
#4977=DIRECTION('',(3.85494105772624E-16,-1.,0.));
#4978=DIRECTION('',(0.,0.,-1.));
#4979=DIRECTION('',(3.85494105772624E-16,-1.,0.));
#4980=DIRECTION('',(0.,1.,0.));
#4981=DIRECTION('',(0.,0.,1.));
#4982=DIRECTION('',(1.,0.,0.));
#4983=DIRECTION('',(1.,0.,0.));
#4984=DIRECTION('',(-1.,0.,0.));
#4985=DIRECTION('',(0.,0.,1.));
#4986=DIRECTION('',(0.,1.,0.));
#4987=DIRECTION('',(0.,0.,1.));
#4988=DIRECTION('',(1.,0.,0.));
#4989=DIRECTION('',(0.,0.,1.));
#4990=DIRECTION('',(1.,0.,0.));
#4991=DIRECTION('',(0.,1.,0.));
#4992=DIRECTION('',(0.,0.,1.));
#4993=DIRECTION('',(0.,0.,-1.));
#4994=DIRECTION('',(1.,0.,0.));
#4995=DIRECTION('',(1.,0.,0.));
#4996=DIRECTION('',(0.,0.,-1.));
#4997=DIRECTION('',(0.,0.,-1.));
#4998=DIRECTION('',(0.,-1.,0.));
#4999=DIRECTION('',(0.,1.,0.));
#5000=DIRECTION('',(0.,0.,1.));
#5001=DIRECTION('',(1.,0.,0.));
#5002=DIRECTION('',(0.,-1.,0.));
#5003=DIRECTION('',(0.,0.,-1.));
#5004=DIRECTION('',(0.,0.,-1.));
#5005=DIRECTION('',(-1.,0.,0.));
#5006=DIRECTION('',(-1.,0.,0.));
#5007=DIRECTION('',(0.,0.,1.));
#5008=DIRECTION('',(0.,0.,-1.));
#5009=DIRECTION('',(0.,1.,0.));
#5010=DIRECTION('',(0.,-1.,0.));
#5011=DIRECTION('',(0.,0.,-1.));
#5012=DIRECTION('',(-1.,0.,0.));
#5013=DIRECTION('',(0.,0.,1.));
#5014=DIRECTION('',(1.,0.,0.));
#5015=DIRECTION('',(0.,0.,-1.));
#5016=DIRECTION('',(-1.,0.,0.));
#5017=DIRECTION('',(1.,0.,0.));
#5018=DIRECTION('',(9.91270557701033E-17,-1.,0.));
#5019=DIRECTION('',(1.,0.,0.));
#5020=DIRECTION('',(1.,0.,0.));
#5021=DIRECTION('',(0.,0.,-1.));
#5022=DIRECTION('',(1.,0.,0.));
#5023=DIRECTION('',(-1.,-9.91270557701033E-17,0.));
#5024=DIRECTION('',(9.91270557701033E-17,-1.,0.));
#5025=DIRECTION('',(0.,0.,-1.));
#5026=DIRECTION('',(-1.,0.,0.));
#5027=DIRECTION('',(1.,0.,0.));
#5028=DIRECTION('',(9.91270557701033E-17,-1.,0.));
#5029=DIRECTION('',(1.,0.,0.));
#5030=DIRECTION('',(0.,0.,-1.));
#5031=DIRECTION('',(-1.,-9.91270557701033E-17,0.));
#5032=DIRECTION('',(9.91270557701033E-17,-1.,0.));
#5033=DIRECTION('',(-1.,-9.91270557701033E-17,0.));
#5034=DIRECTION('',(9.91270557701033E-17,-1.,0.));
#5035=DIRECTION('',(0.,1.,0.));
#5036=DIRECTION('',(0.,0.,1.));
#5037=DIRECTION('',(0.,1.,0.));
#5038=DIRECTION('',(0.,0.,1.));
#5039=DIRECTION('',(9.91270557701033E-17,-1.,0.));
#5040=DIRECTION('',(1.,9.91270557701033E-17,0.));
#5041=DIRECTION('',(-9.91270557701033E-17,1.,0.));
#5042=DIRECTION('',(-1.,-9.91270557701033E-17,0.));
#5043=DIRECTION('',(-1.,-9.91270557701033E-17,0.));
#5044=DIRECTION('',(9.91270557701033E-17,-1.,0.));
#5045=DIRECTION('',(0.,0.,1.));
#5046=DIRECTION('',(1.,0.,0.));
#5047=DIRECTION('',(0.,0.,1.));
#5048=DIRECTION('',(1.,0.,0.));
#5049=DIRECTION('',(0.,0.,1.));
#5050=DIRECTION('',(1.,0.,0.));
#5051=DIRECTION('',(0.,0.,1.));
#5052=DIRECTION('',(1.,0.,0.));
#5053=DIRECTION('',(0.,0.,-1.));
#5054=DIRECTION('',(-1.,0.,0.));
#5055=DIRECTION('',(0.,-1.,0.));
#5056=DIRECTION('',(1.,0.,0.));
#5057=DIRECTION('',(0.,-1.,0.));
#5058=DIRECTION('',(-1.,0.,0.));
#5059=DIRECTION('',(0.,0.,1.));
#5060=DIRECTION('',(0.,-1.,0.));
#5061=DIRECTION('',(0.,0.,-1.));
#5062=DIRECTION('',(0.,0.,-1.));
#5063=DIRECTION('',(-1.,0.,0.));
#5064=DIRECTION('',(0.,-1.,0.));
#5065=DIRECTION('',(1.,0.,0.));
#5066=DIRECTION('',(1.,0.,0.));
#5067=DIRECTION('',(0.,0.,-1.));
#5068=DIRECTION('',(0.,-1.,0.));
#5069=DIRECTION('',(0.,0.,1.));
#5070=DIRECTION('',(0.,-1.,0.));
#5071=DIRECTION('',(-3.67971646419323E-16,0.,1.));
#5072=DIRECTION('',(1.,0.,3.67971646419323E-16));
#5073=DIRECTION('',(0.,-1.,0.));
#5074=DIRECTION('',(-1.,0.,-3.67971646419323E-16));
#5075=DIRECTION('',(1.,0.,0.));
#5076=DIRECTION('',(0.,0.,-1.));
#5077=DIRECTION('',(0.,-1.,0.));
#5078=DIRECTION('',(0.,0.,1.));
#5079=DIRECTION('',(-2.10269512239613E-16,0.,1.));
#5080=DIRECTION('',(1.,0.,2.10269512239613E-16));
#5081=DIRECTION('',(-1.,0.,-2.10269512239613E-16));
#5082=DIRECTION('',(-1.,0.,0.));
#5083=DIRECTION('',(0.,0.,1.));
#5084=DIRECTION('',(0.,0.,-1.));
#5085=DIRECTION('',(0.,-1.,0.));
#5086=DIRECTION('',(1.,0.,0.));
#5087=DIRECTION('',(0.,0.,1.));
#5088=DIRECTION('',(1.,0.,0.));
#5089=DIRECTION('',(0.,-1.,0.));
#5090=DIRECTION('',(-1.,0.,0.));
#5091=DIRECTION('',(0.,-1.,0.));
#5092=DIRECTION('',(0.966728101683365,0.,0.255806132482545));
#5093=DIRECTION('',(0.255806132482545,0.,-0.966728101683365));
#5094=DIRECTION('',(0.,-1.,0.));
#5095=DIRECTION('',(-0.255806132482545,0.,0.966728101683365));
#5096=DIRECTION('',(0.,-1.,0.));
#5097=DIRECTION('',(0.,0.,-1.));
#5098=DIRECTION('',(0.,-1.,0.));
#5099=DIRECTION('',(0.,-1.,0.));
#5100=DIRECTION('',(0.,0.,-1.));
#5101=DIRECTION('',(0.967416964368126,0.,-0.253188501027911));
#5102=DIRECTION('',(-0.253188501027911,0.,-0.967416964368126));
#5103=DIRECTION('',(0.253188501027911,0.,0.967416964368126));
#5104=DIRECTION('',(0.,-1.,0.));
#5105=DIRECTION('',(1.,0.,0.));
#5106=DIRECTION('',(0.,-1.,0.));
#5107=DIRECTION('',(0.,0.,-1.));
#5108=DIRECTION('',(1.,0.,0.));
#5109=DIRECTION('',(0.,0.,-1.));
#5110=DIRECTION('',(1.,0.,0.));
#5111=DIRECTION('',(0.,0.,1.));
#5112=DIRECTION('',(1.,0.,0.));
#5113=DIRECTION('',(1.,0.,0.));
#5114=DIRECTION('',(0.,-1.,0.));
#5115=DIRECTION('',(1.,0.,0.));
#5116=DIRECTION('',(0.,0.,-1.));
#5117=DIRECTION('',(1.,0.,0.));
#5118=DIRECTION('',(1.,0.,0.));
#5119=DIRECTION('',(0.,0.,-1.));
#5120=DIRECTION('',(0.,0.,1.));
#5121=DIRECTION('',(1.,0.,0.));
#5122=DIRECTION('',(1.,0.,0.));
#5123=DIRECTION('',(0.,-1.,0.));
#5124=DIRECTION('',(1.,0.,0.));
#5125=DIRECTION('',(0.,0.,-1.));
#5126=DIRECTION('',(1.,0.,0.));
#5127=DIRECTION('',(1.,0.,0.));
#5128=DIRECTION('',(0.,0.,-1.));
#5129=DIRECTION('',(0.,1.,0.));
#5130=DIRECTION('',(0.,0.,1.));
#5131=DIRECTION('',(1.,0.,0.));
#5132=DIRECTION('',(0.,0.,1.));
#5133=DIRECTION('',(0.,0.554698209879826,0.832051618564688));
#5134=DIRECTION('',(0.,-0.832051618564688,0.554698209879826));
#5135=DIRECTION('',(1.,0.,0.));
#5136=DIRECTION('',(0.,-0.832051618564688,0.554698209879826));
#5137=DIRECTION('',(0.,0.,1.));
#5138=DIRECTION('',(1.,0.,0.));
#5139=DIRECTION('',(1.,0.,0.));
#5140=DIRECTION('',(0.,-1.,0.));
#5141=DIRECTION('',(0.,-0.581237340540902,0.813734080619056));
#5142=DIRECTION('',(0.,-0.813734080619056,-0.581237340540902));
#5143=DIRECTION('',(1.,0.,0.));
#5144=DIRECTION('',(0.,-0.813734080619056,-0.581237340540902));
#5145=DIRECTION('',(0.,-1.,0.));
#5146=DIRECTION('',(0.,0.,-1.));
#5147=DIRECTION('',(1.,0.,0.));
#5148=DIRECTION('',(0.,0.,-1.));
#5149=DIRECTION('',(0.,0.,1.));
#5150=DIRECTION('',(1.,0.,0.));
#5151=DIRECTION('',(1.,0.,0.));
#5152=DIRECTION('',(0.,-1.,0.));
#5153=DIRECTION('',(0.,1.,0.));
#5154=DIRECTION('',(0.,0.,1.));
#5155=DIRECTION('',(1.,0.,0.));
#5156=DIRECTION('',(0.,0.,1.));
#5157=DIRECTION('',(0.,0.609708169887613,0.792625982145613));
#5158=DIRECTION('',(0.,-0.792625982145613,0.609708169887613));
#5159=DIRECTION('',(1.,0.,0.));
#5160=DIRECTION('',(0.,-0.792625982145613,0.609708169887613));
#5161=DIRECTION('',(0.,0.,1.));
#5162=DIRECTION('',(1.,0.,0.));
#5163=DIRECTION('',(1.,0.,0.));
#5164=DIRECTION('',(0.,-1.,0.));
#5165=DIRECTION('',(0.,-0.672669503547556,0.739943064699632));
#5166=DIRECTION('',(0.,-0.739943064699632,-0.672669503547556));
#5167=DIRECTION('',(0.,-0.739943064699632,-0.672669503547556));
#5168=DIRECTION('',(1.,0.,0.));
#5169=DIRECTION('',(0.,0.,-1.));
#5170=DIRECTION('',(1.,0.,0.));
#5171=DIRECTION('',(0.,0.,-1.));
#5172=DIRECTION('',(1.,0.,0.));
#5173=DIRECTION('',(0.,0.,-1.));
#5174=DIRECTION('',(1.,0.,0.));
#5175=DIRECTION('',(0.,1.,0.));
#5176=DIRECTION('',(-1.,0.,0.));
#5177=DIRECTION('',(0.,0.,1.));
#5178=DIRECTION('',(-1.,-9.91270557701033E-17,0.));
#5179=DIRECTION('',(9.91270557701033E-17,-1.,0.));
#5180=DIRECTION('',(-1.,-9.91270557701033E-17,0.));
#5181=DIRECTION('',(9.91270557701033E-17,-1.,0.));
#5182=DIRECTION('',(-1.,-9.91270557701033E-17,0.));
#5183=DIRECTION('',(-1.,-9.91270557701033E-17,0.));
#5184=DIRECTION('',(9.91270557701033E-17,-1.,0.));
#5185=DIRECTION('',(-1.,-9.91270557701033E-17,0.));
#5186=DIRECTION('',(-9.91145666549126E-17,0.999874009017078,0.0158734398324986));
#5187=DIRECTION('',(0.,-0.0158734398324986,0.999874009017078));
#5188=DIRECTION('',(-1.57348735553946E-18,0.0158734398324986,-0.999874009017078));
#5189=DIRECTION('',(-1.,-9.91270557701033E-17,0.));
#5190=DIRECTION('',(-1.57348735553946E-18,0.0158734398324986,-0.999874009017078));
#5191=DIRECTION('',(-1.,-9.91270557701033E-17,0.));
#5192=DIRECTION('',(9.91270557701033E-17,-1.,0.));
#5193=DIRECTION('',(-1.,-9.91270557701033E-17,0.));
#5194=DIRECTION('',(9.91270557701033E-17,-1.,0.));
#5195=DIRECTION('',(-1.,-9.91270557701033E-17,0.));
#5196=DIRECTION('',(-1.,-9.91270557701033E-17,0.));
#5197=DIRECTION('',(9.91270557701033E-17,-1.,0.));
#5198=DIRECTION('',(-9.35781750036354E-19,0.00944022540331099,-0.999955440079374));
#5199=DIRECTION('',(0.,0.999955440079374,0.00944022540331099));
#5200=DIRECTION('',(9.91226386763663E-17,-0.999955440079374,-0.009440225403311));
#5201=DIRECTION('',(-1.,-9.91270557701033E-17,0.));
#5202=DIRECTION('',(9.91226386763663E-17,-0.999955440079374,-0.009440225403311));
#5203=DIRECTION('',(-1.,-9.91270557701033E-17,0.));
#5204=DIRECTION('',(0.,0.,1.));
#5205=DIRECTION('',(1.,0.,0.));
#5206=DIRECTION('',(-1.,-9.91270557701033E-17,0.));
#5207=DIRECTION('',(-9.91270557701033E-17,1.,0.));
#5208=DIRECTION('',(-1.,-9.91270557701033E-17,0.));
#5209=DIRECTION('',(7.78007195461601E-17,-0.784858573088224,-0.619674931113013));
#5210=DIRECTION('',(0.,0.619674931113013,-0.784858573088224));
#5211=DIRECTION('',(-1.,-9.91270557701033E-17,0.));
#5212=DIRECTION('',(6.14265514557745E-17,-0.619674931113013,0.784858573088224));
#5213=DIRECTION('',(9.91270557701033E-17,-1.,0.));
#5214=DIRECTION('',(1.,9.91270557701033E-17,0.));
#5215=DIRECTION('',(-1.,-9.91270557701033E-17,0.));
#5216=DIRECTION('',(0.,0.,1.));
#5217=DIRECTION('',(7.19296292397338E-17,-0.725630643227758,0.688084420408478));
#5218=DIRECTION('',(0.,-0.688084420408478,-0.725630643227758));
#5219=DIRECTION('',(-1.,-9.91270557701033E-17,0.));
#5220=DIRECTION('',(-6.82077827163704E-17,0.688084420408478,0.725630643227758));
#5221=DIRECTION('',(0.,0.,1.));
#5222=DIRECTION('',(1.,0.,0.));
#5223=DIRECTION('',(-1.,-9.91270557701033E-17,0.));
#5224=DIRECTION('',(-9.91270557701033E-17,1.,0.));
#5225=DIRECTION('',(-1.,-9.91270557701033E-17,0.));
#5226=DIRECTION('',(9.91270557701033E-17,-1.,0.));
#5227=DIRECTION('',(-1.,-9.91270557701033E-17,0.));
#5228=DIRECTION('',(-1.,-9.91270557701033E-17,0.));
#5229=DIRECTION('',(9.91270557701033E-17,-1.,0.));
#5230=DIRECTION('',(4.78859786339771E-17,-0.483076777192242,-0.875577996147435));
#5231=DIRECTION('',(0.,0.875577996147435,-0.483076777192242));
#5232=DIRECTION('',(-1.,-9.91270557701033E-17,0.));
#5233=DIRECTION('',(8.6793468855182E-17,-0.875577996147435,0.483076777192242));
#5234=DIRECTION('',(9.91270557701033E-17,-1.,0.));
#5235=DIRECTION('',(1.,9.91270557701033E-17,0.));
#5236=DIRECTION('',(-1.,-9.91270557701033E-17,0.));
#5237=DIRECTION('',(0.,0.,1.));
#5238=DIRECTION('',(-1.,-9.91270557701033E-17,0.));
#5239=DIRECTION('',(9.91270557701033E-17,-1.,0.));
#5240=DIRECTION('',(-1.,-9.91270557701033E-17,0.));
#5241=DIRECTION('',(9.91270557701033E-17,-1.,0.));
#5242=DIRECTION('',(-1.,-9.91270557701033E-17,0.));
#5243=DIRECTION('',(9.91270557701033E-17,-1.,0.));
#5244=DIRECTION('',(6.58368122954275E-17,-0.664165921038925,0.747585198710165));
#5245=DIRECTION('',(0.,-0.747585198710165,-0.664165921038925));
#5246=DIRECTION('',(-7.41059196854462E-17,0.747585198710165,0.664165921038925));
#5247=DIRECTION('',(-9.90786845184946E-17,0.999512027758387,-0.0312362988575399));
#5248=DIRECTION('',(0.,0.0312362988575399,0.999512027758387));
#5249=DIRECTION('',(3.09636233890297E-18,-0.0312362988575399,-0.999512027758387));
#5250=DIRECTION('',(3.09636233890297E-18,-0.0312362988575399,-0.999512027758387));
#5251=DIRECTION('',(-1.,-9.91270557701033E-17,0.));
#5252=DIRECTION('',(9.91270557701033E-17,-1.,0.));
#5253=DIRECTION('',(-1.,-9.91270557701033E-17,0.));
#5254=DIRECTION('',(9.91270557701033E-17,-1.,0.));
#5255=DIRECTION('',(-1.,-9.91270557701033E-17,0.));
#5256=DIRECTION('',(9.91270557701033E-17,-1.,0.));
#5257=DIRECTION('',(0.194052605923264,0.,-0.980991124391241));
#5258=DIRECTION('',(-0.980991124391241,0.,-0.194052605923264));
#5259=DIRECTION('',(0.,-1.,0.));
#5260=DIRECTION('',(0.980991124391241,0.,0.194052605923264));
#5261=DIRECTION('',(0.,-1.,0.));
#5262=DIRECTION('',(0.35842109604742,0.,-0.933560023730754));
#5263=DIRECTION('',(-0.933560023730754,0.,-0.35842109604742));
#5264=DIRECTION('',(0.,-1.,0.));
#5265=DIRECTION('',(0.933560023730754,0.,0.35842109604742));
#5266=DIRECTION('',(0.629422092707834,0.,-0.777063594058615));
#5267=DIRECTION('',(-0.777063594058615,0.,-0.629422092707834));
#5268=DIRECTION('',(0.,-1.,0.));
#5269=DIRECTION('',(0.777063594058615,0.,0.629422092707834));
#5270=DIRECTION('',(0.849328927009222,0.,-0.527863972767004));
#5271=DIRECTION('',(-0.527863972767004,0.,-0.849328927009222));
#5272=DIRECTION('',(0.,-1.,0.));
#5273=DIRECTION('',(0.527863972767004,0.,0.849328927009222));
#5274=DIRECTION('',(0.953582589335885,0.,-0.301131607964805));
#5275=DIRECTION('',(-0.301131607964805,0.,-0.953582589335885));
#5276=DIRECTION('',(0.,-1.,0.));
#5277=DIRECTION('',(0.301131607964805,0.,0.953582589335885));
#5278=DIRECTION('',(0.932104161033732,0.,-0.36219032701551));
#5279=DIRECTION('',(-0.36219032701551,0.,-0.932104161033732));
#5280=DIRECTION('',(0.,-1.,0.));
#5281=DIRECTION('',(0.36219032701551,0.,0.932104161033732));
#5282=DIRECTION('',(-1.,0.,0.));
#5283=DIRECTION('',(0.,0.,1.));
#5284=DIRECTION('',(0.,-1.,0.));
#5285=DIRECTION('',(0.,0.,-1.));
#5286=DIRECTION('',(-0.985857842592273,0.,-0.167583752790385));
#5287=DIRECTION('',(-0.167583752790385,0.,0.985857842592273));
#5288=DIRECTION('',(0.,-1.,0.));
#5289=DIRECTION('',(0.167583752790385,0.,-0.985857842592273));
#5290=DIRECTION('',(-0.97618368662041,0.,-0.216945638297211));
#5291=DIRECTION('',(-0.216945638297211,0.,0.976183686620411));
#5292=DIRECTION('',(0.,-1.,0.));
#5293=DIRECTION('',(0.216945638297211,0.,-0.97618368662041));
#5294=DIRECTION('',(-0.930743015747572,0.,-0.365673951269591));
#5295=DIRECTION('',(-0.365673951269591,0.,0.930743015747572));
#5296=DIRECTION('',(0.,-1.,0.));
#5297=DIRECTION('',(0.365673951269591,0.,-0.930743015747572));
#5298=DIRECTION('',(-0.771908225079588,0.,-0.635733978999456));
#5299=DIRECTION('',(-0.635733978999456,0.,0.771908225079588));
#5300=DIRECTION('',(0.,-1.,0.));
#5301=DIRECTION('',(0.635733978999456,0.,-0.771908225079588));
#5302=DIRECTION('',(-0.592050545743168,0.,-0.805900832165607));
#5303=DIRECTION('',(-0.805900832165607,0.,0.592050545743168));
#5304=DIRECTION('',(0.,-1.,0.));
#5305=DIRECTION('',(0.805900832165607,0.,-0.592050545743168));
#5306=DIRECTION('',(-0.284950829738794,0.,-0.958542135031723));
#5307=DIRECTION('',(-0.958542135031723,0.,0.284950829738794));
#5308=DIRECTION('',(0.,-1.,0.));
#5309=DIRECTION('',(0.958542135031723,0.,-0.284950829738794));
#5310=DIRECTION('',(-0.212758687616849,0.,-0.977104774752204));
#5311=DIRECTION('',(-0.977104774752204,0.,0.212758687616849));
#5312=DIRECTION('',(0.,-1.,0.));
#5313=DIRECTION('',(0.977104774752204,0.,-0.212758687616849));
#5314=DIRECTION('',(0.,0.,1.));
#5315=DIRECTION('',(1.,0.,0.));
#5316=DIRECTION('',(0.,-1.,0.));
#5317=DIRECTION('',(-1.,0.,0.));
#5318=DIRECTION('',(-0.257849291403313,0.,0.966185149400885));
#5319=DIRECTION('',(0.966185149400885,0.,0.257849291403313));
#5320=DIRECTION('',(0.,-1.,0.));
#5321=DIRECTION('',(-0.966185149400885,0.,-0.257849291403313));
#5322=DIRECTION('',(-0.431456175558745,0.,0.902133897252631));
#5323=DIRECTION('',(0.902133897252632,0.,0.431456175558745));
#5324=DIRECTION('',(0.,-1.,0.));
#5325=DIRECTION('',(-0.902133897252632,0.,-0.431456175558745));
#5326=DIRECTION('',(-0.903384918715266,0.,0.428830605994735));
#5327=DIRECTION('',(0.428830605994735,0.,0.903384918715266));
#5328=DIRECTION('',(0.,-1.,0.));
#5329=DIRECTION('',(-0.428830605994735,0.,-0.903384918715266));
#5330=DIRECTION('',(-1.,0.,0.));
#5331=DIRECTION('',(0.,0.,1.));
#5332=DIRECTION('',(0.,-1.,0.));
#5333=DIRECTION('',(0.,0.,-1.));
#5334=DIRECTION('',(-0.966185149400885,0.,-0.257849291403313));
#5335=DIRECTION('',(-0.257849291403313,0.,0.966185149400885));
#5336=DIRECTION('',(0.,-1.,0.));
#5337=DIRECTION('',(0.257849291403313,0.,-0.966185149400885));
#5338=DIRECTION('',(-0.902133897252632,0.,-0.431456175558745));
#5339=DIRECTION('',(-0.431456175558745,0.,0.902133897252632));
#5340=DIRECTION('',(0.,-1.,0.));
#5341=DIRECTION('',(0.431456175558745,0.,-0.902133897252632));
#5342=DIRECTION('',(-0.670286655937264,0.,-0.742102283295531));
#5343=DIRECTION('',(-0.742102283295531,0.,0.670286655937264));
#5344=DIRECTION('',(0.,-1.,0.));
#5345=DIRECTION('',(0.742102283295531,0.,-0.670286655937264));
#5346=DIRECTION('',(-0.384615233169572,0.,-0.92307698617933));
#5347=DIRECTION('',(-0.92307698617933,0.,0.384615233169572));
#5348=DIRECTION('',(0.,-1.,0.));
#5349=DIRECTION('',(0.92307698617933,0.,-0.384615233169572));
#5350=DIRECTION('',(-0.215473380044234,0.,-0.976509714489474));
#5351=DIRECTION('',(-0.976509714489474,0.,0.215473380044234));
#5352=DIRECTION('',(0.,-1.,0.));
#5353=DIRECTION('',(0.976509714489474,0.,-0.215473380044234));
#5354=DIRECTION('',(-0.259674912886406,0.,-0.965696090712517));
#5355=DIRECTION('',(-0.965696090712517,0.,0.259674912886406));
#5356=DIRECTION('',(0.,-1.,0.));
#5357=DIRECTION('',(0.965696090712517,0.,-0.259674912886406));
#5358=DIRECTION('',(0.,-1.,0.));
#5359=DIRECTION('',(0.,0.,-1.));
#5360=DIRECTION('',(0.,-1.,0.));
#5361=DIRECTION('',(0.,0.,-1.));
#5362=DIRECTION('',(0.,-1.,0.));
#5363=DIRECTION('',(0.,-1.,0.));
#5364=DIRECTION('',(0.,0.,-1.));
#5365=DIRECTION('',(0.,-1.,0.));
#5366=DIRECTION('',(1.,0.,0.));
#5367=DIRECTION('',(0.,0.,-1.));
#5368=DIRECTION('',(0.,0.,1.));
#5369=DIRECTION('',(0.,-1.,0.));
#5370=DIRECTION('',(0.,0.,1.));
#5371=DIRECTION('',(0.,0.,-1.));
#5372=DIRECTION('',(-1.,0.,0.));
#5373=DIRECTION('',(1.,0.,0.));
#5374=DIRECTION('',(0.,-1.,0.));
#5375=DIRECTION('',(1.,0.,0.));
#5376=DIRECTION('',(-1.,0.,0.));
#5377=DIRECTION('',(0.,0.,1.));
#5378=DIRECTION('',(0.,0.,-1.));
#5379=DIRECTION('',(0.,-1.,0.));
#5380=DIRECTION('',(0.,0.,-1.));
#5381=DIRECTION('',(0.,-1.,0.));
#5382=DIRECTION('',(0.,0.,-1.));
#5383=DIRECTION('',(0.,-1.,0.));
#5384=DIRECTION('',(0.,0.,-1.));
#5385=DIRECTION('',(0.,-1.,0.));
#5386=DIRECTION('',(0.,-1.,0.));
#5387=DIRECTION('',(0.,0.,-1.));
#5388=DIRECTION('',(1.,0.,0.));
#5389=DIRECTION('',(0.,0.,-1.));
#5390=DIRECTION('',(0.,0.,1.));
#5391=DIRECTION('',(0.,-1.,0.));
#5392=DIRECTION('',(0.,0.,1.));
#5393=DIRECTION('',(0.,0.,-1.));
#5394=DIRECTION('',(-1.,0.,0.));
#5395=DIRECTION('',(1.,0.,0.));
#5396=DIRECTION('',(0.,-1.,0.));
#5397=DIRECTION('',(1.,0.,0.));
#5398=DIRECTION('',(-1.,0.,0.));
#5399=DIRECTION('',(0.,0.,1.));
#5400=DIRECTION('',(0.,0.,-1.));
#5401=DIRECTION('',(0.,-1.,0.));
#5402=DIRECTION('',(0.,0.,-1.));
#5403=DIRECTION('',(0.171548565454196,0.,-0.985175664382047));
#5404=DIRECTION('',(-0.985175664382047,0.,-0.171548565454196));
#5405=DIRECTION('',(0.985175664382047,0.,0.171548565454196));
#5406=DIRECTION('',(0.,-1.,0.));
#5407=DIRECTION('',(0.985175664382047,0.,0.171548565454196));
#5408=DIRECTION('',(-1.,0.,0.));
#5409=DIRECTION('',(0.,0.,1.));
#5410=DIRECTION('',(0.,0.,-1.));
#5411=DIRECTION('',(0.,0.,-1.));
#5412=DIRECTION('',(0.,0.,-1.));
#5413=DIRECTION('',(-1.,0.,0.));
#5414=DIRECTION('',(1.,0.,0.));
#5415=DIRECTION('',(0.,-1.,0.));
#5416=DIRECTION('',(1.,0.,0.));
#5417=DIRECTION('',(0.,-1.,0.));
#5418=DIRECTION('',(0.,0.,-1.));
#5419=DIRECTION('',(0.,0.,1.));
#5420=DIRECTION('',(1.,0.,0.));
#5421=DIRECTION('',(0.,0.,1.));
#5422=DIRECTION('',(1.,0.,0.));
#5423=DIRECTION('',(0.,0.,1.));
#5424=DIRECTION('',(1.,0.,0.));
#5425=DIRECTION('',(-1.,0.,0.));
#5426=DIRECTION('',(0.,0.,1.));
#5427=DIRECTION('',(1.,0.,0.));
#5428=DIRECTION('',(0.,1.,0.));
#5429=DIRECTION('',(0.,0.,1.));
#5430=DIRECTION('',(1.,0.,0.));
#5431=DIRECTION('',(-1.,0.,0.));
#5432=DIRECTION('',(0.,0.,1.));
#5433=DIRECTION('',(1.,0.,0.));
#5434=DIRECTION('',(-9.91270557701033E-17,1.,0.));
#5435=DIRECTION('',(0.,0.,1.));
#5436=DIRECTION('',(1.,0.,0.));
#5437=DIRECTION('',(0.,0.,1.));
#5438=DIRECTION('',(1.,0.,0.));
#5439=DIRECTION('',(0.,0.,1.));
#5440=DIRECTION('',(1.,0.,0.));
#5441=DIRECTION('',(0.,0.,1.));
#5442=DIRECTION('',(1.,0.,0.));
#5443=DIRECTION('',(0.,0.,1.));
#5444=DIRECTION('',(1.,0.,0.));
#5445=DIRECTION('',(-1.,0.,0.));
#5446=DIRECTION('',(-9.91270557701033E-17,1.,0.));
#5447=DIRECTION('',(-1.,0.,0.));
#5448=DIRECTION('',(0.,1.,0.));
#5449=DIRECTION('',(0.,0.,1.));
#5450=DIRECTION('',(1.,0.,0.));
#5451=DIRECTION('',(0.,0.,1.));
#5452=DIRECTION('',(1.,0.,0.));
#5453=DIRECTION('',(0.,-1.,0.));
#5454=DIRECTION('',(0.,0.,-1.));
#5455=DIRECTION('',(-0.707106781186548,-0.707106781186548,0.));
#5456=DIRECTION('',(-0.707106781186548,0.707106781186548,0.));
#5457=DIRECTION('',(0.707106781186548,-0.707106781186548,0.));
#5458=DIRECTION('',(0.707106781186548,0.707106781186548,0.));
#5459=DIRECTION('',(1.,0.,0.));
#5460=DIRECTION('',(0.,0.,-1.));
#5461=DIRECTION('',(0.707106781186548,0.707106781186548,0.));
#5462=DIRECTION('',(0.707106781186548,-0.707106781186548,0.));
#5463=DIRECTION('',(0.,0.,1.));
#5464=DIRECTION('',(1.,0.,0.));
#5465=DIRECTION('',(-1.,0.,0.));
#5466=DIRECTION('',(0.,0.,1.));
#5467=DIRECTION('',(-0.707106781186548,0.707106781186548,0.));
#5468=DIRECTION('',(-0.707106781186548,-0.707106781186548,0.));
#5469=DIRECTION('',(-9.91270557701033E-17,1.,0.));
#5470=DIRECTION('',(-1.,-9.91270557701033E-17,0.));
#5471=DIRECTION('',(0.,0.,1.));
#5472=DIRECTION('',(1.,0.,0.));
#5473=CARTESIAN_POINT('',(0.,0.,0.));
#5474=CARTESIAN_POINT('',(-0.0444982871413231,0.137,0.014));
#5475=CARTESIAN_POINT('',(-0.0444982871413231,0.137,0.014));
#5476=CARTESIAN_POINT('',(-0.0431982871413231,0.137,0.014));
#5477=CARTESIAN_POINT('',(-0.0444982871413231,0.129,0.014));
#5478=CARTESIAN_POINT('',(-0.0431982871413231,0.129,0.014));
#5479=CARTESIAN_POINT('',(0.,0.,0.));
#5480=CARTESIAN_POINT('',(-0.12,0.07,0.003));
#5481=CARTESIAN_POINT('',(-0.12,0.137,0.0085));
#5482=CARTESIAN_POINT('',(-0.12,0.137,0.014));
#5483=CARTESIAN_POINT('',(-0.12,0.137,0.003));
#5484=CARTESIAN_POINT('',(-0.12,0.1315,0.014));
#5485=CARTESIAN_POINT('',(-0.12,0.126,0.014));
#5486=CARTESIAN_POINT('',(-0.12,0.126,0.0085));
#5487=CARTESIAN_POINT('',(-0.12,0.126,0.003));
#5488=CARTESIAN_POINT('',(-0.12,0.1315,0.003));
#5489=CARTESIAN_POINT('',(-0.12,0.07,0.043));
#5490=CARTESIAN_POINT('',(-0.12,0.001,0.043));
#5491=CARTESIAN_POINT('',(-0.12,0.139,0.043));
#5492=CARTESIAN_POINT('',(-0.12,0.139,0.));
#5493=CARTESIAN_POINT('',(-0.12,0.139,0.001));
#5494=CARTESIAN_POINT('',(-0.12,0.001,0.001));
#5495=CARTESIAN_POINT('',(-0.12,0.001,0.001));
#5496=CARTESIAN_POINT('',(-0.12,0.001,0.003));
#5497=CARTESIAN_POINT('',(-0.12,0.097,0.004));
#5498=CARTESIAN_POINT('',(-0.12,0.086,0.004));
#5499=CARTESIAN_POINT('',(-0.12,0.096879013851016,0.004));
#5500=CARTESIAN_POINT('',(-0.12,0.0976711313165515,0.0075));
#5501=CARTESIAN_POINT('',(-0.12,0.0968790138510159,0.011));
#5502=CARTESIAN_POINT('',(-0.12,0.07,0.011));
#5503=CARTESIAN_POINT('',(-0.12,0.086,0.011));
#5504=CARTESIAN_POINT('',(-0.12,0.086,0.0075));
#5505=CARTESIAN_POINT('',(-0.12,0.0795349553227425,0.0134036711621785));
#5506=CARTESIAN_POINT('',(-0.12,0.079911008477211,0.0129273754022526));
#5507=CARTESIAN_POINT('',(-0.12,0.0791589021682739,0.0138799669221044));
#5508=CARTESIAN_POINT('',(-0.12,0.0884676240384579,0.0129273754022526));
#5509=CARTESIAN_POINT('',(-0.12,0.0970242395997047,0.0129273754022526));
#5510=CARTESIAN_POINT('',(-0.12,0.0975156687200069,0.0133639684151613));
#5511=CARTESIAN_POINT('',(-0.12,0.0980070978403091,0.0138005614280701));
#5512=CARTESIAN_POINT('',(-0.12,0.0980070978403091,0.0203047450631857));
#5513=CARTESIAN_POINT('',(-0.12,0.0980070978403091,0.0268089286983013));
#5514=CARTESIAN_POINT('',(-0.12,0.0971687808632851,0.0272714477032423));
#5515=CARTESIAN_POINT('',(-0.12,0.096330463886261,0.0277339667081833));
#5516=CARTESIAN_POINT('',(-0.12,0.0884768180549145,0.0275181895121932));
#5517=CARTESIAN_POINT('',(-0.12,0.080623172223568,0.0273024123162031));
#5518=CARTESIAN_POINT('',(-0.12,0.0802670903503895,0.0273024123162031));
#5519=CARTESIAN_POINT('',(-0.12,0.079911008477211,0.0273024123162031));
#5520=CARTESIAN_POINT('',(-0.12,0.0795349553227425,0.0269058393314481));
#5521=CARTESIAN_POINT('',(-0.12,0.0791589021682739,0.026509266346693));
#5522=CARTESIAN_POINT('',(-0.12,0.0791589021682739,0.0201946166343987));
#5523=CARTESIAN_POINT('',(0.,0.07,0.003));
#5524=CARTESIAN_POINT('',(0.,0.13985,0.0215));
#5525=CARTESIAN_POINT('',(0.,0.139,0.0215));
#5526=CARTESIAN_POINT('',(0.,0.1147,0.0215));
#5527=CARTESIAN_POINT('',(0.,0.139,0.003));
#5528=CARTESIAN_POINT('',(0.,0.139,0.043));
#5529=CARTESIAN_POINT('',(0.,0.07,0.043));
#5530=CARTESIAN_POINT('',(0.,0.001,0.043));
#5531=CARTESIAN_POINT('',(0.,0.001,0.));
#5532=CARTESIAN_POINT('',(0.,0.001,0.001));
#5533=CARTESIAN_POINT('',(0.,0.07,0.001));
#5534=CARTESIAN_POINT('',(0.,0.1147,0.001));
#5535=CARTESIAN_POINT('',(0.,0.1147,-0.0035));
#5536=CARTESIAN_POINT('',(0.,0.060474656522274,0.0142664386183023));
#5537=CARTESIAN_POINT('',(0.,0.0266801362633705,0.0142664386183023));
#5538=CARTESIAN_POINT('',(0.,0.061474656522274,0.0142664386183023));
#5539=CARTESIAN_POINT('',(0.,0.061474656522274,0.00808835588395596));
#5540=CARTESIAN_POINT('',(0.,0.061474656522274,0.00708835588395596));
#5541=CARTESIAN_POINT('',(0.,0.07,0.00708835588395596));
#5542=CARTESIAN_POINT('',(0.,0.0266801362633705,0.00708835588395596));
#5543=CARTESIAN_POINT('',(0.,0.0266801362633705,0.003));
#5544=CARTESIAN_POINT('',(0.,0.0564121566712856,0.0263955304399133));
#5545=CARTESIAN_POINT('',(0.,0.0564121566712856,0.027439845725894));
#5546=CARTESIAN_POINT('',(0.,0.0564121566712856,0.0253512151539326));
#5547=CARTESIAN_POINT('',(0.,0.0562140960246325,0.0251711616292596));
#5548=CARTESIAN_POINT('',(0.,0.0560160353779793,0.0249911081045866));
#5549=CARTESIAN_POINT('',(0.,0.0551157649606466,0.0249911081045866));
#5550=CARTESIAN_POINT('',(0.,0.054215494543314,0.0249911081045866));
#5551=CARTESIAN_POINT('',(0.,0.0539814233779907,0.0251711616292596));
#5552=CARTESIAN_POINT('',(0.,0.0537473522126675,0.0253512151539326));
#5553=CARTESIAN_POINT('',(0.,0.0537473522126675,0.0263955304399133));
#5554=CARTESIAN_POINT('',(0.,0.0537473522126675,0.027439845725894));
#5555=CARTESIAN_POINT('',(0.,0.0534592643380165,0.027439845725894));
#5556=CARTESIAN_POINT('',(0.,0.0531711764633656,0.027439845725894));
#5557=CARTESIAN_POINT('',(0.,0.0531711764633656,0.0263955304399133));
#5558=CARTESIAN_POINT('',(0.,0.0531711764633656,0.0253512151539326));
#5559=CARTESIAN_POINT('',(0.,0.0529191009700298,0.0251711616292596));
#5560=CARTESIAN_POINT('',(0.,0.0526670254766941,0.0249911081045866));
#5561=CARTESIAN_POINT('',(0.,0.0518387760967016,0.0249911081045866));
#5562=CARTESIAN_POINT('',(0.,0.0510105267167091,0.0249911081045866));
#5563=CARTESIAN_POINT('',(0.,0.0507404450327158,0.0251711616292596));
#5564=CARTESIAN_POINT('',(0.,0.0504703633487225,0.0253512151539326));
#5565=CARTESIAN_POINT('',(0.,0.0504703633487225,0.0263955304399133));
#5566=CARTESIAN_POINT('',(0.,0.0504703633487225,0.027439845725894));
#5567=CARTESIAN_POINT('',(0.,0.0501665960958533,0.0284930898592751));
#5568=CARTESIAN_POINT('',(0.,0.0503983423113823,0.0295644868165255));
#5569=CARTESIAN_POINT('',(0.,0.0590949654579163,0.0295644868165255));
#5570=CARTESIAN_POINT('',(0.,0.0677915886044502,0.0295644868165255));
#5571=CARTESIAN_POINT('',(0.,0.072298834504681,0.0282702359017613));
#5572=CARTESIAN_POINT('',(0.,0.0676835551857948,0.027439845725894));
#5573=CARTESIAN_POINT('',(0.,0.0620478559285402,0.027439845725894));
#5574=CARTESIAN_POINT('',(-0.06,0.,0.003));
#5575=CARTESIAN_POINT('',(-0.0565895100800608,0.,0.008));
#5576=CARTESIAN_POINT('',(-0.0400895100800608,0.,0.008));
#5577=CARTESIAN_POINT('',(-0.0730895100800608,0.,0.008));
#5578=CARTESIAN_POINT('',(-0.0400895100800608,0.,0.0195));
#5579=CARTESIAN_POINT('',(-0.0400895100800608,0.,0.031));
#5580=CARTESIAN_POINT('',(-0.0565895100800608,0.,0.031));
#5581=CARTESIAN_POINT('',(-0.0730895100800608,0.,0.031));
#5582=CARTESIAN_POINT('',(-0.0730895100800608,0.,0.0195));
#5583=CARTESIAN_POINT('',(-0.0531055424362421,0.,0.0149706997908652));
#5584=CARTESIAN_POINT('',(-0.0517716519534588,0.,0.00992973614484072));
#5585=CARTESIAN_POINT('',(-0.0544394329190254,0.,0.0200116634368896));
#5586=CARTESIAN_POINT('',(-0.0561387967318296,0.,0.00992973614484072));
#5587=CARTESIAN_POINT('',(-0.0605059415102005,0.,0.00992973614484072));
#5588=CARTESIAN_POINT('',(-0.0591842327266932,0.,0.0149799003265798));
#5589=CARTESIAN_POINT('',(-0.0578625239431858,0.,0.0200300645083189));
#5590=CARTESIAN_POINT('',(-0.0561280377249481,0.,0.024288448370474));
#5591=CARTESIAN_POINT('',(-0.06,0.,0.003));
#5592=CARTESIAN_POINT('',(-0.0951492711901665,0.,0.0116973333060741));
#5593=CARTESIAN_POINT('',(-0.0964778736233711,0.,0.0114345187321305));
#5594=CARTESIAN_POINT('',(-0.0938206687569618,0.,0.0119601478800178));
#5595=CARTESIAN_POINT('',(-0.0994674861431122,0.,0.0114345187321305));
#5596=CARTESIAN_POINT('',(-0.102457098662853,0.,0.0114345187321305));
#5597=CARTESIAN_POINT('',(-0.102924454957247,0.,0.0115601904690266));
#5598=CARTESIAN_POINT('',(-0.10339181125164,0.,0.0116858622059226));
#5599=CARTESIAN_POINT('',(-0.104138720780611,0.,0.0118506727740169));
#5600=CARTESIAN_POINT('',(-0.104885630309582,0.,0.0120154833421111));
#5601=CARTESIAN_POINT('',(-0.105691760778427,0.,0.0123513708822429));
#5602=CARTESIAN_POINT('',(-0.106497891247272,0.,0.0126872584223747));
#5603=CARTESIAN_POINT('',(-0.107192058116198,0.,0.0133142485283315));
#5604=CARTESIAN_POINT('',(-0.107886224985123,0.,0.0139412386342883));
#5605=CARTESIAN_POINT('',(-0.108378861099482,0.,0.0149712939746678));
#5606=CARTESIAN_POINT('',(-0.10887149721384,0.,0.0160013493150473));
#5607=CARTESIAN_POINT('',(-0.109164319475214,0.,0.017098581418395));
#5608=CARTESIAN_POINT('',(-0.109457141736588,0.,0.0181958135217428));
#5609=CARTESIAN_POINT('',(-0.109457141736588,0.,0.0252644391730428));
#5610=CARTESIAN_POINT('',(-0.109457141736588,0.,0.02646622993052));
#5611=CARTESIAN_POINT('',(-0.108671683360855,0.,0.0281208955280686));
#5612=CARTESIAN_POINT('',(-0.107886224985123,0.,0.0297755611256171));
#5613=CARTESIAN_POINT('',(-0.10629781587,0.,0.0305352365176189));
#5614=CARTESIAN_POINT('',(-0.104709406754877,0.,0.0312949119096207));
#5615=CARTESIAN_POINT('',(-0.103586606659772,0.,0.0315945575925314));
#5616=CARTESIAN_POINT('',(-0.102463806564667,0.,0.0318942032754422));
#5617=CARTESIAN_POINT('',(-0.0993030428087628,0.,0.0318942032754422));
#5618=CARTESIAN_POINT('',(-0.0961422790528586,0.,0.0318942032754422));
#5619=CARTESIAN_POINT('',(-0.0954200574745606,0.,0.0317369438707829));
#5620=CARTESIAN_POINT('',(-0.0946978358962625,0.,0.0315796844661236));
#5621=CARTESIAN_POINT('',(-0.0935900429859627,0.,0.0312503650784492));
#5622=CARTESIAN_POINT('',(-0.0924822500756629,0.,0.0309210456907749));
#5623=CARTESIAN_POINT('',(-0.0917487137197586,0.,0.0303821573033929));
#5624=CARTESIAN_POINT('',(-0.0910151773638544,0.,0.0298432689160108));
#5625=CARTESIAN_POINT('',(-0.090596013188051,0.,0.029334319755435));
#5626=CARTESIAN_POINT('',(-0.0901768490122476,0.,0.0288253705948591));
#5627=CARTESIAN_POINT('',(-0.0898475060591466,0.,0.0279871001839638));
#5628=CARTESIAN_POINT('',(-0.0895181631060455,0.,0.0271488297730685));
#5629=CARTESIAN_POINT('',(-0.0893984013370527,0.,0.0266099413856864));
#5630=CARTESIAN_POINT('',(-0.08927863956806,0.,0.0260710529983043));
#5631=CARTESIAN_POINT('',(-0.0891380483806681,0.,0.0252439863979817));
#5632=CARTESIAN_POINT('',(-0.0889974571932762,0.,0.0244169197976589));
#5633=CARTESIAN_POINT('',(-0.0889974571932762,0.,0.021129316650331));
#5634=CARTESIAN_POINT('',(-0.0889974571932762,0.,0.0178417135030031));
#5635=CARTESIAN_POINT('',(-0.0891966167921528,0.,0.0173291722312569));
#5636=CARTESIAN_POINT('',(-0.0893957763910294,0.,0.0168166309595108));
#5637=CARTESIAN_POINT('',(-0.0896753706037998,0.,0.0159312500618398));
#5638=CARTESIAN_POINT('',(-0.0899549648165703,0.,0.0150458691641688));
#5639=CARTESIAN_POINT('',(-0.0903575904667377,0.,0.0143980477005243));
#5640=CARTESIAN_POINT('',(-0.0907602161169052,0.,0.0137502262368798));
#5641=CARTESIAN_POINT('',(-0.0914820209145546,0.,0.0131655638106167));
#5642=CARTESIAN_POINT('',(-0.092203825712204,0.,0.0125809013843536));
#5643=CARTESIAN_POINT('',(-0.0930122472345829,0.,0.0122705246321857));
#5644=CARTESIAN_POINT('',(-0.001,0.,0.043));
#5645=CARTESIAN_POINT('',(-0.001,0.,0.001));
#5646=CARTESIAN_POINT('',(-0.001,0.,0.042));
#5647=CARTESIAN_POINT('',(-0.06,0.,0.042));
#5648=CARTESIAN_POINT('',(-0.119,0.,0.042));
#5649=CARTESIAN_POINT('',(-0.119,0.,0.003));
#5650=CARTESIAN_POINT('',(-0.119,0.,0.001));
#5651=CARTESIAN_POINT('',(0.,0.,0.001));
#5652=CARTESIAN_POINT('',(-0.0740895100800608,0.,0.0195));
#5653=CARTESIAN_POINT('',(-0.0740895100800608,0.,0.032));
#5654=CARTESIAN_POINT('',(-0.0740895100800608,0.,0.007));
#5655=CARTESIAN_POINT('',(-0.0565895100800608,0.,0.032));
#5656=CARTESIAN_POINT('',(-0.0390895100800608,0.,0.032));
#5657=CARTESIAN_POINT('',(-0.0390895100800608,0.,0.0195));
#5658=CARTESIAN_POINT('',(-0.0390895100800608,0.,0.007));
#5659=CARTESIAN_POINT('',(-0.0565895100800608,0.,0.007));
#5660=CARTESIAN_POINT('',(-0.117,0.07,0.043));
#5661=CARTESIAN_POINT('',(-0.117,0.0976711313165515,0.0075));
#5662=CARTESIAN_POINT('',(-0.117,0.097,0.005));
#5663=CARTESIAN_POINT('',(-0.117,0.097,0.01));
#5664=CARTESIAN_POINT('',(-0.117,0.0915,0.005));
#5665=CARTESIAN_POINT('',(-0.117,0.086,0.005));
#5666=CARTESIAN_POINT('',(-0.117,0.086,0.0075));
#5667=CARTESIAN_POINT('',(-0.117,0.086,0.01));
#5668=CARTESIAN_POINT('',(-0.117,0.0915,0.01));
#5669=CARTESIAN_POINT('',(-0.117,0.0999256732463837,0.004));
#5670=CARTESIAN_POINT('',(-0.117,0.0999256732463837,0.004));
#5671=CARTESIAN_POINT('',(-0.117,0.0999256732463837,0.003));
#5672=CARTESIAN_POINT('',(-0.117,0.07,0.004));
#5673=CARTESIAN_POINT('',(-0.117,0.100925673246384,0.004));
#5674=CARTESIAN_POINT('',(-0.117,0.100925673246384,0.004));
#5675=CARTESIAN_POINT('',(-0.117,0.100925673246384,0.003));
#5676=CARTESIAN_POINT('',(-0.117,0.07,0.003));
#5677=CARTESIAN_POINT('',(-0.117,0.126,0.003));
#5678=CARTESIAN_POINT('',(-0.117,0.126,0.043));
#5679=CARTESIAN_POINT('',(-0.117,0.126,0.014));
#5680=CARTESIAN_POINT('',(-0.117,0.07,0.014));
#5681=CARTESIAN_POINT('',(-0.117,0.137,0.014));
#5682=CARTESIAN_POINT('',(-0.117,0.137,0.043));
#5683=CARTESIAN_POINT('',(-0.117,0.137,0.043));
#5684=CARTESIAN_POINT('',(-0.117,0.07,0.043));
#5685=CARTESIAN_POINT('',(-0.117,0.003,0.043));
#5686=CARTESIAN_POINT('',(-0.117,0.003,0.043));
#5687=CARTESIAN_POINT('',(-0.117,0.003,0.003));
#5688=CARTESIAN_POINT('',(-0.117,0.07,0.003));
#5689=CARTESIAN_POINT('',(-0.117,0.0809256732463837,0.003));
#5690=CARTESIAN_POINT('',(-0.117,0.0809256732463837,0.004));
#5691=CARTESIAN_POINT('',(-0.117,0.0809256732463837,0.004));
#5692=CARTESIAN_POINT('',(-0.117,0.07,0.004));
#5693=CARTESIAN_POINT('',(-0.117,0.0819256732463837,0.004));
#5694=CARTESIAN_POINT('',(-0.117,0.0819256732463837,0.004));
#5695=CARTESIAN_POINT('',(-0.117,0.0819256732463837,0.003));
#5696=CARTESIAN_POINT('',(-0.117,0.07,0.003));
#5697=CARTESIAN_POINT('',(-0.06,0.07,0.003));
#5698=CARTESIAN_POINT('',(-0.1025,0.0819256732463837,0.003));
#5699=CARTESIAN_POINT('',(-0.088,0.0819256732463837,0.003));
#5700=CARTESIAN_POINT('',(-0.088,0.0909256732463837,0.003));
#5701=CARTESIAN_POINT('',(-0.088,0.0999256732463837,0.003));
#5702=CARTESIAN_POINT('',(-0.1025,0.0999256732463837,0.003));
#5703=CARTESIAN_POINT('',(0.04,0.1147,-0.0035));
#5704=CARTESIAN_POINT('',(0.,0.1147,-0.0035));
#5705=CARTESIAN_POINT('',(0.,0.1147,0.));
#5706=CARTESIAN_POINT('',(0.,0.1147,-0.0275));
#5707=CARTESIAN_POINT('',(0.04,0.1147,-0.0275));
#5708=CARTESIAN_POINT('',(0.0665,0.1147,-0.0275));
#5709=CARTESIAN_POINT('',(0.0665,0.1147,-0.00325));
#5710=CARTESIAN_POINT('',(0.0665,0.1147,0.0215));
#5711=CARTESIAN_POINT('',(0.08,0.1147,0.0215));
#5712=CARTESIAN_POINT('',(-0.001,0.1147,0.001));
#5713=CARTESIAN_POINT('',(-0.001,0.1147,0.));
#5714=CARTESIAN_POINT('',(0.04,0.1147,0.));
#5715=CARTESIAN_POINT('',(0.08,0.13985,0.0215));
#5716=CARTESIAN_POINT('',(0.08,0.13985,0.0215));
#5717=CARTESIAN_POINT('',(0.08,0.139,0.0215));
#5718=CARTESIAN_POINT('',(0.08,0.1147,0.0215));
#5719=CARTESIAN_POINT('',(0.08,0.139,0.0215));
#5720=CARTESIAN_POINT('',(0.0795,0.139,0.0215));
#5721=CARTESIAN_POINT('',(0.0795,0.1147,0.0215));
#5722=CARTESIAN_POINT('',(0.0795,0.1147,0.0215));
#5723=CARTESIAN_POINT('',(0.08,0.1147,0.0215));
#5724=CARTESIAN_POINT('',(-0.06,0.07,0.043));
#5725=CARTESIAN_POINT('',(-0.12,0.139,0.043));
#5726=CARTESIAN_POINT('',(-0.00205,0.139,0.043));
#5727=CARTESIAN_POINT('',(-0.00205,0.13795,0.043));
#5728=CARTESIAN_POINT('',(-0.002,0.13690119115183,0.043));
#5729=CARTESIAN_POINT('',(-0.002,0.07,0.043));
#5730=CARTESIAN_POINT('',(-0.002,0.00309880884817015,0.043));
#5731=CARTESIAN_POINT('',(-0.00205,0.00205,0.043));
#5732=CARTESIAN_POINT('',(-0.00205,0.001,0.043));
#5733=CARTESIAN_POINT('',(-0.06,0.001,0.043));
#5734=CARTESIAN_POINT('',(0.0005,0.1147,-0.00325));
#5735=CARTESIAN_POINT('',(0.0005,0.1397,-0.00325));
#5736=CARTESIAN_POINT('',(0.0005,0.1397,0.0212141428428543));
#5737=CARTESIAN_POINT('',(0.0005,0.1397,-0.028));
#5738=CARTESIAN_POINT('',(0.0005,0.139,0.0205));
#5739=CARTESIAN_POINT('',(0.0005,0.139,0.0215));
#5740=CARTESIAN_POINT('',(0.0005,0.1147,0.0215));
#5741=CARTESIAN_POINT('',(0.0005,0.1157,0.0215));
#5742=CARTESIAN_POINT('',(0.0005,0.1157,-0.00325));
#5743=CARTESIAN_POINT('',(0.0005,0.1157,-0.028));
#5744=CARTESIAN_POINT('',(0.0005,0.1147,-0.028));
#5745=CARTESIAN_POINT('',(-0.002,0.07,0.043));
#5746=CARTESIAN_POINT('',(-0.002,0.13690119115183,0.035));
#5747=CARTESIAN_POINT('',(-0.002,0.13690119115183,0.035));
#5748=CARTESIAN_POINT('',(-0.002,0.07,0.035));
#5749=CARTESIAN_POINT('',(-0.002,0.137,0.035));
#5750=CARTESIAN_POINT('',(-0.002,0.137,0.043));
#5751=CARTESIAN_POINT('',(-0.002,0.137,0.003));
#5752=CARTESIAN_POINT('',(-0.002,0.07,0.003));
#5753=CARTESIAN_POINT('',(-0.002,0.003,0.003));
#5754=CARTESIAN_POINT('',(-0.002,0.003,0.043));
#5755=CARTESIAN_POINT('',(-0.002,0.003,0.035));
#5756=CARTESIAN_POINT('',(-0.002,0.07,0.035));
#5757=CARTESIAN_POINT('',(-0.002,0.00309880884817015,0.035));
#5758=CARTESIAN_POINT('',(-0.002,0.00309880884817015,0.035));
#5759=CARTESIAN_POINT('',(-0.002,0.060474656522274,0.043));
#5760=CARTESIAN_POINT('',(-0.002,0.060474656522274,0.00808835588395596));
#5761=CARTESIAN_POINT('',(-0.002,0.060474656522274,0.0132664386183023));
#5762=CARTESIAN_POINT('',(-0.002,0.07,0.0132664386183023));
#5763=CARTESIAN_POINT('',(-0.002,0.0276801362633705,0.0132664386183023));
#5764=CARTESIAN_POINT('',(-0.002,0.0276801362633705,0.043));
#5765=CARTESIAN_POINT('',(-0.002,0.0276801362633705,0.00808835588395596));
#5766=CARTESIAN_POINT('',(-0.002,0.07,0.00808835588395596));
#5767=CARTESIAN_POINT('',(-0.041064190864563,0.1289,0.004));
#5768=CARTESIAN_POINT('',(-0.0427162162959575,0.1289,0.008738));
#5769=CARTESIAN_POINT('',(-0.0427162162959575,0.1289,0.004));
#5770=CARTESIAN_POINT('',(-0.0427162162959575,0.1289,0.003));
#5771=CARTESIAN_POINT('',(-0.041064190864563,0.1289,0.004));
#5772=CARTESIAN_POINT('',(-0.053564190864563,0.1289,0.004));
#5773=CARTESIAN_POINT('',(-0.053564190864563,0.1289,0.004));
#5774=CARTESIAN_POINT('',(-0.053564190864563,0.1289,0.003));
#5775=CARTESIAN_POINT('',(-0.041064190864563,0.1289,0.003));
#5776=CARTESIAN_POINT('',(-0.06,0.07,0.003));
#5777=CARTESIAN_POINT('',(-0.102,0.100925673246384,0.003));
#5778=CARTESIAN_POINT('',(-0.087,0.100925673246384,0.003));
#5779=CARTESIAN_POINT('',(-0.087,0.0909256732463837,0.003));
#5780=CARTESIAN_POINT('',(-0.087,0.0809256732463837,0.003));
#5781=CARTESIAN_POINT('',(-0.102,0.0809256732463837,0.003));
#5782=CARTESIAN_POINT('',(-0.0595,0.003,0.003));
#5783=CARTESIAN_POINT('',(-0.0595,0.137,0.003));
#5784=CARTESIAN_POINT('',(-0.095,0.126,0.003));
#5785=CARTESIAN_POINT('',(-0.0969752333164215,0.0187188424706282,0.003));
#5786=CARTESIAN_POINT('',(-0.0804752333164215,0.0187188424706282,0.003));
#5787=CARTESIAN_POINT('',(-0.113475233316421,0.0187188424706282,0.003));
#5788=CARTESIAN_POINT('',(-0.113475233316421,0.0377188424706281,0.003));
#5789=CARTESIAN_POINT('',(-0.113475233316421,0.0567188424706282,0.003));
#5790=CARTESIAN_POINT('',(-0.0969752333164215,0.0567188424706282,0.003));
#5791=CARTESIAN_POINT('',(-0.0804752333164215,0.0567188424706282,0.003));
#5792=CARTESIAN_POINT('',(-0.0804752333164215,0.0377188424706281,0.003));
#5793=CARTESIAN_POINT('',(-0.03725,0.0200945918932557,0.003));
#5794=CARTESIAN_POINT('',(-0.0095,0.0200945918932557,0.003));
#5795=CARTESIAN_POINT('',(-0.065,0.0200945918932557,0.003));
#5796=CARTESIAN_POINT('',(-0.065,0.0458445918932557,0.003));
#5797=CARTESIAN_POINT('',(-0.065,0.0715945918932558,0.003));
#5798=CARTESIAN_POINT('',(-0.03725,0.0715945918932558,0.003));
#5799=CARTESIAN_POINT('',(-0.0095,0.0715945918932558,0.003));
#5800=CARTESIAN_POINT('',(-0.0095,0.0458445918932557,0.003));
#5801=CARTESIAN_POINT('',(-0.0566385164856911,0.1345,0.003));
#5802=CARTESIAN_POINT('',(-0.0566385164856911,0.135,0.003));
#5803=CARTESIAN_POINT('',(-0.0566385164856911,0.134,0.003));
#5804=CARTESIAN_POINT('',(-0.0441385164856911,0.135,0.003));
#5805=CARTESIAN_POINT('',(-0.031638516485691,0.135,0.003));
#5806=CARTESIAN_POINT('',(-0.031638516485691,0.1345,0.003));
#5807=CARTESIAN_POINT('',(-0.031638516485691,0.134,0.003));
#5808=CARTESIAN_POINT('',(-0.0441385164856911,0.134,0.003));
#5809=CARTESIAN_POINT('',(-0.041064190864563,0.1289,0.003));
#5810=CARTESIAN_POINT('',(-0.0297162162959576,0.1289,0.003));
#5811=CARTESIAN_POINT('',(-0.028564190864563,0.1289,0.003));
#5812=CARTESIAN_POINT('',(-0.0297162162959576,0.1159,0.003));
#5813=CARTESIAN_POINT('',(-0.0297162162959576,0.1029,0.003));
#5814=CARTESIAN_POINT('',(-0.0362162162959575,0.1029,0.003));
#5815=CARTESIAN_POINT('',(-0.0427162162959575,0.1029,0.003));
#5816=CARTESIAN_POINT('',(-0.0427162162959575,0.1159,0.003));
#5817=CARTESIAN_POINT('',(-0.053564190864563,0.1294,0.003));
#5818=CARTESIAN_POINT('',(-0.053564190864563,0.1299,0.003));
#5819=CARTESIAN_POINT('',(-0.041064190864563,0.1299,0.003));
#5820=CARTESIAN_POINT('',(-0.028564190864563,0.1299,0.003));
#5821=CARTESIAN_POINT('',(-0.028564190864563,0.1294,0.003));
#5822=CARTESIAN_POINT('',(-0.0441385164856911,0.135,0.004));
#5823=CARTESIAN_POINT('',(-0.0566385164856911,0.135,0.004));
#5824=CARTESIAN_POINT('',(-0.0566385164856911,0.135,0.004));
#5825=CARTESIAN_POINT('',(-0.0441385164856911,0.135,0.004));
#5826=CARTESIAN_POINT('',(-0.031638516485691,0.135,0.004));
#5827=CARTESIAN_POINT('',(-0.031638516485691,0.135,0.004));
#5828=CARTESIAN_POINT('',(-0.0566385164856911,0.1345,0.004));
#5829=CARTESIAN_POINT('',(-0.0566385164856911,0.134,0.004));
#5830=CARTESIAN_POINT('',(-0.0566385164856911,0.134,0.004));
#5831=CARTESIAN_POINT('',(-0.0566385164856911,0.1345,0.004));
#5832=CARTESIAN_POINT('',(-0.0441385164856911,0.134,0.004));
#5833=CARTESIAN_POINT('',(-0.031638516485691,0.134,0.004));
#5834=CARTESIAN_POINT('',(-0.031638516485691,0.134,0.004));
#5835=CARTESIAN_POINT('',(-0.0441385164856911,0.134,0.004));
#5836=CARTESIAN_POINT('',(-0.031638516485691,0.1345,0.004));
#5837=CARTESIAN_POINT('',(-0.031638516485691,0.1345,0.004));
#5838=CARTESIAN_POINT('',(-0.06,0.07,0.004));
#5839=CARTESIAN_POINT('',(-0.053564190864563,0.1294,0.004));
#5840=CARTESIAN_POINT('',(-0.053564190864563,0.1294,0.004));
#5841=CARTESIAN_POINT('',(-0.053564190864563,0.1299,0.004));
#5842=CARTESIAN_POINT('',(-0.053564190864563,0.1299,0.004));
#5843=CARTESIAN_POINT('',(-0.041064190864563,0.1289,0.004));
#5844=CARTESIAN_POINT('',(-0.041064190864563,0.1289,0.004));
#5845=CARTESIAN_POINT('',(-0.0297162162959576,0.1289,0.004));
#5846=CARTESIAN_POINT('',(-0.028564190864563,0.1289,0.004));
#5847=CARTESIAN_POINT('',(-0.0297162162959576,0.1289,0.008738));
#5848=CARTESIAN_POINT('',(-0.028564190864563,0.1289,0.004));
#5849=CARTESIAN_POINT('',(-0.028564190864563,0.1294,0.004));
#5850=CARTESIAN_POINT('',(-0.028564190864563,0.1299,0.004));
#5851=CARTESIAN_POINT('',(-0.028564190864563,0.1299,0.004));
#5852=CARTESIAN_POINT('',(-0.028564190864563,0.1294,0.004));
#5853=CARTESIAN_POINT('',(-0.041064190864563,0.1299,0.004));
#5854=CARTESIAN_POINT('',(-0.041064190864563,0.1299,0.004));
#5855=CARTESIAN_POINT('',(-0.06,0.07,0.004));
#5856=CARTESIAN_POINT('',(-0.041064190864563,0.1289,0.004));
#5857=CARTESIAN_POINT('',(-0.03725,0.0205945918932557,0.005));
#5858=CARTESIAN_POINT('',(-0.03725,0.0205945918932557,0.003));
#5859=CARTESIAN_POINT('',(-0.0645,0.0205945918932557,0.003));
#5860=CARTESIAN_POINT('',(-0.01,0.0205945918932557,0.003));
#5861=CARTESIAN_POINT('',(-0.0645,0.0205945918932557,0.005));
#5862=CARTESIAN_POINT('',(-0.0645,0.0205945918932557,0.005));
#5863=CARTESIAN_POINT('',(-0.03725,0.0205945918932557,0.005));
#5864=CARTESIAN_POINT('',(-0.01,0.0205945918932557,0.005));
#5865=CARTESIAN_POINT('',(-0.01,0.0205945918932557,0.005));
#5866=CARTESIAN_POINT('',(-0.0645,0.0458445918932557,0.005));
#5867=CARTESIAN_POINT('',(-0.0645,0.0458445918932557,0.003));
#5868=CARTESIAN_POINT('',(-0.0645,0.0710945918932558,0.003));
#5869=CARTESIAN_POINT('',(-0.0645,0.0710945918932558,0.005));
#5870=CARTESIAN_POINT('',(-0.0645,0.0710945918932558,0.005));
#5871=CARTESIAN_POINT('',(-0.0645,0.0458445918932557,0.005));
#5872=CARTESIAN_POINT('',(-0.03725,0.0710945918932558,0.005));
#5873=CARTESIAN_POINT('',(-0.03725,0.0710945918932558,0.003));
#5874=CARTESIAN_POINT('',(-0.01,0.0710945918932558,0.003));
#5875=CARTESIAN_POINT('',(-0.01,0.0710945918932558,0.005));
#5876=CARTESIAN_POINT('',(-0.01,0.0710945918932558,0.005));
#5877=CARTESIAN_POINT('',(-0.03725,0.0710945918932558,0.005));
#5878=CARTESIAN_POINT('',(-0.03725,0.0200945918932557,0.005));
#5879=CARTESIAN_POINT('',(-0.0095,0.0200945918932557,0.005));
#5880=CARTESIAN_POINT('',(-0.0095,0.0200945918932557,0.005));
#5881=CARTESIAN_POINT('',(-0.03725,0.0200945918932557,0.005));
#5882=CARTESIAN_POINT('',(-0.065,0.0200945918932557,0.005));
#5883=CARTESIAN_POINT('',(-0.065,0.0200945918932557,0.005));
#5884=CARTESIAN_POINT('',(-0.0095,0.0458445918932557,0.005));
#5885=CARTESIAN_POINT('',(-0.0095,0.0715945918932558,0.005));
#5886=CARTESIAN_POINT('',(-0.0095,0.0715945918932558,0.005));
#5887=CARTESIAN_POINT('',(-0.0095,0.0458445918932557,0.005));
#5888=CARTESIAN_POINT('',(-0.03725,0.0715945918932558,0.005));
#5889=CARTESIAN_POINT('',(-0.065,0.0715945918932558,0.005));
#5890=CARTESIAN_POINT('',(-0.065,0.0715945918932558,0.005));
#5891=CARTESIAN_POINT('',(-0.03725,0.0715945918932558,0.005));
#5892=CARTESIAN_POINT('',(-0.065,0.0458445918932557,0.005));
#5893=CARTESIAN_POINT('',(-0.065,0.0458445918932557,0.005));
#5894=CARTESIAN_POINT('',(-0.01,0.0458445918932557,0.005));
#5895=CARTESIAN_POINT('',(-0.01,0.0458445918932557,0.003));
#5896=CARTESIAN_POINT('',(-0.01,0.0458445918932557,0.005));
#5897=CARTESIAN_POINT('',(-0.06,0.07,0.005));
#5898=CARTESIAN_POINT('',(-0.06,0.07,0.003));
#5899=CARTESIAN_POINT('',(-0.0125,0.0685945918932558,0.003));
#5900=CARTESIAN_POINT('',(-0.0114,0.0685945918932558,0.003));
#5901=CARTESIAN_POINT('',(-0.062,0.0230945918932558,0.003));
#5902=CARTESIAN_POINT('',(-0.0609,0.0230945918932558,0.003));
#5903=CARTESIAN_POINT('',(-0.0125,0.0230945918932558,0.003));
#5904=CARTESIAN_POINT('',(-0.0114,0.0230945918932558,0.003));
#5905=CARTESIAN_POINT('',(-0.062,0.0685945918932558,0.003));
#5906=CARTESIAN_POINT('',(-0.0609,0.0685945918932558,0.003));
#5907=CARTESIAN_POINT('',(-0.0595,0.003,0.043));
#5908=CARTESIAN_POINT('',(-0.0595,0.003,0.043));
#5909=CARTESIAN_POINT('',(-0.00249721359549995,0.003,0.043));
#5910=CARTESIAN_POINT('',(-0.00249721359549995,0.003,0.035));
#5911=CARTESIAN_POINT('',(-0.00249721359549995,0.003,0.035));
#5912=CARTESIAN_POINT('',(-0.0595,0.003,0.035));
#5913=CARTESIAN_POINT('',(-0.0595,0.137,0.043));
#5914=CARTESIAN_POINT('',(-0.00249721359549995,0.137,0.035));
#5915=CARTESIAN_POINT('',(-0.00249721359549995,0.137,0.043));
#5916=CARTESIAN_POINT('',(-0.00249721359549995,0.137,0.035));
#5917=CARTESIAN_POINT('',(-0.0595,0.137,0.043));
#5918=CARTESIAN_POINT('',(-0.095,0.137,0.014));
#5919=CARTESIAN_POINT('',(-0.0595,0.137,0.035));
#5920=CARTESIAN_POINT('',(-0.06,0.07,0.043));
#5921=CARTESIAN_POINT('',(-0.00205,0.13795,0.043));
#5922=CARTESIAN_POINT('',(-0.12,0.139,0.043));
#5923=CARTESIAN_POINT('',(-0.11795,0.139,0.043));
#5924=CARTESIAN_POINT('',(-0.11795,0.13795,0.043));
#5925=CARTESIAN_POINT('',(-0.12,0.139,0.043));
#5926=CARTESIAN_POINT('',(-0.06,0.001,0.043));
#5927=CARTESIAN_POINT('',(-0.11795,0.001,0.043));
#5928=CARTESIAN_POINT('',(-0.11795,0.00205,0.043));
#5929=CARTESIAN_POINT('',(-0.06,0.001,0.043));
#5930=CARTESIAN_POINT('',(-0.00205,0.00205,0.043));
#5931=CARTESIAN_POINT('',(-0.06,0.07,0.));
#5932=CARTESIAN_POINT('',(-0.0125,0.0685945918932558,0.));
#5933=CARTESIAN_POINT('',(-0.0114,0.0685945918932558,0.));
#5934=CARTESIAN_POINT('',(-0.062,0.0230945918932558,0.));
#5935=CARTESIAN_POINT('',(-0.0609,0.0230945918932558,0.));
#5936=CARTESIAN_POINT('',(-0.0125,0.0230945918932558,0.));
#5937=CARTESIAN_POINT('',(-0.0114,0.0230945918932558,0.));
#5938=CARTESIAN_POINT('',(-0.062,0.0685945918932558,0.));
#5939=CARTESIAN_POINT('',(-0.0609,0.0685945918932558,0.));
#5940=CARTESIAN_POINT('',(0.,0.07,0.));
#5941=CARTESIAN_POINT('',(0.,0.139,0.));
#5942=CARTESIAN_POINT('',(-0.001,0.07,0.));
#5943=CARTESIAN_POINT('',(-0.001,0.001,0.));
#5944=CARTESIAN_POINT('',(-0.12,0.001,0.));
#5945=CARTESIAN_POINT('',(-0.119,0.001,0.));
#5946=CARTESIAN_POINT('',(-0.119,0.14,0.));
#5947=CARTESIAN_POINT('',(-0.119,0.139,0.));
#5948=CARTESIAN_POINT('',(-0.06,0.139,0.));
#5949=CARTESIAN_POINT('',(-0.06,0.14,0.003));
#5950=CARTESIAN_POINT('',(-0.119,0.14,0.043));
#5951=CARTESIAN_POINT('',(-0.119,0.14,0.001));
#5952=CARTESIAN_POINT('',(-0.119,0.14,0.042));
#5953=CARTESIAN_POINT('',(-2.77555756156289E-17,0.14,0.042));
#5954=CARTESIAN_POINT('',(-0.001,0.14,0.042));
#5955=CARTESIAN_POINT('',(-0.001,0.14,0.003));
#5956=CARTESIAN_POINT('',(-0.001,0.14,0.0205));
#5957=CARTESIAN_POINT('',(-0.06,0.14,0.0205));
#5958=CARTESIAN_POINT('',(0.079,0.14,0.0205));
#5959=CARTESIAN_POINT('',(0.079,0.14,-0.0285));
#5960=CARTESIAN_POINT('',(0.079,0.14,-0.0275));
#5961=CARTESIAN_POINT('',(0.,0.14,-0.0275));
#5962=CARTESIAN_POINT('',(0.001,0.14,-0.0275));
#5963=CARTESIAN_POINT('',(0.001,0.14,0.003));
#5964=CARTESIAN_POINT('',(0.001,0.14,0.001));
#5965=CARTESIAN_POINT('',(-0.06,0.14,0.001));
#5966=CARTESIAN_POINT('',(-0.041064190864563,0.1289,0.008738));
#5967=CARTESIAN_POINT('',(-0.0427162162959575,0.1289,0.008738));
#5968=CARTESIAN_POINT('',(-0.0427162162959575,0.1289,0.008738));
#5969=CARTESIAN_POINT('',(-0.041064190864563,0.1289,0.008738));
#5970=CARTESIAN_POINT('',(-0.0297162162959576,0.1289,0.008738));
#5971=CARTESIAN_POINT('',(-0.0297162162959576,0.1289,0.008738));
#5972=CARTESIAN_POINT('',(-0.0427162162959575,0.1159,0.008738));
#5973=CARTESIAN_POINT('',(-0.0427162162959575,0.121117,0.00505));
#5974=CARTESIAN_POINT('',(-0.0427162162959575,0.121117,0.00605));
#5975=CARTESIAN_POINT('',(-0.0427162162959575,0.1029,0.008738));
#5976=CARTESIAN_POINT('',(-0.0427162162959575,0.1029,0.008738));
#5977=CARTESIAN_POINT('',(-0.0427162162959575,0.1159,0.008738));
#5978=CARTESIAN_POINT('',(-0.0362162162959575,0.1029,0.008738));
#5979=CARTESIAN_POINT('',(-0.0297162162959576,0.1029,0.008738));
#5980=CARTESIAN_POINT('',(-0.0297162162959576,0.1029,0.008738));
#5981=CARTESIAN_POINT('',(-0.0362162162959575,0.1029,0.008738));
#5982=CARTESIAN_POINT('',(-0.0297162162959576,0.1159,0.008738));
#5983=CARTESIAN_POINT('',(-0.0297162162959576,0.1159,0.008738));
#5984=CARTESIAN_POINT('',(-0.0595,0.07,0.008738));
#5985=CARTESIAN_POINT('',(-0.095,0.1315,0.014));
#5986=CARTESIAN_POINT('',(-0.095,0.126,0.014));
#5987=CARTESIAN_POINT('',(-0.095,0.126,0.0085));
#5988=CARTESIAN_POINT('',(-0.0347162162959575,0.121117,0.00505));
#5989=CARTESIAN_POINT('',(-0.0347162162959575,0.121117,0.00505));
#5990=CARTESIAN_POINT('',(-0.0347162162959575,0.121117,0.00605));
#5991=CARTESIAN_POINT('',(-0.0347162162959575,0.1159,0.005869));
#5992=CARTESIAN_POINT('',(-0.025,0.0440773963928223,0.0132664386183023));
#5993=CARTESIAN_POINT('',(-0.025,0.060474656522274,0.0132664386183023));
#5994=CARTESIAN_POINT('',(-0.001,0.060474656522274,0.0132664386183023));
#5995=CARTESIAN_POINT('',(-0.001,0.0276801362633705,0.0132664386183023));
#5996=CARTESIAN_POINT('',(-0.001,0.0276801362633705,0.0132664386183023));
#5997=CARTESIAN_POINT('',(-0.025,0.0276801362633705,0.0132664386183023));
#5998=CARTESIAN_POINT('',(-0.025,0.0276801362633705,0.0106773972511291));
#5999=CARTESIAN_POINT('',(-0.001,0.0276801362633705,0.0106773972511291));
#6000=CARTESIAN_POINT('',(-0.001,0.0276801362633705,0.00808835588395596));
#6001=CARTESIAN_POINT('',(-0.025,0.0276801362633705,0.00808835588395596));
#6002=CARTESIAN_POINT('',(-0.025,0.0440773963928223,0.00808835588395596));
#6003=CARTESIAN_POINT('',(-0.001,0.0440773963928223,0.00808835588395596));
#6004=CARTESIAN_POINT('',(-0.001,0.060474656522274,0.00808835588395596));
#6005=CARTESIAN_POINT('',(-0.025,0.060474656522274,0.00808835588395596));
#6006=CARTESIAN_POINT('',(-0.025,0.060474656522274,0.0106773972511291));
#6007=CARTESIAN_POINT('',(-0.001,0.060474656522274,0.0132664386183023));
#6008=CARTESIAN_POINT('',(-0.001,0.0266801362633705,0.0106773972511291));
#6009=CARTESIAN_POINT('',(-0.001,0.0266801362633705,0.00708835588395596));
#6010=CARTESIAN_POINT('',(-0.001,0.0266801362633705,0.0142664386183023));
#6011=CARTESIAN_POINT('',(-0.001,0.07,0.0142664386183023));
#6012=CARTESIAN_POINT('',(-0.001,0.061474656522274,0.0142664386183023));
#6013=CARTESIAN_POINT('',(-0.001,0.0440773963928223,0.00708835588395596));
#6014=CARTESIAN_POINT('',(-0.001,0.061474656522274,0.00708835588395596));
#6015=CARTESIAN_POINT('',(-0.001,0.061474656522274,0.003));
#6016=CARTESIAN_POINT('',(-0.11795,0.13795,0.035));
#6017=CARTESIAN_POINT('',(-0.11795,0.13795,0.035));
#6018=CARTESIAN_POINT('',(-0.1169,0.13795,0.035));
#6019=CARTESIAN_POINT('',(-0.06,0.07,0.035));
#6020=CARTESIAN_POINT('',(-0.11795,0.00205,0.035));
#6021=CARTESIAN_POINT('',(-0.11795,0.00205,0.035));
#6022=CARTESIAN_POINT('',(-0.1169,0.00205,0.035));
#6023=CARTESIAN_POINT('',(-0.06,0.07,0.035));
#6024=CARTESIAN_POINT('',(-0.00205,0.13795,0.035));
#6025=CARTESIAN_POINT('',(-0.00205,0.13795,0.035));
#6026=CARTESIAN_POINT('',(-0.06,0.07,0.035));
#6027=CARTESIAN_POINT('',(-0.00205,0.00205,0.035));
#6028=CARTESIAN_POINT('',(-0.00205,0.00205,0.035));
#6029=CARTESIAN_POINT('',(-0.06,0.07,0.035));
#6030=CARTESIAN_POINT('',(0.,0.07,0.00725));
#6031=CARTESIAN_POINT('',(0.,0.13985,-0.0285));
#6032=CARTESIAN_POINT('',(0.,0.139,-0.0285));
#6033=CARTESIAN_POINT('',(0.,0.1157,-0.0285));
#6034=CARTESIAN_POINT('',(0.,0.1157,-0.0275));
#6035=CARTESIAN_POINT('',(0.,0.139,0.00725));
#6036=CARTESIAN_POINT('',(0.08,0.13985,0.0215));
#6037=CARTESIAN_POINT('',(0.08,0.139,0.0215));
#6038=CARTESIAN_POINT('',(0.0665,0.1147,0.0215));
#6039=CARTESIAN_POINT('',(0.0665,0.1157,0.0215));
#6040=CARTESIAN_POINT('',(0.0665,0.1157,0.0215));
#6041=CARTESIAN_POINT('',(0.08,0.1397,-0.0035));
#6042=CARTESIAN_POINT('',(0.0795,0.1397,-0.00325));
#6043=CARTESIAN_POINT('',(0.0795,0.1397,0.0212141428428543));
#6044=CARTESIAN_POINT('',(0.0795,0.1397,-0.028));
#6045=CARTESIAN_POINT('',(0.0795,0.1397,0.0212141428428543));
#6046=CARTESIAN_POINT('',(0.04,0.1397,-0.028));
#6047=CARTESIAN_POINT('',(0.08,0.13985,-0.0285));
#6048=CARTESIAN_POINT('',(0.08,0.13985,-0.0285));
#6049=CARTESIAN_POINT('',(0.08,0.139,-0.0285));
#6050=CARTESIAN_POINT('',(0.08,0.1157,-0.0285));
#6051=CARTESIAN_POINT('',(0.08,0.1157,-0.0285));
#6052=CARTESIAN_POINT('',(0.08,0.139,-0.0285));
#6053=CARTESIAN_POINT('',(0.08,0.07,0.00725));
#6054=CARTESIAN_POINT('',(0.08,0.139,0.0215));
#6055=CARTESIAN_POINT('',(0.08,0.1147,-0.0035));
#6056=CARTESIAN_POINT('',(0.08,0.1147,-0.0275));
#6057=CARTESIAN_POINT('',(0.08,0.1157,-0.0275));
#6058=CARTESIAN_POINT('',(0.0795,0.1147,-0.00325));
#6059=CARTESIAN_POINT('',(0.0795,0.139,0.0205));
#6060=CARTESIAN_POINT('',(0.0795,0.1147,-0.028));
#6061=CARTESIAN_POINT('',(0.0795,0.114833974596216,-0.028));
#6062=CARTESIAN_POINT('',(0.0795,0.1157,-0.0275));
#6063=CARTESIAN_POINT('',(0.0795,0.1147,-0.0275));
#6064=CARTESIAN_POINT('',(0.0795,0.1147,-0.00325));
#6065=CARTESIAN_POINT('',(0.04,0.1147,-0.028));
#6066=CARTESIAN_POINT('',(0.0665,0.1147,-0.028));
#6067=CARTESIAN_POINT('',(0.0665,0.114833974596216,-0.028));
#6068=CARTESIAN_POINT('',(0.0665,0.1157,-0.028));
#6069=CARTESIAN_POINT('',(0.0665,0.114833974596216,-0.028));
#6070=CARTESIAN_POINT('',(0.0665,0.1157,-0.028));
#6071=CARTESIAN_POINT('',(0.04,0.1147,-0.0035));
#6072=CARTESIAN_POINT('',(0.04,0.1147,-0.0275));
#6073=CARTESIAN_POINT('',(0.0665,0.1157,-0.00325));
#6074=CARTESIAN_POINT('',(0.0665,0.1157,-0.00325));
#6075=CARTESIAN_POINT('',(0.0665,0.1272,-0.00325));
#6076=CARTESIAN_POINT('',(0.0665,0.1157,-0.0275));
#6077=CARTESIAN_POINT('',(-0.001,0.001,0.003));
#6078=CARTESIAN_POINT('',(-0.001,0.001,0.001));
#6079=CARTESIAN_POINT('',(-0.001,0.001,0.042));
#6080=CARTESIAN_POINT('',(-0.06,0.001,0.042));
#6081=CARTESIAN_POINT('',(-0.119,0.001,0.042));
#6082=CARTESIAN_POINT('',(-0.06,0.001,0.001));
#6083=CARTESIAN_POINT('',(-0.001,0.001,0.001));
#6084=CARTESIAN_POINT('',(-0.119,0.001,0.001));
#6085=CARTESIAN_POINT('',(-0.119,0.001,0.003));
#6086=CARTESIAN_POINT('',(-0.119,0.001,0.001));
#6087=CARTESIAN_POINT('',(-0.119,0.001,0.001));
#6088=CARTESIAN_POINT('',(-0.119,0.001,0.001));
#6089=CARTESIAN_POINT('',(-0.119,0.07,0.001));
#6090=CARTESIAN_POINT('',(-0.119,0.139,0.001));
#6091=CARTESIAN_POINT('',(-0.06,0.139,0.001));
#6092=CARTESIAN_POINT('',(-0.119,0.139,0.001));
#6093=CARTESIAN_POINT('',(0.001,0.139,0.001));
#6094=CARTESIAN_POINT('',(0.001,0.139,0.00725));
#6095=CARTESIAN_POINT('',(0.001,0.139,-0.0275));
#6096=CARTESIAN_POINT('',(-0.119,0.139,0.001));
#6097=CARTESIAN_POINT('',(-0.119,0.139,0.001));
#6098=CARTESIAN_POINT('',(-0.06,0.139,-0.0275));
#6099=CARTESIAN_POINT('',(0.079,0.139,-0.0275));
#6100=CARTESIAN_POINT('',(-0.119,0.139,0.003));
#6101=CARTESIAN_POINT('',(-0.119,0.139,0.042));
#6102=CARTESIAN_POINT('',(0.079,0.139,0.003));
#6103=CARTESIAN_POINT('',(0.079,0.139,0.0205));
#6104=CARTESIAN_POINT('',(-0.06,0.139,0.042));
#6105=CARTESIAN_POINT('',(-0.001,0.139,0.042));
#6106=CARTESIAN_POINT('',(0.08,0.139,0.0205));
#6107=CARTESIAN_POINT('',(-0.001,0.139,0.0205));
#6108=CARTESIAN_POINT('',(-0.001,0.139,0.003));
#6109=CARTESIAN_POINT('',(0.08,0.1157,-0.0275));
#6110=CARTESIAN_POINT('',(-0.001,0.07,0.001));
#6111=CARTESIAN_POINT('',(-0.001,0.001,0.001));
#6112=CARTESIAN_POINT('',(-0.001,0.001,0.001));
#6113=CARTESIAN_POINT('',(-0.0969752333164215,0.0187188424706282,0.006));
#6114=CARTESIAN_POINT('',(-0.0804752333164215,0.0187188424706282,0.006));
#6115=CARTESIAN_POINT('',(-0.0804752333164215,0.0187188424706282,0.006));
#6116=CARTESIAN_POINT('',(-0.0969752333164215,0.0187188424706282,0.006));
#6117=CARTESIAN_POINT('',(-0.113475233316421,0.0187188424706282,0.006));
#6118=CARTESIAN_POINT('',(-0.113475233316421,0.0187188424706282,0.006));
#6119=CARTESIAN_POINT('',(-0.0804752333164215,0.0377188424706281,0.006));
#6120=CARTESIAN_POINT('',(-0.0804752333164215,0.0567188424706282,0.006));
#6121=CARTESIAN_POINT('',(-0.0804752333164215,0.0567188424706282,0.006));
#6122=CARTESIAN_POINT('',(-0.0804752333164215,0.0377188424706281,0.006));
#6123=CARTESIAN_POINT('',(-0.0969752333164215,0.0567188424706282,0.006));
#6124=CARTESIAN_POINT('',(-0.113475233316421,0.0567188424706282,0.006));
#6125=CARTESIAN_POINT('',(-0.113475233316421,0.0567188424706282,0.006));
#6126=CARTESIAN_POINT('',(-0.0969752333164215,0.0567188424706282,0.006));
#6127=CARTESIAN_POINT('',(-0.112475233316421,0.0377188424706281,0.006));
#6128=CARTESIAN_POINT('',(-0.112475233316421,0.0377188424706281,0.003));
#6129=CARTESIAN_POINT('',(-0.112475233316421,0.0557188424706282,0.003));
#6130=CARTESIAN_POINT('',(-0.112475233316421,0.0197188424706282,0.003));
#6131=CARTESIAN_POINT('',(-0.112475233316421,0.0557188424706282,0.006));
#6132=CARTESIAN_POINT('',(-0.112475233316421,0.0557188424706282,0.006));
#6133=CARTESIAN_POINT('',(-0.112475233316421,0.0377188424706281,0.006));
#6134=CARTESIAN_POINT('',(-0.112475233316421,0.0197188424706282,0.006));
#6135=CARTESIAN_POINT('',(-0.112475233316421,0.0197188424706282,0.006));
#6136=CARTESIAN_POINT('',(-0.0969752333164215,0.0557188424706282,0.006));
#6137=CARTESIAN_POINT('',(-0.0969752333164215,0.0557188424706282,0.003));
#6138=CARTESIAN_POINT('',(-0.0814752333164215,0.0557188424706282,0.003));
#6139=CARTESIAN_POINT('',(-0.0814752333164215,0.0557188424706282,0.006));
#6140=CARTESIAN_POINT('',(-0.0814752333164215,0.0557188424706282,0.006));
#6141=CARTESIAN_POINT('',(-0.0969752333164215,0.0557188424706282,0.006));
#6142=CARTESIAN_POINT('',(-0.0814752333164215,0.0377188424706281,0.006));
#6143=CARTESIAN_POINT('',(-0.0814752333164215,0.0377188424706281,0.003));
#6144=CARTESIAN_POINT('',(-0.0814752333164215,0.0197188424706282,0.003));
#6145=CARTESIAN_POINT('',(-0.0814752333164215,0.0197188424706282,0.006));
#6146=CARTESIAN_POINT('',(-0.0814752333164215,0.0197188424706282,0.006));
#6147=CARTESIAN_POINT('',(-0.0814752333164215,0.0377188424706281,0.006));
#6148=CARTESIAN_POINT('',(-0.0969752333164215,0.0197188424706282,0.006));
#6149=CARTESIAN_POINT('',(-0.0969752333164215,0.0197188424706282,0.003));
#6150=CARTESIAN_POINT('',(-0.0969752333164215,0.0197188424706282,0.006));
#6151=CARTESIAN_POINT('',(-0.113475233316421,0.0377188424706281,0.006));
#6152=CARTESIAN_POINT('',(-0.113475233316421,0.0377188424706281,0.006));
#6153=CARTESIAN_POINT('',(-0.061,0.07,0.006));
#6154=CARTESIAN_POINT('',(-0.06,0.07,0.003));
#6155=CARTESIAN_POINT('',(-0.1025,0.0999256732463837,0.004));
#6156=CARTESIAN_POINT('',(-0.088,0.0999256732463837,0.004));
#6157=CARTESIAN_POINT('',(-0.088,0.0999256732463837,0.004));
#6158=CARTESIAN_POINT('',(-0.1025,0.0999256732463837,0.004));
#6159=CARTESIAN_POINT('',(-0.088,0.0909256732463837,0.004));
#6160=CARTESIAN_POINT('',(-0.088,0.0819256732463837,0.004));
#6161=CARTESIAN_POINT('',(-0.088,0.0819256732463837,0.004));
#6162=CARTESIAN_POINT('',(-0.088,0.0909256732463837,0.004));
#6163=CARTESIAN_POINT('',(-0.1025,0.0819256732463837,0.004));
#6164=CARTESIAN_POINT('',(-0.1025,0.0819256732463837,0.004));
#6165=CARTESIAN_POINT('',(-0.102,0.0809256732463837,0.004));
#6166=CARTESIAN_POINT('',(-0.087,0.0809256732463837,0.004));
#6167=CARTESIAN_POINT('',(-0.087,0.0809256732463837,0.004));
#6168=CARTESIAN_POINT('',(-0.102,0.0809256732463837,0.004));
#6169=CARTESIAN_POINT('',(-0.087,0.0909256732463837,0.004));
#6170=CARTESIAN_POINT('',(-0.087,0.100925673246384,0.004));
#6171=CARTESIAN_POINT('',(-0.087,0.100925673246384,0.004));
#6172=CARTESIAN_POINT('',(-0.087,0.0909256732463837,0.004));
#6173=CARTESIAN_POINT('',(-0.102,0.100925673246384,0.004));
#6174=CARTESIAN_POINT('',(-0.102,0.100925673246384,0.004));
#6175=CARTESIAN_POINT('',(-0.061,0.07,0.004));
#6176=CARTESIAN_POINT('',(-0.142,0.0915,0.005));
#6177=CARTESIAN_POINT('',(-0.142,0.097,0.005));
#6178=CARTESIAN_POINT('',(-0.119,0.097,0.005));
#6179=CARTESIAN_POINT('',(-0.119,0.086,0.005));
#6180=CARTESIAN_POINT('',(-0.119,0.086,0.005));
#6181=CARTESIAN_POINT('',(-0.142,0.086,0.005));
#6182=CARTESIAN_POINT('',(-0.142,0.0976711313165515,0.0075));
#6183=CARTESIAN_POINT('',(-0.142,0.097,0.01));
#6184=CARTESIAN_POINT('',(-0.119,0.097,0.01));
#6185=CARTESIAN_POINT('',(-0.119,0.0976711313165515,0.0075));
#6186=CARTESIAN_POINT('',(-0.142,0.0915,0.01));
#6187=CARTESIAN_POINT('',(-0.142,0.086,0.01));
#6188=CARTESIAN_POINT('',(-0.119,0.086,0.01));
#6189=CARTESIAN_POINT('',(-0.119,0.0915,0.01));
#6190=CARTESIAN_POINT('',(-0.142,0.086,0.0075));
#6191=CARTESIAN_POINT('',(-0.119,0.086,0.0075));
#6192=CARTESIAN_POINT('',(-0.119,0.086,0.0075));
#6193=CARTESIAN_POINT('',(-0.119,0.086,0.004));
#6194=CARTESIAN_POINT('',(-0.119,0.086,0.011));
#6195=CARTESIAN_POINT('',(-0.119,0.07,0.011));
#6196=CARTESIAN_POINT('',(-0.119,0.097,0.01));
#6197=CARTESIAN_POINT('',(-0.119265068328127,0.097,0.01));
#6198=CARTESIAN_POINT('',(-0.119783510005433,0.0969705853113128,0.0102174581674838));
#6199=CARTESIAN_POINT('',(-0.12,0.0969080593579775,0.0107403224998833));
#6200=CARTESIAN_POINT('',(-0.12,0.0968790138510159,0.011));
#6201=CARTESIAN_POINT('',(-0.119,0.0915,0.004));
#6202=CARTESIAN_POINT('',(-0.119,0.097,0.005));
#6203=CARTESIAN_POINT('',(-0.119265068328127,0.097,0.005));
#6204=CARTESIAN_POINT('',(-0.119783510005433,0.096970585311307,0.00478254183251684));
#6205=CARTESIAN_POINT('',(-0.12,0.0969080593579892,0.00425967750011538));
#6206=CARTESIAN_POINT('',(-0.12,0.096879013851016,0.004));
#6207=CARTESIAN_POINT('',(-0.119,0.0976711313165515,0.0075));
#6208=CARTESIAN_POINT('',(-0.062,0.0685945918932558,-0.002));
#6209=CARTESIAN_POINT('',(-0.0125,0.0230945918932558,-0.002));
#6210=CARTESIAN_POINT('',(-0.062,0.0230945918932558,-0.002));
#6211=CARTESIAN_POINT('',(-0.0125,0.0685945918932558,-0.002));
#6212=CARTESIAN_POINT('',(-0.0565895100800608,0.001,0.032));
#6213=CARTESIAN_POINT('',(-0.0740895100800608,0.001,0.032));
#6214=CARTESIAN_POINT('',(-0.0740895100800608,0.001,0.032));
#6215=CARTESIAN_POINT('',(-0.0565895100800608,0.001,0.032));
#6216=CARTESIAN_POINT('',(-0.0390895100800608,0.001,0.032));
#6217=CARTESIAN_POINT('',(-0.0390895100800608,0.001,0.032));
#6218=CARTESIAN_POINT('',(-0.0740895100800608,0.001,0.0195));
#6219=CARTESIAN_POINT('',(-0.0740895100800608,0.001,0.007));
#6220=CARTESIAN_POINT('',(-0.0740895100800608,0.001,0.007));
#6221=CARTESIAN_POINT('',(-0.0740895100800608,0.001,0.0195));
#6222=CARTESIAN_POINT('',(-0.0565895100800608,0.001,0.007));
#6223=CARTESIAN_POINT('',(-0.0390895100800608,0.001,0.007));
#6224=CARTESIAN_POINT('',(-0.0390895100800608,0.001,0.007));
#6225=CARTESIAN_POINT('',(-0.0565895100800608,0.001,0.007));
#6226=CARTESIAN_POINT('',(-0.0400895100800608,0.001,0.0195));
#6227=CARTESIAN_POINT('',(-0.0400895100800608,0.001,0.008));
#6228=CARTESIAN_POINT('',(-0.0400895100800608,0.001,0.008));
#6229=CARTESIAN_POINT('',(-0.0400895100800608,0.001,0.0195));
#6230=CARTESIAN_POINT('',(-0.0400895100800608,0.001,0.031));
#6231=CARTESIAN_POINT('',(-0.0400895100800608,0.001,0.031));
#6232=CARTESIAN_POINT('',(-0.0565895100800608,0.001,0.008));
#6233=CARTESIAN_POINT('',(-0.0730895100800608,0.001,0.008));
#6234=CARTESIAN_POINT('',(-0.0730895100800608,0.001,0.008));
#6235=CARTESIAN_POINT('',(-0.0565895100800608,0.001,0.008));
#6236=CARTESIAN_POINT('',(-0.0730895100800608,0.001,0.0195));
#6237=CARTESIAN_POINT('',(-0.0730895100800608,0.001,0.031));
#6238=CARTESIAN_POINT('',(-0.0730895100800608,0.001,0.031));
#6239=CARTESIAN_POINT('',(-0.0730895100800608,0.001,0.0195));
#6240=CARTESIAN_POINT('',(-0.0565895100800608,0.001,0.031));
#6241=CARTESIAN_POINT('',(-0.0565895100800608,0.001,0.031));
#6242=CARTESIAN_POINT('',(-0.0390895100800608,0.001,0.0195));
#6243=CARTESIAN_POINT('',(-0.0390895100800608,0.001,0.0195));
#6244=CARTESIAN_POINT('',(-0.06,0.001,0.0215));
#6245=CARTESIAN_POINT('',(-0.0561387967318296,0.001,0.00992973614484072));
#6246=CARTESIAN_POINT('',(-0.0517716519534588,0.001,0.00992973614484072));
#6247=CARTESIAN_POINT('',(-0.0517716519534588,0.001,0.00992973614484072));
#6248=CARTESIAN_POINT('',(-0.0561387967318296,0.001,0.00992973614484072));
#6249=CARTESIAN_POINT('',(-0.0605059415102005,0.001,0.00992973614484072));
#6250=CARTESIAN_POINT('',(-0.0605059415102005,0.001,0.00992973614484072));
#6251=CARTESIAN_POINT('',(-0.0531055424362421,0.001,0.0149706997908652));
#6252=CARTESIAN_POINT('',(-0.0544394329190254,0.001,0.0200116634368896));
#6253=CARTESIAN_POINT('',(-0.0544394329190254,0.001,0.0200116634368896));
#6254=CARTESIAN_POINT('',(-0.0531055424362421,0.001,0.0149706997908652));
#6255=CARTESIAN_POINT('',(-0.0561280377249481,0.001,0.024288448370474));
#6256=CARTESIAN_POINT('',(-0.0578625239431858,0.001,0.0200300645083189));
#6257=CARTESIAN_POINT('',(-0.0578625239431858,0.001,0.0200300645083189));
#6258=CARTESIAN_POINT('',(-0.0561280377249481,0.001,0.024288448370474));
#6259=CARTESIAN_POINT('',(-0.0591842327266932,0.001,0.0149799003265798));
#6260=CARTESIAN_POINT('',(-0.0591842327266932,0.001,0.0149799003265798));
#6261=CARTESIAN_POINT('',(-0.0565895100800608,0.001,0.0195));
#6262=CARTESIAN_POINT('',(-0.001,0.0564121566712856,0.0263955304399133));
#6263=CARTESIAN_POINT('',(-0.001,0.0564121566712856,0.027439845725894));
#6264=CARTESIAN_POINT('',(-0.001,0.0564121566712856,0.027439845725894));
#6265=CARTESIAN_POINT('',(-0.001,0.0564121566712856,0.0263955304399133));
#6266=CARTESIAN_POINT('',(-0.001,0.0564121566712856,0.0253512151539326));
#6267=CARTESIAN_POINT('',(-0.001,0.0564121566712856,0.0253512151539326));
#6268=CARTESIAN_POINT('',(-0.001,0.0620478559285402,0.027439845725894));
#6269=CARTESIAN_POINT('',(-0.001,0.0676835551857948,0.027439845725894));
#6270=CARTESIAN_POINT('',(-0.001,0.0676835551857948,0.027439845725894));
#6271=CARTESIAN_POINT('',(-0.001,0.0620478559285402,0.027439845725894));
#6272=CARTESIAN_POINT('',(-0.001,0.072298834504681,0.0282702359017613));
#6273=CARTESIAN_POINT('',(-0.001,0.0677915886044502,0.0295644868165255));
#6274=CARTESIAN_POINT('',(-0.001,0.0677915886044502,0.0295644868165255));
#6275=CARTESIAN_POINT('',(-0.001,0.072298834504681,0.0282702359017613));
#6276=CARTESIAN_POINT('',(-0.001,0.0590949654579163,0.0295644868165255));
#6277=CARTESIAN_POINT('',(-0.001,0.0503983423113823,0.0295644868165255));
#6278=CARTESIAN_POINT('',(-0.001,0.0503983423113823,0.0295644868165255));
#6279=CARTESIAN_POINT('',(-0.001,0.0590949654579163,0.0295644868165255));
#6280=CARTESIAN_POINT('',(-0.001,0.0501665960958533,0.0284930898592751));
#6281=CARTESIAN_POINT('',(-0.001,0.0504703633487225,0.027439845725894));
#6282=CARTESIAN_POINT('',(-0.001,0.0504703633487225,0.027439845725894));
#6283=CARTESIAN_POINT('',(-0.001,0.0501665960958533,0.0284930898592751));
#6284=CARTESIAN_POINT('',(-0.001,0.0504703633487225,0.0263955304399133));
#6285=CARTESIAN_POINT('',(-0.001,0.0504703633487225,0.0253512151539326));
#6286=CARTESIAN_POINT('',(-0.001,0.0504703633487225,0.0253512151539326));
#6287=CARTESIAN_POINT('',(-0.001,0.0504703633487225,0.0263955304399133));
#6288=CARTESIAN_POINT('',(-0.001,0.0507404450327158,0.0251711616292596));
#6289=CARTESIAN_POINT('',(-0.001,0.0510105267167091,0.0249911081045866));
#6290=CARTESIAN_POINT('',(-0.001,0.0510105267167091,0.0249911081045866));
#6291=CARTESIAN_POINT('',(-0.001,0.0507404450327158,0.0251711616292596));
#6292=CARTESIAN_POINT('',(-0.001,0.0518387760967016,0.0249911081045866));
#6293=CARTESIAN_POINT('',(-0.001,0.0526670254766941,0.0249911081045866));
#6294=CARTESIAN_POINT('',(-0.001,0.0526670254766941,0.0249911081045866));
#6295=CARTESIAN_POINT('',(-0.001,0.0518387760967016,0.0249911081045866));
#6296=CARTESIAN_POINT('',(-0.001,0.0529191009700298,0.0251711616292596));
#6297=CARTESIAN_POINT('',(-0.001,0.0531711764633656,0.0253512151539326));
#6298=CARTESIAN_POINT('',(-0.001,0.0531711764633656,0.0253512151539326));
#6299=CARTESIAN_POINT('',(-0.001,0.0529191009700298,0.0251711616292596));
#6300=CARTESIAN_POINT('',(-0.001,0.0531711764633656,0.0263955304399133));
#6301=CARTESIAN_POINT('',(-0.001,0.0531711764633656,0.027439845725894));
#6302=CARTESIAN_POINT('',(-0.001,0.0531711764633656,0.027439845725894));
#6303=CARTESIAN_POINT('',(-0.001,0.0531711764633656,0.0263955304399133));
#6304=CARTESIAN_POINT('',(-0.001,0.0534592643380165,0.027439845725894));
#6305=CARTESIAN_POINT('',(-0.001,0.0537473522126675,0.027439845725894));
#6306=CARTESIAN_POINT('',(-0.001,0.0537473522126675,0.027439845725894));
#6307=CARTESIAN_POINT('',(-0.001,0.0534592643380165,0.027439845725894));
#6308=CARTESIAN_POINT('',(-0.001,0.0537473522126675,0.0263955304399133));
#6309=CARTESIAN_POINT('',(-0.001,0.0537473522126675,0.0253512151539326));
#6310=CARTESIAN_POINT('',(-0.001,0.0537473522126675,0.0253512151539326));
#6311=CARTESIAN_POINT('',(-0.001,0.0537473522126675,0.0263955304399133));
#6312=CARTESIAN_POINT('',(-0.001,0.0539814233779907,0.0251711616292596));
#6313=CARTESIAN_POINT('',(-0.001,0.054215494543314,0.0249911081045866));
#6314=CARTESIAN_POINT('',(-0.001,0.054215494543314,0.0249911081045866));
#6315=CARTESIAN_POINT('',(-0.001,0.0539814233779907,0.0251711616292596));
#6316=CARTESIAN_POINT('',(-0.001,0.0551157649606466,0.0249911081045866));
#6317=CARTESIAN_POINT('',(-0.001,0.0560160353779793,0.0249911081045866));
#6318=CARTESIAN_POINT('',(-0.001,0.0560160353779793,0.0249911081045866));
#6319=CARTESIAN_POINT('',(-0.001,0.0551157649606466,0.0249911081045866));
#6320=CARTESIAN_POINT('',(-0.001,0.0562140960246325,0.0251711616292596));
#6321=CARTESIAN_POINT('',(-0.001,0.0562140960246325,0.0251711616292596));
#6322=CARTESIAN_POINT('',(-0.001,0.0722988345046809,0.0282702359017612));
#6323=CARTESIAN_POINT('',(-0.001,0.0722988345046809,0.0282702359017612));
#6324=CARTESIAN_POINT('',(-0.001,0.0722988345046809,0.0259388415820397));
#6325=CARTESIAN_POINT('',(0.,0.0722988345046809,0.0282702359017612));
#6326=CARTESIAN_POINT('',(0.,0.0722988345046809,0.0259388415820397));
#6327=CARTESIAN_POINT('',(-0.001,0.07,0.022));
#6328=CARTESIAN_POINT('',(0.,0.07,0.003));
#6329=CARTESIAN_POINT('',(-0.119,0.0884798146717823,0.0223666628939642));
#6330=CARTESIAN_POINT('',(-0.12,0.0884798146717823,0.0223666628939642));
#6331=CARTESIAN_POINT('',(-0.12,0.0870292642701589,0.0201641116291285));
#6332=CARTESIAN_POINT('',(-0.12,0.0900190136800205,0.0202251225709915));
#6333=CARTESIAN_POINT('',(-0.119,0.0870292642701589,0.0201641116291285));
#6334=CARTESIAN_POINT('',(-0.119,0.0870292642701589,0.0201641116291285));
#6335=CARTESIAN_POINT('',(-0.119,0.0884798146717823,0.0223666628939642));
#6336=CARTESIAN_POINT('',(-0.119,0.0900190136800205,0.0202251225709915));
#6337=CARTESIAN_POINT('',(-0.119,0.0900190136800205,0.0202251225709915));
#6338=CARTESIAN_POINT('',(-0.119,0.0870597744885869,0.0182422613725066));
#6339=CARTESIAN_POINT('',(-0.12,0.0870597744885869,0.0182422613725066));
#6340=CARTESIAN_POINT('',(-0.12,0.0870902847070148,0.0163204111158848));
#6341=CARTESIAN_POINT('',(-0.119,0.0870902847070148,0.0163204111158848));
#6342=CARTESIAN_POINT('',(-0.119,0.0870902847070148,0.0163204111158848));
#6343=CARTESIAN_POINT('',(-0.119,0.0870597744885869,0.0182422613725066));
#6344=CARTESIAN_POINT('',(-0.119,0.0884936350533288,0.0170112946869274));
#6345=CARTESIAN_POINT('',(-0.12,0.0884936350533288,0.0170112946869274));
#6346=CARTESIAN_POINT('',(-0.12,0.0898969853996428,0.0163204111158848));
#6347=CARTESIAN_POINT('',(-0.119,0.0898969853996428,0.0163204111158848));
#6348=CARTESIAN_POINT('',(-0.119,0.0898969853996428,0.0163204111158848));
#6349=CARTESIAN_POINT('',(-0.119,0.0884936350533288,0.0170112946869274));
#6350=CARTESIAN_POINT('',(-0.119,0.0886461324989796,0.0275628282688558));
#6351=CARTESIAN_POINT('',(-0.12,0.0886461324989796,0.0275628282688558));
#6352=CARTESIAN_POINT('',(-0.12,0.093374490737915,0.0276074670255184));
#6353=CARTESIAN_POINT('',(-0.12,0.0839177742600441,0.0275181895121932));
#6354=CARTESIAN_POINT('',(-0.119,0.093374490737915,0.0276074670255184));
#6355=CARTESIAN_POINT('',(-0.119,0.093374490737915,0.0276074670255184));
#6356=CARTESIAN_POINT('',(-0.119,0.0886461324989796,0.0275628282688558));
#6357=CARTESIAN_POINT('',(-0.119,0.0839177742600441,0.0275181895121932));
#6358=CARTESIAN_POINT('',(-0.119,0.0839177742600441,0.0275181895121932));
#6359=CARTESIAN_POINT('',(-0.119,0.0884676240384579,0.0129273754022526));
#6360=CARTESIAN_POINT('',(-0.119,0.079911008477211,0.0129273754022526));
#6361=CARTESIAN_POINT('',(-0.119,0.079911008477211,0.0129273754022526));
#6362=CARTESIAN_POINT('',(-0.119,0.0884676240384579,0.0129273754022526));
#6363=CARTESIAN_POINT('',(-0.119,0.0970242395997047,0.0129273754022526));
#6364=CARTESIAN_POINT('',(-0.119,0.0970242395997047,0.0129273754022526));
#6365=CARTESIAN_POINT('',(-0.119,0.0795349553227425,0.0134036711621785));
#6366=CARTESIAN_POINT('',(-0.119,0.0791589021682739,0.0138799669221044));
#6367=CARTESIAN_POINT('',(-0.119,0.0791589021682739,0.0138799669221044));
#6368=CARTESIAN_POINT('',(-0.119,0.0795349553227425,0.0134036711621785));
#6369=CARTESIAN_POINT('',(-0.119,0.0791589021682739,0.0201946166343987));
#6370=CARTESIAN_POINT('',(-0.119,0.0791589021682739,0.026509266346693));
#6371=CARTESIAN_POINT('',(-0.119,0.0791589021682739,0.026509266346693));
#6372=CARTESIAN_POINT('',(-0.119,0.0791589021682739,0.0201946166343987));
#6373=CARTESIAN_POINT('',(-0.119,0.0795349553227425,0.0269058393314481));
#6374=CARTESIAN_POINT('',(-0.119,0.079911008477211,0.0273024123162031));
#6375=CARTESIAN_POINT('',(-0.119,0.079911008477211,0.0273024123162031));
#6376=CARTESIAN_POINT('',(-0.119,0.0795349553227425,0.0269058393314481));
#6377=CARTESIAN_POINT('',(-0.119,0.0802670903503895,0.0273024123162031));
#6378=CARTESIAN_POINT('',(-0.119,0.080623172223568,0.0273024123162031));
#6379=CARTESIAN_POINT('',(-0.119,0.080623172223568,0.0273024123162031));
#6380=CARTESIAN_POINT('',(-0.119,0.0802670903503895,0.0273024123162031));
#6381=CARTESIAN_POINT('',(-0.119,0.0884768180549145,0.0275181895121932));
#6382=CARTESIAN_POINT('',(-0.119,0.096330463886261,0.0277339667081833));
#6383=CARTESIAN_POINT('',(-0.119,0.096330463886261,0.0277339667081833));
#6384=CARTESIAN_POINT('',(-0.119,0.0884768180549145,0.0275181895121932));
#6385=CARTESIAN_POINT('',(-0.119,0.0971687808632851,0.0272714477032423));
#6386=CARTESIAN_POINT('',(-0.119,0.0980070978403091,0.0268089286983013));
#6387=CARTESIAN_POINT('',(-0.119,0.0980070978403091,0.0268089286983013));
#6388=CARTESIAN_POINT('',(-0.119,0.0971687808632851,0.0272714477032423));
#6389=CARTESIAN_POINT('',(-0.119,0.0980070978403091,0.0203047450631857));
#6390=CARTESIAN_POINT('',(-0.119,0.0980070978403091,0.0138005614280701));
#6391=CARTESIAN_POINT('',(-0.119,0.0980070978403091,0.0138005614280701));
#6392=CARTESIAN_POINT('',(-0.119,0.0980070978403091,0.0203047450631857));
#6393=CARTESIAN_POINT('',(-0.119,0.0886461324989796,0.0275628282688558));
#6394=CARTESIAN_POINT('',(-0.12,0.0886461324989796,0.0275628282688558));
#6395=CARTESIAN_POINT('',(-0.119,0.0886461324989796,0.0275628282688558));
#6396=CARTESIAN_POINT('',(-0.119,0.0975156687200069,0.0133639684151613));
#6397=CARTESIAN_POINT('',(-0.119,0.0975156687200069,0.0133639684151613));
#6398=CARTESIAN_POINT('',(-0.119,0.0899579995398316,0.0182727668434381));
#6399=CARTESIAN_POINT('',(-0.12,0.0899579995398316,0.0182727668434381));
#6400=CARTESIAN_POINT('',(-0.119,0.0899579995398316,0.0182727668434381));
#6401=CARTESIAN_POINT('',(-0.119,0.07,0.022));
#6402=CARTESIAN_POINT('',(-0.12,0.07,0.003));
#6403=CARTESIAN_POINT('',(-0.12,0.07,0.003));
#6404=CARTESIAN_POINT('',(-0.0951492711901665,0.001,0.0116973333060741));
#6405=CARTESIAN_POINT('',(-0.0938206687569618,0.001,0.0119601478800178));
#6406=CARTESIAN_POINT('',(-0.0938206687569618,0.001,0.0119601478800178));
#6407=CARTESIAN_POINT('',(-0.0951492711901665,0.001,0.0116973333060741));
#6408=CARTESIAN_POINT('',(-0.0964778736233711,0.001,0.0114345187321305));
#6409=CARTESIAN_POINT('',(-0.0964778736233711,0.001,0.0114345187321305));
#6410=CARTESIAN_POINT('',(-0.0930122472345829,0.001,0.0122705246321857));
#6411=CARTESIAN_POINT('',(-0.092203825712204,0.001,0.0125809013843536));
#6412=CARTESIAN_POINT('',(-0.092203825712204,0.001,0.0125809013843536));
#6413=CARTESIAN_POINT('',(-0.0930122472345829,0.001,0.0122705246321857));
#6414=CARTESIAN_POINT('',(-0.0914820209145546,0.001,0.0131655638106167));
#6415=CARTESIAN_POINT('',(-0.0907602161169052,0.001,0.0137502262368798));
#6416=CARTESIAN_POINT('',(-0.0907602161169052,0.001,0.0137502262368798));
#6417=CARTESIAN_POINT('',(-0.0914820209145546,0.001,0.0131655638106167));
#6418=CARTESIAN_POINT('',(-0.0903575904667377,0.001,0.0143980477005243));
#6419=CARTESIAN_POINT('',(-0.0899549648165703,0.001,0.0150458691641688));
#6420=CARTESIAN_POINT('',(-0.0899549648165703,0.001,0.0150458691641688));
#6421=CARTESIAN_POINT('',(-0.0903575904667377,0.001,0.0143980477005243));
#6422=CARTESIAN_POINT('',(-0.0896753706037998,0.001,0.0159312500618398));
#6423=CARTESIAN_POINT('',(-0.0893957763910294,0.001,0.0168166309595108));
#6424=CARTESIAN_POINT('',(-0.0893957763910294,0.001,0.0168166309595108));
#6425=CARTESIAN_POINT('',(-0.0896753706037998,0.001,0.0159312500618398));
#6426=CARTESIAN_POINT('',(-0.0891966167921528,0.001,0.0173291722312569));
#6427=CARTESIAN_POINT('',(-0.0889974571932762,0.001,0.0178417135030031));
#6428=CARTESIAN_POINT('',(-0.0889974571932762,0.001,0.0178417135030031));
#6429=CARTESIAN_POINT('',(-0.0891966167921528,0.001,0.0173291722312569));
#6430=CARTESIAN_POINT('',(-0.0889974571932762,0.001,0.021129316650331));
#6431=CARTESIAN_POINT('',(-0.0889974571932762,0.001,0.0244169197976589));
#6432=CARTESIAN_POINT('',(-0.0889974571932762,0.001,0.0244169197976589));
#6433=CARTESIAN_POINT('',(-0.0889974571932762,0.001,0.021129316650331));
#6434=CARTESIAN_POINT('',(-0.0891380483806681,0.001,0.0252439863979817));
#6435=CARTESIAN_POINT('',(-0.08927863956806,0.001,0.0260710529983043));
#6436=CARTESIAN_POINT('',(-0.08927863956806,0.001,0.0260710529983043));
#6437=CARTESIAN_POINT('',(-0.0891380483806681,0.001,0.0252439863979817));
#6438=CARTESIAN_POINT('',(-0.0893984013370527,0.001,0.0266099413856864));
#6439=CARTESIAN_POINT('',(-0.0895181631060455,0.001,0.0271488297730685));
#6440=CARTESIAN_POINT('',(-0.0895181631060455,0.001,0.0271488297730685));
#6441=CARTESIAN_POINT('',(-0.0893984013370527,0.001,0.0266099413856864));
#6442=CARTESIAN_POINT('',(-0.0898475060591466,0.001,0.0279871001839638));
#6443=CARTESIAN_POINT('',(-0.0901768490122476,0.001,0.0288253705948591));
#6444=CARTESIAN_POINT('',(-0.0901768490122476,0.001,0.0288253705948591));
#6445=CARTESIAN_POINT('',(-0.0898475060591466,0.001,0.0279871001839638));
#6446=CARTESIAN_POINT('',(-0.090596013188051,0.001,0.029334319755435));
#6447=CARTESIAN_POINT('',(-0.0910151773638544,0.001,0.0298432689160108));
#6448=CARTESIAN_POINT('',(-0.0910151773638544,0.001,0.0298432689160108));
#6449=CARTESIAN_POINT('',(-0.090596013188051,0.001,0.029334319755435));
#6450=CARTESIAN_POINT('',(-0.0917487137197586,0.001,0.0303821573033929));
#6451=CARTESIAN_POINT('',(-0.0924822500756629,0.001,0.0309210456907749));
#6452=CARTESIAN_POINT('',(-0.0924822500756629,0.001,0.0309210456907749));
#6453=CARTESIAN_POINT('',(-0.0917487137197586,0.001,0.0303821573033929));
#6454=CARTESIAN_POINT('',(-0.0935900429859627,0.001,0.0312503650784492));
#6455=CARTESIAN_POINT('',(-0.0946978358962625,0.001,0.0315796844661236));
#6456=CARTESIAN_POINT('',(-0.0946978358962625,0.001,0.0315796844661236));
#6457=CARTESIAN_POINT('',(-0.0935900429859627,0.001,0.0312503650784492));
#6458=CARTESIAN_POINT('',(-0.0954200574745606,0.001,0.0317369438707829));
#6459=CARTESIAN_POINT('',(-0.0961422790528586,0.001,0.0318942032754422));
#6460=CARTESIAN_POINT('',(-0.0961422790528586,0.001,0.0318942032754422));
#6461=CARTESIAN_POINT('',(-0.0954200574745606,0.001,0.0317369438707829));
#6462=CARTESIAN_POINT('',(-0.0993030428087628,0.001,0.0318942032754422));
#6463=CARTESIAN_POINT('',(-0.102463806564667,0.001,0.0318942032754422));
#6464=CARTESIAN_POINT('',(-0.102463806564667,0.001,0.0318942032754422));
#6465=CARTESIAN_POINT('',(-0.0993030428087628,0.001,0.0318942032754422));
#6466=CARTESIAN_POINT('',(-0.103586606659772,0.001,0.0315945575925314));
#6467=CARTESIAN_POINT('',(-0.104709406754877,0.001,0.0312949119096207));
#6468=CARTESIAN_POINT('',(-0.104709406754877,0.001,0.0312949119096207));
#6469=CARTESIAN_POINT('',(-0.103586606659772,0.001,0.0315945575925314));
#6470=CARTESIAN_POINT('',(-0.10629781587,0.001,0.0305352365176189));
#6471=CARTESIAN_POINT('',(-0.107886224985123,0.001,0.0297755611256171));
#6472=CARTESIAN_POINT('',(-0.107886224985123,0.001,0.0297755611256171));
#6473=CARTESIAN_POINT('',(-0.10629781587,0.001,0.0305352365176189));
#6474=CARTESIAN_POINT('',(-0.108671683360855,0.001,0.0281208955280686));
#6475=CARTESIAN_POINT('',(-0.109457141736588,0.001,0.02646622993052));
#6476=CARTESIAN_POINT('',(-0.109457141736588,0.001,0.02646622993052));
#6477=CARTESIAN_POINT('',(-0.108671683360855,0.001,0.0281208955280686));
#6478=CARTESIAN_POINT('',(-0.109457141736588,0.001,0.0252644391730428));
#6479=CARTESIAN_POINT('',(-0.109457141736588,0.001,0.0181958135217428));
#6480=CARTESIAN_POINT('',(-0.109457141736588,0.001,0.0181958135217428));
#6481=CARTESIAN_POINT('',(-0.109457141736588,0.001,0.0252644391730428));
#6482=CARTESIAN_POINT('',(-0.109164319475214,0.001,0.017098581418395));
#6483=CARTESIAN_POINT('',(-0.10887149721384,0.001,0.0160013493150473));
#6484=CARTESIAN_POINT('',(-0.10887149721384,0.001,0.0160013493150473));
#6485=CARTESIAN_POINT('',(-0.109164319475214,0.001,0.017098581418395));
#6486=CARTESIAN_POINT('',(-0.108378861099482,0.001,0.0149712939746678));
#6487=CARTESIAN_POINT('',(-0.107886224985123,0.001,0.0139412386342883));
#6488=CARTESIAN_POINT('',(-0.107886224985123,0.001,0.0139412386342883));
#6489=CARTESIAN_POINT('',(-0.108378861099482,0.001,0.0149712939746678));
#6490=CARTESIAN_POINT('',(-0.107192058116198,0.001,0.0133142485283315));
#6491=CARTESIAN_POINT('',(-0.106497891247272,0.001,0.0126872584223747));
#6492=CARTESIAN_POINT('',(-0.106497891247272,0.001,0.0126872584223747));
#6493=CARTESIAN_POINT('',(-0.107192058116198,0.001,0.0133142485283315));
#6494=CARTESIAN_POINT('',(-0.105691760778427,0.001,0.0123513708822429));
#6495=CARTESIAN_POINT('',(-0.104885630309582,0.001,0.0120154833421111));
#6496=CARTESIAN_POINT('',(-0.104885630309582,0.001,0.0120154833421111));
#6497=CARTESIAN_POINT('',(-0.105691760778427,0.001,0.0123513708822429));
#6498=CARTESIAN_POINT('',(-0.104138720780611,0.001,0.0118506727740169));
#6499=CARTESIAN_POINT('',(-0.10339181125164,0.001,0.0116858622059226));
#6500=CARTESIAN_POINT('',(-0.10339181125164,0.001,0.0116858622059226));
#6501=CARTESIAN_POINT('',(-0.104138720780611,0.001,0.0118506727740169));
#6502=CARTESIAN_POINT('',(-0.102924454957247,0.001,0.0115601904690266));
#6503=CARTESIAN_POINT('',(-0.102457098662853,0.001,0.0114345187321305));
#6504=CARTESIAN_POINT('',(-0.102457098662853,0.001,0.0114345187321305));
#6505=CARTESIAN_POINT('',(-0.102924454957247,0.001,0.0115601904690266));
#6506=CARTESIAN_POINT('',(-0.0982450750698555,0.001,0.0217348545222601));
#6507=CARTESIAN_POINT('',(-0.0982450750698555,0.,0.0217348545222601));
#6508=CARTESIAN_POINT('',(-0.0953423702364171,0.,0.0210736133158207));
#6509=CARTESIAN_POINT('',(-0.100271490164487,0.,0.0239158123731613));
#6510=CARTESIAN_POINT('',(-0.0953423702364171,0.001,0.0210736133158207));
#6511=CARTESIAN_POINT('',(-0.0953423702364171,0.001,0.0210736133158207));
#6512=CARTESIAN_POINT('',(-0.0982450750698555,0.001,0.0217348545222601));
#6513=CARTESIAN_POINT('',(-0.100271490164487,0.001,0.0239158123731613));
#6514=CARTESIAN_POINT('',(-0.100271490164487,0.001,0.0239158123731613));
#6515=CARTESIAN_POINT('',(-0.0953423702364171,0.001,0.0182315837591886));
#6516=CARTESIAN_POINT('',(-0.0953423702364171,0.,0.0182315837591886));
#6517=CARTESIAN_POINT('',(-0.0953423702364171,0.,0.0153895542025566));
#6518=CARTESIAN_POINT('',(-0.0953423702364171,0.001,0.0153895542025566));
#6519=CARTESIAN_POINT('',(-0.0953423702364171,0.001,0.0153895542025566));
#6520=CARTESIAN_POINT('',(-0.0953423702364171,0.001,0.0182315837591886));
#6521=CARTESIAN_POINT('',(-0.0967977290340878,0.001,0.0153895542025566));
#6522=CARTESIAN_POINT('',(-0.0967977290340878,0.,0.0153895542025566));
#6523=CARTESIAN_POINT('',(-0.0982530878317586,0.,0.0153895542025566));
#6524=CARTESIAN_POINT('',(-0.0982530878317586,0.001,0.0153895542025566));
#6525=CARTESIAN_POINT('',(-0.0982530878317586,0.001,0.0153895542025566));
#6526=CARTESIAN_POINT('',(-0.0967977290340878,0.001,0.0153895542025566));
#6527=CARTESIAN_POINT('',(-0.0982530878317586,0.001,0.0180603777989745));
#6528=CARTESIAN_POINT('',(-0.0982530878317586,0.,0.0180603777989745));
#6529=CARTESIAN_POINT('',(-0.0982530878317586,0.,0.0207312013953924));
#6530=CARTESIAN_POINT('',(-0.0982530878317586,0.001,0.0207312013953924));
#6531=CARTESIAN_POINT('',(-0.0982530878317586,0.001,0.0207312013953924));
#6532=CARTESIAN_POINT('',(-0.0982530878317586,0.001,0.0180603777989745));
#6533=CARTESIAN_POINT('',(-0.0993033793819685,0.001,0.0210229698382083));
#6534=CARTESIAN_POINT('',(-0.0993033793819685,0.,0.0210229698382083));
#6535=CARTESIAN_POINT('',(-0.100339396681493,0.,0.0206839870661497));
#6536=CARTESIAN_POINT('',(-0.100339396681493,0.001,0.0206839870661497));
#6537=CARTESIAN_POINT('',(-0.100339396681493,0.001,0.0206839870661497));
#6538=CARTESIAN_POINT('',(-0.0993033793819685,0.001,0.0210229698382083));
#6539=CARTESIAN_POINT('',(-0.100339396681493,0.001,0.0180138507857919));
#6540=CARTESIAN_POINT('',(-0.100339396681493,0.,0.0180138507857919));
#6541=CARTESIAN_POINT('',(-0.100339396681493,0.,0.0153437145054341));
#6542=CARTESIAN_POINT('',(-0.100339396681493,0.001,0.0153437145054341));
#6543=CARTESIAN_POINT('',(-0.100339396681493,0.001,0.0153437145054341));
#6544=CARTESIAN_POINT('',(-0.100339396681493,0.001,0.0180138507857919));
#6545=CARTESIAN_POINT('',(-0.101691458239254,0.001,0.0153437145054341));
#6546=CARTESIAN_POINT('',(-0.101691458239254,0.,0.0153437145054341));
#6547=CARTESIAN_POINT('',(-0.103043519797016,0.,0.0153437145054341));
#6548=CARTESIAN_POINT('',(-0.103043519797016,0.001,0.0153437145054341));
#6549=CARTESIAN_POINT('',(-0.103043519797016,0.001,0.0153437145054341));
#6550=CARTESIAN_POINT('',(-0.101691458239254,0.001,0.0153437145054341));
#6551=CARTESIAN_POINT('',(-0.103043519797016,0.001,0.021562765352428));
#6552=CARTESIAN_POINT('',(-0.103043519797016,0.,0.021562765352428));
#6553=CARTESIAN_POINT('',(-0.103043519797016,0.,0.0277818161994219));
#6554=CARTESIAN_POINT('',(-0.103043519797016,0.001,0.0277818161994219));
#6555=CARTESIAN_POINT('',(-0.103043519797016,0.001,0.0277818161994219));
#6556=CARTESIAN_POINT('',(-0.103043519797016,0.001,0.021562765352428));
#6557=CARTESIAN_POINT('',(-0.101657504980752,0.001,0.0280231628566981));
#6558=CARTESIAN_POINT('',(-0.101657504980752,0.,0.0280231628566981));
#6559=CARTESIAN_POINT('',(-0.100271490164487,0.,0.0282645095139742));
#6560=CARTESIAN_POINT('',(-0.100271490164487,0.001,0.0282645095139742));
#6561=CARTESIAN_POINT('',(-0.100271490164487,0.001,0.0282645095139742));
#6562=CARTESIAN_POINT('',(-0.101657504980752,0.001,0.0280231628566981));
#6563=CARTESIAN_POINT('',(-0.100271490164487,0.001,0.0260901609435677));
#6564=CARTESIAN_POINT('',(-0.100271490164487,0.,0.0260901609435677));
#6565=CARTESIAN_POINT('',(-0.100271490164487,0.001,0.0260901609435677));
#6566=CARTESIAN_POINT('',(-0.0994674861431122,0.001,0.0114345187321305));
#6567=CARTESIAN_POINT('',(-0.0994674861431122,0.001,0.0114345187321305));
#6568=CARTESIAN_POINT('',(-0.06,0.001,0.0215));
#6569=CARTESIAN_POINT('',(-0.06,0.,0.003));
#6570=CARTESIAN_POINT('',(0.,0.,0.));
#6571=CARTESIAN_POINT('',(-0.06,0.07,0.044));
#6572=CARTESIAN_POINT('',(-0.11795,0.00205,0.044));
#6573=CARTESIAN_POINT('',(-0.119,0.00381068168616591,0.044));
#6574=CARTESIAN_POINT('',(-0.116189318313834,0.001,0.044));
#6575=CARTESIAN_POINT('',(-0.06,0.001,0.044));
#6576=CARTESIAN_POINT('',(-0.0038106816861659,0.001,0.044));
#6577=CARTESIAN_POINT('',(-0.00205,0.00205,0.044));
#6578=CARTESIAN_POINT('',(-0.001,0.00381068168616591,0.044));
#6579=CARTESIAN_POINT('',(-0.001,0.14,0.044));
#6580=CARTESIAN_POINT('',(-0.001,0.136189318313834,0.044));
#6581=CARTESIAN_POINT('',(-0.00205,0.13795,0.044));
#6582=CARTESIAN_POINT('',(-0.00381068168616591,0.139,0.044));
#6583=CARTESIAN_POINT('',(-0.12,0.139,0.044));
#6584=CARTESIAN_POINT('',(-0.116189318313834,0.139,0.044));
#6585=CARTESIAN_POINT('',(-0.11795,0.13795,0.044));
#6586=CARTESIAN_POINT('',(-0.119,0.136189318313834,0.044));
#6587=CARTESIAN_POINT('',(-0.119,0.07,0.044));
#6588=CARTESIAN_POINT('',(-0.06,0.07,0.043));
#6589=CARTESIAN_POINT('',(-0.11795,0.00205,0.043));
#6590=CARTESIAN_POINT('',(-0.1169,0.00205,0.043));
#6591=CARTESIAN_POINT('',(-0.00205,0.00205,0.043));
#6592=CARTESIAN_POINT('',(-0.001,0.00205,0.043));
#6593=CARTESIAN_POINT('',(-0.00205,0.13795,0.043));
#6594=CARTESIAN_POINT('',(-0.001,0.13795,0.043));
#6595=CARTESIAN_POINT('',(-0.11795,0.13795,0.043));
#6596=CARTESIAN_POINT('',(-0.1169,0.13795,0.043));
#6597=CARTESIAN_POINT('',(-0.06,0.,0.043));
#6598=CARTESIAN_POINT('',(0.,0.,0.043));
#6599=CARTESIAN_POINT('',(-0.12,-6.93889390390723E-18,0.043));
#6600=CARTESIAN_POINT('',(-0.12,0.07,0.043));
#6601=CARTESIAN_POINT('',(-0.12,0.14,0.043));
#6602=CARTESIAN_POINT('',(-0.06,0.14,0.043));
#6603=CARTESIAN_POINT('',(-2.77555756156289E-17,0.14,0.043));
#6604=CARTESIAN_POINT('',(0.,0.07,0.043));
#6605=CARTESIAN_POINT('',(-0.00205,0.13795,0.043));
#6606=CARTESIAN_POINT('',(-0.000765937956643405,0.139234062043357,0.043972221661896));
#6607=CARTESIAN_POINT('',(-0.00125234253360128,0.139435537415933,0.043923716532624));
#6608=CARTESIAN_POINT('',(-0.00232799421867443,0.139629237699885,0.0437830545371259));
#6609=CARTESIAN_POINT('',(-0.00335079982450546,0.139260755005189,0.044));
#6610=CARTESIAN_POINT('',(-0.00381068168616591,0.139,0.044));
#6611=CARTESIAN_POINT('',(-0.000765937956643403,0.139234062043357,0.0439722216618959));
#6612=CARTESIAN_POINT('',(-0.001,0.136189318313834,0.044));
#6613=CARTESIAN_POINT('',(-0.000739144719836589,0.136649377025961,0.044));
#6614=CARTESIAN_POINT('',(-0.000371650095202402,0.13766992808439,0.0437833471342934));
#6615=CARTESIAN_POINT('',(-0.000563356877812176,0.138744988055362,0.0439234503342091));
#6616=CARTESIAN_POINT('',(-0.000765937956643401,0.139234062043357,0.043972221661896));
#6617=CARTESIAN_POINT('',(-0.00205,0.00205,0.043));
#6618=CARTESIAN_POINT('',(-0.000765937956643395,0.000765937956643403,0.043972221661896));
#6619=CARTESIAN_POINT('',(-0.000564462584067106,0.00125234253360128,0.043923716532624));
#6620=CARTESIAN_POINT('',(-0.000370762300116767,0.00232799421867334,0.0437830545371259));
#6621=CARTESIAN_POINT('',(-0.000739244994807514,0.00335079982450757,0.044));
#6622=CARTESIAN_POINT('',(-0.001,0.00381068168616591,0.044));
#6623=CARTESIAN_POINT('',(-0.000765937956643406,0.000765937956643406,0.0439722216618959));
#6624=CARTESIAN_POINT('',(-0.0038106816861659,0.001,0.044));
#6625=CARTESIAN_POINT('',(-0.00335062297404113,0.000739144719832212,0.044));
#6626=CARTESIAN_POINT('',(-0.00233007191560823,0.000371650095204576,0.0437833471342934));
#6627=CARTESIAN_POINT('',(-0.00125501194463791,0.000563356877812186,0.0439234503342091));
#6628=CARTESIAN_POINT('',(-0.000765937956643406,0.000765937956643405,0.043972221661896));
#6629=CARTESIAN_POINT('',(-0.001,0.07,0.043));
#6630=CARTESIAN_POINT('',(-0.001,0.001,0.043));
#6631=CARTESIAN_POINT('',(-0.001,0.139,0.043));
#6632=CARTESIAN_POINT('',(-0.06,0.139,0.043));
#6633=CARTESIAN_POINT('',(-0.116189318313834,0.139,0.044));
#6634=CARTESIAN_POINT('',(-0.116649377025962,0.139260855280162,0.044));
#6635=CARTESIAN_POINT('',(-0.11766992808439,0.139628349904798,0.0437833471342934));
#6636=CARTESIAN_POINT('',(-0.118744988055362,0.139436643122188,0.0439234503342091));
#6637=CARTESIAN_POINT('',(-0.119234062043357,0.139234062043357,0.043972221661896));
#6638=CARTESIAN_POINT('',(-0.119234062043357,0.139234062043357,0.0439722216618959));
#6639=CARTESIAN_POINT('',(-0.119,0.139,0.043));
#6640=CARTESIAN_POINT('',(-0.11795,0.13795,0.043));
#6641=CARTESIAN_POINT('',(-0.119234062043357,0.139234062043357,0.043972221661896));
#6642=CARTESIAN_POINT('',(-0.119435537415933,0.138747657466399,0.043923716532624));
#6643=CARTESIAN_POINT('',(-0.119629237699884,0.137672005781326,0.0437830545371259));
#6644=CARTESIAN_POINT('',(-0.119260755005192,0.136649200175493,0.044));
#6645=CARTESIAN_POINT('',(-0.119,0.136189318313834,0.044));
#6646=CARTESIAN_POINT('',(-0.06,0.001,0.043));
#6647=CARTESIAN_POINT('',(-0.119,0.001,0.043));
#6648=CARTESIAN_POINT('',(-0.119234062043357,0.000765937956643408,0.0439722216618959));
#6649=CARTESIAN_POINT('',(-0.119234062043357,0.000765937956643395,0.043972221661896));
#6650=CARTESIAN_POINT('',(-0.118747657466399,0.000564462584067107,0.043923716532624));
#6651=CARTESIAN_POINT('',(-0.117672005781326,0.000370762300114748,0.0437830545371258));
#6652=CARTESIAN_POINT('',(-0.116649200175495,0.000739244994811559,0.044));
#6653=CARTESIAN_POINT('',(-0.116189318313834,0.001,0.044));
#6654=CARTESIAN_POINT('',(-0.119,0.07,0.043));
#6655=CARTESIAN_POINT('',(-0.119,0.00381068168616591,0.044));
#6656=CARTESIAN_POINT('',(-0.119260855280168,0.00335062297404133,0.044));
#6657=CARTESIAN_POINT('',(-0.119628349904795,0.00233007191560812,0.0437833471342934));
#6658=CARTESIAN_POINT('',(-0.119436643122188,0.00125501194463791,0.0439234503342091));
#6659=CARTESIAN_POINT('',(-0.119234062043357,0.00076593795664341,0.043972221661896));
#6660=CARTESIAN_POINT('',(-0.11795,0.00205,0.043));
#6661=MECHANICAL_DESIGN_GEOMETRIC_PRESENTATION_REPRESENTATION('',(#4046),
#6664);
#6662=MECHANICAL_DESIGN_GEOMETRIC_PRESENTATION_REPRESENTATION('',(#4047),
#6665);
#6663=MECHANICAL_DESIGN_GEOMETRIC_PRESENTATION_REPRESENTATION('',(#4048),
#6666);
#6664=(
GEOMETRIC_REPRESENTATION_CONTEXT(3)
GLOBAL_UNCERTAINTY_ASSIGNED_CONTEXT((#6667))
GLOBAL_UNIT_ASSIGNED_CONTEXT((#6676,#6673,#6670))
REPRESENTATION_CONTEXT('Surface 1','TOP_LEVEL_ASSEMBLY_PART')
);
#6665=(
GEOMETRIC_REPRESENTATION_CONTEXT(3)
GLOBAL_UNCERTAINTY_ASSIGNED_CONTEXT((#6668))
GLOBAL_UNIT_ASSIGNED_CONTEXT((#6677,#6674,#6671))
REPRESENTATION_CONTEXT('Part 1','TOP_LEVEL_ASSEMBLY_PART')
);
#6666=(
GEOMETRIC_REPRESENTATION_CONTEXT(3)
GLOBAL_UNCERTAINTY_ASSIGNED_CONTEXT((#6669))
GLOBAL_UNIT_ASSIGNED_CONTEXT((#6678,#6675,#6672))
REPRESENTATION_CONTEXT('Part 2','TOP_LEVEL_ASSEMBLY_PART')
);
#6667=UNCERTAINTY_MEASURE_WITH_UNIT(LENGTH_MEASURE(1.E-8),#6676,
'DISTANCE_ACCURACY_VALUE','Maximum Tolerance applied to model');
#6668=UNCERTAINTY_MEASURE_WITH_UNIT(LENGTH_MEASURE(2.E-5),#6677,
'DISTANCE_ACCURACY_VALUE','Maximum Tolerance applied to model');
#6669=UNCERTAINTY_MEASURE_WITH_UNIT(LENGTH_MEASURE(2.E-5),#6678,
'DISTANCE_ACCURACY_VALUE','Maximum Tolerance applied to model');
#6670=(
NAMED_UNIT(*)
SI_UNIT($,.STERADIAN.)
SOLID_ANGLE_UNIT()
);
#6671=(
NAMED_UNIT(*)
SI_UNIT($,.STERADIAN.)
SOLID_ANGLE_UNIT()
);
#6672=(
NAMED_UNIT(*)
SI_UNIT($,.STERADIAN.)
SOLID_ANGLE_UNIT()
);
#6673=(
NAMED_UNIT(*)
PLANE_ANGLE_UNIT()
SI_UNIT($,.RADIAN.)
);
#6674=(
NAMED_UNIT(*)
PLANE_ANGLE_UNIT()
SI_UNIT($,.RADIAN.)
);
#6675=(
NAMED_UNIT(*)
PLANE_ANGLE_UNIT()
SI_UNIT($,.RADIAN.)
);
#6676=(
LENGTH_UNIT()
NAMED_UNIT(*)
SI_UNIT($,.METRE.)
);
#6677=(
LENGTH_UNIT()
NAMED_UNIT(*)
SI_UNIT($,.METRE.)
);
#6678=(
LENGTH_UNIT()
NAMED_UNIT(*)
SI_UNIT($,.METRE.)
);
#6679=PRODUCT_DEFINITION_SHAPE('','',#6682);
#6680=PRODUCT_DEFINITION_SHAPE('','',#6683);
#6681=PRODUCT_DEFINITION_SHAPE('','',#6684);
#6682=PRODUCT_DEFINITION('','',#6688,#6685);
#6683=PRODUCT_DEFINITION('','',#6689,#6686);
#6684=PRODUCT_DEFINITION('','',#6690,#6687);
#6685=PRODUCT_DEFINITION_CONTEXT('',#6706,'design');
#6686=PRODUCT_DEFINITION_CONTEXT('',#6707,'design');
#6687=PRODUCT_DEFINITION_CONTEXT('',#6708,'design');
#6688=PRODUCT_DEFINITION_FORMATION_WITH_SPECIFIED_SOURCE('','',#6694,
 .NOT_KNOWN.);
#6689=PRODUCT_DEFINITION_FORMATION_WITH_SPECIFIED_SOURCE('','',#6695,
 .NOT_KNOWN.);
#6690=PRODUCT_DEFINITION_FORMATION_WITH_SPECIFIED_SOURCE('','',#6696,
 .NOT_KNOWN.);
#6691=PRODUCT_RELATED_PRODUCT_CATEGORY('','',(#6694));
#6692=PRODUCT_RELATED_PRODUCT_CATEGORY('','',(#6695));
#6693=PRODUCT_RELATED_PRODUCT_CATEGORY('','',(#6696));
#6694=PRODUCT('Surface 1','Surface 1','Surface 1',(#6700));
#6695=PRODUCT('Part 1','Part 1','Part 1',(#6701));
#6696=PRODUCT('Part 2','Part 2','Part 2',(#6702));
#6697=PRODUCT_CATEGORY('','');
#6698=PRODUCT_CATEGORY('','');
#6699=PRODUCT_CATEGORY('','');
#6700=PRODUCT_CONTEXT('',#6706,'mechanical');
#6701=PRODUCT_CONTEXT('',#6707,'mechanical');
#6702=PRODUCT_CONTEXT('',#6708,'mechanical');
#6703=APPLICATION_PROTOCOL_DEFINITION('international standard',
'ap242_managed_model_based_3d_engineering',2020,#6706);
#6704=APPLICATION_PROTOCOL_DEFINITION('international standard',
'ap242_managed_model_based_3d_engineering',2020,#6707);
#6705=APPLICATION_PROTOCOL_DEFINITION('international standard',
'ap242_managed_model_based_3d_engineering',2020,#6708);
#6706=APPLICATION_CONTEXT('managed model based 3d engineering');
#6707=APPLICATION_CONTEXT('managed model based 3d engineering');
#6708=APPLICATION_CONTEXT('managed model based 3d engineering');
ENDSEC;
END-ISO-10303-21;
