ISO-10303-21;
HEADER;
/* Generated by software containing ST-Developer
 * from STEP Tools, Inc. (www.steptools.com) 
 */
/* OPTION: using custom renumber hook */

FILE_DESCRIPTION(
/* description */ ('STEP AP242 Edition 2',
'CAx-IF Rec.Pracs.---Representation and Presentation of Product Manufa
cturing Information (PMI)---4.0---2014-10-13',
'CAx-IF Rec.Pracs.---3D Tessellated Geometry---0.4---2014-09-14','2;1',
'CAx-IF Rec.Pracs.---User Defined Attributes---1.5---2016-08-15'),
/* implementation_level */ '2;1');

FILE_NAME(
/* name */ 'Part Studio 1',
/* time_stamp */ '2026-05-09T12:44:30Z',
/* author */ (''),
/* organization */ (''),
/* preprocessor_version */ 'ST-DEVELOPER v20',
/* originating_system */ 'ONSHAPE BY PTC INC, 1.214',
/* authorisation */ '  ');

FILE_SCHEMA (('AP242_MANAGED_MODEL_BASED_3D_ENGINEERING_MIM_LF { 1 0 10303 442 3 1 4 }'));
ENDSEC;

DATA;
#10=SHAPE_REPRESENTATION_RELATIONSHIP('','',#1773,#11);
#11=ADVANCED_BREP_SHAPE_REPRESENTATION('',(#1771),#2893);
#12=PLANE('',#1838);
#13=PLANE('',#1840);
#14=PLANE('',#1842);
#15=PLANE('',#1843);
#16=PLANE('',#1844);
#17=PLANE('',#1845);
#18=PLANE('',#1846);
#19=PLANE('',#1847);
#20=PLANE('',#1848);
#21=PLANE('',#1849);
#22=PLANE('',#1850);
#23=PLANE('',#1851);
#24=PLANE('',#1852);
#25=PLANE('',#1853);
#26=PLANE('',#1854);
#27=PLANE('',#1855);
#28=PLANE('',#1856);
#29=PLANE('',#1857);
#30=PLANE('',#1858);
#31=PLANE('',#1859);
#32=PLANE('',#1860);
#33=PLANE('',#1861);
#34=PLANE('',#1862);
#35=PLANE('',#1863);
#36=PLANE('',#1864);
#37=PLANE('',#1865);
#38=PLANE('',#1866);
#39=PLANE('',#1867);
#40=PLANE('',#1868);
#41=PLANE('',#1869);
#42=PLANE('',#1870);
#43=PLANE('',#1871);
#44=PLANE('',#1872);
#45=PLANE('',#1873);
#46=PLANE('',#1874);
#47=PLANE('',#1875);
#48=PLANE('',#1876);
#49=PLANE('',#1877);
#50=PLANE('',#1878);
#51=PLANE('',#1879);
#52=PLANE('',#1880);
#53=PLANE('',#1881);
#54=PLANE('',#1882);
#55=PLANE('',#1883);
#56=PLANE('',#1884);
#57=PLANE('',#1885);
#58=PLANE('',#1886);
#59=PLANE('',#1887);
#60=PLANE('',#1888);
#61=PLANE('',#1889);
#62=PLANE('',#1890);
#63=PLANE('',#1891);
#64=PLANE('',#1892);
#65=PLANE('',#1893);
#66=PLANE('',#1894);
#67=PLANE('',#1895);
#68=PLANE('',#1896);
#69=PLANE('',#1897);
#70=PLANE('',#1898);
#71=PLANE('',#1899);
#72=PLANE('',#1900);
#73=PLANE('',#1901);
#74=PLANE('',#1902);
#75=PLANE('',#1903);
#76=PLANE('',#1904);
#77=CIRCLE('',#1776,0.0024);
#78=CIRCLE('',#1777,0.0024);
#79=CIRCLE('',#1779,0.0024);
#80=CIRCLE('',#1780,0.0024);
#81=CIRCLE('',#1782,0.0024);
#82=CIRCLE('',#1783,0.0024);
#83=CIRCLE('',#1785,0.0024);
#84=CIRCLE('',#1786,0.0024);
#85=CIRCLE('',#1788,0.0024);
#86=CIRCLE('',#1789,0.0024);
#87=CIRCLE('',#1791,0.0024);
#88=CIRCLE('',#1792,0.0024);
#89=CIRCLE('',#1794,0.0024);
#90=CIRCLE('',#1795,0.0024);
#91=CIRCLE('',#1797,0.0024);
#92=CIRCLE('',#1798,0.0024);
#93=CIRCLE('',#1800,0.0024);
#94=CIRCLE('',#1801,0.0024);
#95=CIRCLE('',#1803,0.0024);
#96=CIRCLE('',#1804,0.0024);
#97=CIRCLE('',#1806,0.0024);
#98=CIRCLE('',#1807,0.0024);
#99=CIRCLE('',#1809,0.0024);
#100=CIRCLE('',#1810,0.0024);
#101=CIRCLE('',#1812,0.0024);
#102=CIRCLE('',#1813,0.0024);
#103=CIRCLE('',#1815,0.0024);
#104=CIRCLE('',#1816,0.0024);
#105=CIRCLE('',#1818,0.0024);
#106=CIRCLE('',#1819,0.0024);
#107=CIRCLE('',#1821,0.0024);
#108=CIRCLE('',#1822,0.0024);
#109=CIRCLE('',#1824,0.0024);
#110=CIRCLE('',#1825,0.0024);
#111=CIRCLE('',#1827,0.0024);
#112=CIRCLE('',#1828,0.0024);
#113=CIRCLE('',#1830,0.0024);
#114=CIRCLE('',#1831,0.0024);
#115=CIRCLE('',#1833,0.0024);
#116=CIRCLE('',#1834,0.0024);
#117=CIRCLE('',#1836,0.0024);
#118=CIRCLE('',#1837,0.0024);
#119=CIRCLE('',#1839,0.00125);
#120=CIRCLE('',#1841,0.00125);
#121=ORIENTED_EDGE('',*,*,#629,.F.);
#122=ORIENTED_EDGE('',*,*,#630,.T.);
#123=ORIENTED_EDGE('',*,*,#631,.T.);
#124=ORIENTED_EDGE('',*,*,#632,.F.);
#125=ORIENTED_EDGE('',*,*,#633,.T.);
#126=ORIENTED_EDGE('',*,*,#634,.T.);
#127=ORIENTED_EDGE('',*,*,#635,.F.);
#128=ORIENTED_EDGE('',*,*,#636,.F.);
#129=ORIENTED_EDGE('',*,*,#637,.T.);
#130=ORIENTED_EDGE('',*,*,#638,.T.);
#131=ORIENTED_EDGE('',*,*,#639,.F.);
#132=ORIENTED_EDGE('',*,*,#640,.F.);
#133=ORIENTED_EDGE('',*,*,#641,.T.);
#134=ORIENTED_EDGE('',*,*,#642,.T.);
#135=ORIENTED_EDGE('',*,*,#643,.F.);
#136=ORIENTED_EDGE('',*,*,#644,.F.);
#137=ORIENTED_EDGE('',*,*,#645,.T.);
#138=ORIENTED_EDGE('',*,*,#646,.T.);
#139=ORIENTED_EDGE('',*,*,#647,.F.);
#140=ORIENTED_EDGE('',*,*,#648,.F.);
#141=ORIENTED_EDGE('',*,*,#649,.T.);
#142=ORIENTED_EDGE('',*,*,#650,.T.);
#143=ORIENTED_EDGE('',*,*,#651,.F.);
#144=ORIENTED_EDGE('',*,*,#652,.F.);
#145=ORIENTED_EDGE('',*,*,#653,.T.);
#146=ORIENTED_EDGE('',*,*,#654,.T.);
#147=ORIENTED_EDGE('',*,*,#655,.F.);
#148=ORIENTED_EDGE('',*,*,#656,.F.);
#149=ORIENTED_EDGE('',*,*,#657,.T.);
#150=ORIENTED_EDGE('',*,*,#658,.T.);
#151=ORIENTED_EDGE('',*,*,#659,.F.);
#152=ORIENTED_EDGE('',*,*,#660,.F.);
#153=ORIENTED_EDGE('',*,*,#661,.T.);
#154=ORIENTED_EDGE('',*,*,#662,.T.);
#155=ORIENTED_EDGE('',*,*,#663,.F.);
#156=ORIENTED_EDGE('',*,*,#664,.F.);
#157=ORIENTED_EDGE('',*,*,#665,.T.);
#158=ORIENTED_EDGE('',*,*,#666,.T.);
#159=ORIENTED_EDGE('',*,*,#667,.F.);
#160=ORIENTED_EDGE('',*,*,#668,.F.);
#161=ORIENTED_EDGE('',*,*,#669,.T.);
#162=ORIENTED_EDGE('',*,*,#670,.T.);
#163=ORIENTED_EDGE('',*,*,#671,.F.);
#164=ORIENTED_EDGE('',*,*,#672,.F.);
#165=ORIENTED_EDGE('',*,*,#673,.T.);
#166=ORIENTED_EDGE('',*,*,#674,.T.);
#167=ORIENTED_EDGE('',*,*,#675,.F.);
#168=ORIENTED_EDGE('',*,*,#676,.F.);
#169=ORIENTED_EDGE('',*,*,#677,.T.);
#170=ORIENTED_EDGE('',*,*,#678,.T.);
#171=ORIENTED_EDGE('',*,*,#679,.F.);
#172=ORIENTED_EDGE('',*,*,#680,.F.);
#173=ORIENTED_EDGE('',*,*,#681,.T.);
#174=ORIENTED_EDGE('',*,*,#682,.T.);
#175=ORIENTED_EDGE('',*,*,#683,.F.);
#176=ORIENTED_EDGE('',*,*,#684,.F.);
#177=ORIENTED_EDGE('',*,*,#685,.T.);
#178=ORIENTED_EDGE('',*,*,#686,.T.);
#179=ORIENTED_EDGE('',*,*,#687,.F.);
#180=ORIENTED_EDGE('',*,*,#688,.F.);
#181=ORIENTED_EDGE('',*,*,#689,.T.);
#182=ORIENTED_EDGE('',*,*,#690,.T.);
#183=ORIENTED_EDGE('',*,*,#691,.F.);
#184=ORIENTED_EDGE('',*,*,#692,.F.);
#185=ORIENTED_EDGE('',*,*,#693,.T.);
#186=ORIENTED_EDGE('',*,*,#694,.T.);
#187=ORIENTED_EDGE('',*,*,#695,.F.);
#188=ORIENTED_EDGE('',*,*,#696,.F.);
#189=ORIENTED_EDGE('',*,*,#697,.T.);
#190=ORIENTED_EDGE('',*,*,#698,.T.);
#191=ORIENTED_EDGE('',*,*,#699,.F.);
#192=ORIENTED_EDGE('',*,*,#700,.F.);
#193=ORIENTED_EDGE('',*,*,#701,.T.);
#194=ORIENTED_EDGE('',*,*,#702,.T.);
#195=ORIENTED_EDGE('',*,*,#703,.F.);
#196=ORIENTED_EDGE('',*,*,#704,.F.);
#197=ORIENTED_EDGE('',*,*,#705,.T.);
#198=ORIENTED_EDGE('',*,*,#706,.T.);
#199=ORIENTED_EDGE('',*,*,#707,.F.);
#200=ORIENTED_EDGE('',*,*,#708,.F.);
#201=ORIENTED_EDGE('',*,*,#709,.T.);
#202=ORIENTED_EDGE('',*,*,#710,.T.);
#203=ORIENTED_EDGE('',*,*,#711,.F.);
#204=ORIENTED_EDGE('',*,*,#712,.F.);
#205=ORIENTED_EDGE('',*,*,#713,.F.);
#206=ORIENTED_EDGE('',*,*,#714,.T.);
#207=ORIENTED_EDGE('',*,*,#632,.T.);
#208=ORIENTED_EDGE('',*,*,#715,.F.);
#209=ORIENTED_EDGE('',*,*,#716,.T.);
#210=ORIENTED_EDGE('',*,*,#717,.T.);
#211=ORIENTED_EDGE('',*,*,#711,.T.);
#212=ORIENTED_EDGE('',*,*,#718,.F.);
#213=ORIENTED_EDGE('',*,*,#719,.T.);
#214=ORIENTED_EDGE('',*,*,#720,.T.);
#215=ORIENTED_EDGE('',*,*,#707,.T.);
#216=ORIENTED_EDGE('',*,*,#721,.F.);
#217=ORIENTED_EDGE('',*,*,#722,.T.);
#218=ORIENTED_EDGE('',*,*,#723,.T.);
#219=ORIENTED_EDGE('',*,*,#703,.T.);
#220=ORIENTED_EDGE('',*,*,#724,.F.);
#221=ORIENTED_EDGE('',*,*,#725,.T.);
#222=ORIENTED_EDGE('',*,*,#726,.T.);
#223=ORIENTED_EDGE('',*,*,#699,.T.);
#224=ORIENTED_EDGE('',*,*,#727,.F.);
#225=ORIENTED_EDGE('',*,*,#728,.T.);
#226=ORIENTED_EDGE('',*,*,#729,.T.);
#227=ORIENTED_EDGE('',*,*,#695,.T.);
#228=ORIENTED_EDGE('',*,*,#730,.F.);
#229=ORIENTED_EDGE('',*,*,#731,.T.);
#230=ORIENTED_EDGE('',*,*,#732,.T.);
#231=ORIENTED_EDGE('',*,*,#691,.T.);
#232=ORIENTED_EDGE('',*,*,#733,.F.);
#233=ORIENTED_EDGE('',*,*,#734,.T.);
#234=ORIENTED_EDGE('',*,*,#735,.T.);
#235=ORIENTED_EDGE('',*,*,#687,.T.);
#236=ORIENTED_EDGE('',*,*,#736,.F.);
#237=ORIENTED_EDGE('',*,*,#737,.T.);
#238=ORIENTED_EDGE('',*,*,#738,.T.);
#239=ORIENTED_EDGE('',*,*,#683,.T.);
#240=ORIENTED_EDGE('',*,*,#739,.F.);
#241=ORIENTED_EDGE('',*,*,#740,.T.);
#242=ORIENTED_EDGE('',*,*,#741,.T.);
#243=ORIENTED_EDGE('',*,*,#679,.T.);
#244=ORIENTED_EDGE('',*,*,#742,.F.);
#245=ORIENTED_EDGE('',*,*,#743,.T.);
#246=ORIENTED_EDGE('',*,*,#744,.T.);
#247=ORIENTED_EDGE('',*,*,#675,.T.);
#248=ORIENTED_EDGE('',*,*,#745,.F.);
#249=ORIENTED_EDGE('',*,*,#746,.T.);
#250=ORIENTED_EDGE('',*,*,#747,.T.);
#251=ORIENTED_EDGE('',*,*,#671,.T.);
#252=ORIENTED_EDGE('',*,*,#748,.F.);
#253=ORIENTED_EDGE('',*,*,#749,.T.);
#254=ORIENTED_EDGE('',*,*,#750,.T.);
#255=ORIENTED_EDGE('',*,*,#667,.T.);
#256=ORIENTED_EDGE('',*,*,#751,.F.);
#257=ORIENTED_EDGE('',*,*,#752,.T.);
#258=ORIENTED_EDGE('',*,*,#753,.T.);
#259=ORIENTED_EDGE('',*,*,#663,.T.);
#260=ORIENTED_EDGE('',*,*,#754,.F.);
#261=ORIENTED_EDGE('',*,*,#755,.T.);
#262=ORIENTED_EDGE('',*,*,#756,.T.);
#263=ORIENTED_EDGE('',*,*,#659,.T.);
#264=ORIENTED_EDGE('',*,*,#757,.F.);
#265=ORIENTED_EDGE('',*,*,#758,.T.);
#266=ORIENTED_EDGE('',*,*,#759,.T.);
#267=ORIENTED_EDGE('',*,*,#655,.T.);
#268=ORIENTED_EDGE('',*,*,#760,.F.);
#269=ORIENTED_EDGE('',*,*,#761,.T.);
#270=ORIENTED_EDGE('',*,*,#762,.T.);
#271=ORIENTED_EDGE('',*,*,#651,.T.);
#272=ORIENTED_EDGE('',*,*,#763,.F.);
#273=ORIENTED_EDGE('',*,*,#764,.T.);
#274=ORIENTED_EDGE('',*,*,#765,.T.);
#275=ORIENTED_EDGE('',*,*,#647,.T.);
#276=ORIENTED_EDGE('',*,*,#766,.F.);
#277=ORIENTED_EDGE('',*,*,#767,.T.);
#278=ORIENTED_EDGE('',*,*,#768,.T.);
#279=ORIENTED_EDGE('',*,*,#643,.T.);
#280=ORIENTED_EDGE('',*,*,#769,.F.);
#281=ORIENTED_EDGE('',*,*,#770,.T.);
#282=ORIENTED_EDGE('',*,*,#771,.T.);
#283=ORIENTED_EDGE('',*,*,#639,.T.);
#284=ORIENTED_EDGE('',*,*,#772,.F.);
#285=ORIENTED_EDGE('',*,*,#773,.T.);
#286=ORIENTED_EDGE('',*,*,#774,.T.);
#287=ORIENTED_EDGE('',*,*,#635,.T.);
#288=ORIENTED_EDGE('',*,*,#775,.F.);
#289=ORIENTED_EDGE('',*,*,#776,.T.);
#290=ORIENTED_EDGE('',*,*,#777,.T.);
#291=ORIENTED_EDGE('',*,*,#778,.T.);
#292=ORIENTED_EDGE('',*,*,#633,.F.);
#293=ORIENTED_EDGE('',*,*,#779,.F.);
#294=ORIENTED_EDGE('',*,*,#780,.F.);
#295=ORIENTED_EDGE('',*,*,#781,.T.);
#296=ORIENTED_EDGE('',*,*,#637,.F.);
#297=ORIENTED_EDGE('',*,*,#782,.F.);
#298=ORIENTED_EDGE('',*,*,#783,.F.);
#299=ORIENTED_EDGE('',*,*,#784,.T.);
#300=ORIENTED_EDGE('',*,*,#641,.F.);
#301=ORIENTED_EDGE('',*,*,#785,.F.);
#302=ORIENTED_EDGE('',*,*,#786,.F.);
#303=ORIENTED_EDGE('',*,*,#787,.T.);
#304=ORIENTED_EDGE('',*,*,#645,.F.);
#305=ORIENTED_EDGE('',*,*,#788,.F.);
#306=ORIENTED_EDGE('',*,*,#789,.F.);
#307=ORIENTED_EDGE('',*,*,#790,.T.);
#308=ORIENTED_EDGE('',*,*,#649,.F.);
#309=ORIENTED_EDGE('',*,*,#791,.F.);
#310=ORIENTED_EDGE('',*,*,#792,.F.);
#311=ORIENTED_EDGE('',*,*,#793,.T.);
#312=ORIENTED_EDGE('',*,*,#653,.F.);
#313=ORIENTED_EDGE('',*,*,#794,.F.);
#314=ORIENTED_EDGE('',*,*,#795,.F.);
#315=ORIENTED_EDGE('',*,*,#796,.T.);
#316=ORIENTED_EDGE('',*,*,#657,.F.);
#317=ORIENTED_EDGE('',*,*,#797,.F.);
#318=ORIENTED_EDGE('',*,*,#798,.F.);
#319=ORIENTED_EDGE('',*,*,#799,.T.);
#320=ORIENTED_EDGE('',*,*,#661,.F.);
#321=ORIENTED_EDGE('',*,*,#800,.F.);
#322=ORIENTED_EDGE('',*,*,#801,.F.);
#323=ORIENTED_EDGE('',*,*,#802,.T.);
#324=ORIENTED_EDGE('',*,*,#665,.F.);
#325=ORIENTED_EDGE('',*,*,#803,.F.);
#326=ORIENTED_EDGE('',*,*,#804,.F.);
#327=ORIENTED_EDGE('',*,*,#805,.T.);
#328=ORIENTED_EDGE('',*,*,#669,.F.);
#329=ORIENTED_EDGE('',*,*,#806,.F.);
#330=ORIENTED_EDGE('',*,*,#807,.F.);
#331=ORIENTED_EDGE('',*,*,#808,.T.);
#332=ORIENTED_EDGE('',*,*,#673,.F.);
#333=ORIENTED_EDGE('',*,*,#809,.F.);
#334=ORIENTED_EDGE('',*,*,#810,.F.);
#335=ORIENTED_EDGE('',*,*,#811,.T.);
#336=ORIENTED_EDGE('',*,*,#677,.F.);
#337=ORIENTED_EDGE('',*,*,#812,.F.);
#338=ORIENTED_EDGE('',*,*,#813,.F.);
#339=ORIENTED_EDGE('',*,*,#814,.T.);
#340=ORIENTED_EDGE('',*,*,#681,.F.);
#341=ORIENTED_EDGE('',*,*,#815,.F.);
#342=ORIENTED_EDGE('',*,*,#816,.F.);
#343=ORIENTED_EDGE('',*,*,#817,.T.);
#344=ORIENTED_EDGE('',*,*,#685,.F.);
#345=ORIENTED_EDGE('',*,*,#818,.F.);
#346=ORIENTED_EDGE('',*,*,#819,.F.);
#347=ORIENTED_EDGE('',*,*,#820,.T.);
#348=ORIENTED_EDGE('',*,*,#689,.F.);
#349=ORIENTED_EDGE('',*,*,#821,.F.);
#350=ORIENTED_EDGE('',*,*,#822,.F.);
#351=ORIENTED_EDGE('',*,*,#823,.T.);
#352=ORIENTED_EDGE('',*,*,#693,.F.);
#353=ORIENTED_EDGE('',*,*,#824,.F.);
#354=ORIENTED_EDGE('',*,*,#825,.F.);
#355=ORIENTED_EDGE('',*,*,#826,.T.);
#356=ORIENTED_EDGE('',*,*,#697,.F.);
#357=ORIENTED_EDGE('',*,*,#827,.F.);
#358=ORIENTED_EDGE('',*,*,#828,.F.);
#359=ORIENTED_EDGE('',*,*,#829,.T.);
#360=ORIENTED_EDGE('',*,*,#701,.F.);
#361=ORIENTED_EDGE('',*,*,#830,.F.);
#362=ORIENTED_EDGE('',*,*,#831,.F.);
#363=ORIENTED_EDGE('',*,*,#832,.T.);
#364=ORIENTED_EDGE('',*,*,#705,.F.);
#365=ORIENTED_EDGE('',*,*,#833,.F.);
#366=ORIENTED_EDGE('',*,*,#834,.F.);
#367=ORIENTED_EDGE('',*,*,#835,.T.);
#368=ORIENTED_EDGE('',*,*,#709,.F.);
#369=ORIENTED_EDGE('',*,*,#836,.F.);
#370=ORIENTED_EDGE('',*,*,#837,.F.);
#371=ORIENTED_EDGE('',*,*,#838,.T.);
#372=ORIENTED_EDGE('',*,*,#630,.F.);
#373=ORIENTED_EDGE('',*,*,#839,.F.);
#374=ORIENTED_EDGE('',*,*,#840,.F.);
#375=ORIENTED_EDGE('',*,*,#715,.T.);
#376=ORIENTED_EDGE('',*,*,#631,.F.);
#377=ORIENTED_EDGE('',*,*,#838,.F.);
#378=ORIENTED_EDGE('',*,*,#841,.T.);
#379=ORIENTED_EDGE('',*,*,#716,.F.);
#380=ORIENTED_EDGE('',*,*,#841,.F.);
#381=ORIENTED_EDGE('',*,*,#837,.T.);
#382=ORIENTED_EDGE('',*,*,#842,.T.);
#383=ORIENTED_EDGE('',*,*,#717,.F.);
#384=ORIENTED_EDGE('',*,*,#842,.F.);
#385=ORIENTED_EDGE('',*,*,#836,.T.);
#386=ORIENTED_EDGE('',*,*,#712,.T.);
#387=ORIENTED_EDGE('',*,*,#718,.T.);
#388=ORIENTED_EDGE('',*,*,#710,.F.);
#389=ORIENTED_EDGE('',*,*,#835,.F.);
#390=ORIENTED_EDGE('',*,*,#843,.T.);
#391=ORIENTED_EDGE('',*,*,#719,.F.);
#392=ORIENTED_EDGE('',*,*,#843,.F.);
#393=ORIENTED_EDGE('',*,*,#834,.T.);
#394=ORIENTED_EDGE('',*,*,#844,.T.);
#395=ORIENTED_EDGE('',*,*,#720,.F.);
#396=ORIENTED_EDGE('',*,*,#844,.F.);
#397=ORIENTED_EDGE('',*,*,#833,.T.);
#398=ORIENTED_EDGE('',*,*,#708,.T.);
#399=ORIENTED_EDGE('',*,*,#721,.T.);
#400=ORIENTED_EDGE('',*,*,#706,.F.);
#401=ORIENTED_EDGE('',*,*,#832,.F.);
#402=ORIENTED_EDGE('',*,*,#845,.T.);
#403=ORIENTED_EDGE('',*,*,#722,.F.);
#404=ORIENTED_EDGE('',*,*,#845,.F.);
#405=ORIENTED_EDGE('',*,*,#831,.T.);
#406=ORIENTED_EDGE('',*,*,#846,.T.);
#407=ORIENTED_EDGE('',*,*,#723,.F.);
#408=ORIENTED_EDGE('',*,*,#846,.F.);
#409=ORIENTED_EDGE('',*,*,#830,.T.);
#410=ORIENTED_EDGE('',*,*,#704,.T.);
#411=ORIENTED_EDGE('',*,*,#724,.T.);
#412=ORIENTED_EDGE('',*,*,#702,.F.);
#413=ORIENTED_EDGE('',*,*,#829,.F.);
#414=ORIENTED_EDGE('',*,*,#847,.T.);
#415=ORIENTED_EDGE('',*,*,#725,.F.);
#416=ORIENTED_EDGE('',*,*,#847,.F.);
#417=ORIENTED_EDGE('',*,*,#828,.T.);
#418=ORIENTED_EDGE('',*,*,#848,.T.);
#419=ORIENTED_EDGE('',*,*,#726,.F.);
#420=ORIENTED_EDGE('',*,*,#848,.F.);
#421=ORIENTED_EDGE('',*,*,#827,.T.);
#422=ORIENTED_EDGE('',*,*,#700,.T.);
#423=ORIENTED_EDGE('',*,*,#727,.T.);
#424=ORIENTED_EDGE('',*,*,#698,.F.);
#425=ORIENTED_EDGE('',*,*,#826,.F.);
#426=ORIENTED_EDGE('',*,*,#849,.T.);
#427=ORIENTED_EDGE('',*,*,#728,.F.);
#428=ORIENTED_EDGE('',*,*,#849,.F.);
#429=ORIENTED_EDGE('',*,*,#825,.T.);
#430=ORIENTED_EDGE('',*,*,#850,.T.);
#431=ORIENTED_EDGE('',*,*,#729,.F.);
#432=ORIENTED_EDGE('',*,*,#850,.F.);
#433=ORIENTED_EDGE('',*,*,#824,.T.);
#434=ORIENTED_EDGE('',*,*,#696,.T.);
#435=ORIENTED_EDGE('',*,*,#730,.T.);
#436=ORIENTED_EDGE('',*,*,#694,.F.);
#437=ORIENTED_EDGE('',*,*,#823,.F.);
#438=ORIENTED_EDGE('',*,*,#851,.T.);
#439=ORIENTED_EDGE('',*,*,#731,.F.);
#440=ORIENTED_EDGE('',*,*,#851,.F.);
#441=ORIENTED_EDGE('',*,*,#822,.T.);
#442=ORIENTED_EDGE('',*,*,#852,.T.);
#443=ORIENTED_EDGE('',*,*,#732,.F.);
#444=ORIENTED_EDGE('',*,*,#852,.F.);
#445=ORIENTED_EDGE('',*,*,#821,.T.);
#446=ORIENTED_EDGE('',*,*,#692,.T.);
#447=ORIENTED_EDGE('',*,*,#733,.T.);
#448=ORIENTED_EDGE('',*,*,#690,.F.);
#449=ORIENTED_EDGE('',*,*,#820,.F.);
#450=ORIENTED_EDGE('',*,*,#853,.T.);
#451=ORIENTED_EDGE('',*,*,#734,.F.);
#452=ORIENTED_EDGE('',*,*,#853,.F.);
#453=ORIENTED_EDGE('',*,*,#819,.T.);
#454=ORIENTED_EDGE('',*,*,#854,.T.);
#455=ORIENTED_EDGE('',*,*,#735,.F.);
#456=ORIENTED_EDGE('',*,*,#854,.F.);
#457=ORIENTED_EDGE('',*,*,#818,.T.);
#458=ORIENTED_EDGE('',*,*,#688,.T.);
#459=ORIENTED_EDGE('',*,*,#736,.T.);
#460=ORIENTED_EDGE('',*,*,#686,.F.);
#461=ORIENTED_EDGE('',*,*,#817,.F.);
#462=ORIENTED_EDGE('',*,*,#855,.T.);
#463=ORIENTED_EDGE('',*,*,#737,.F.);
#464=ORIENTED_EDGE('',*,*,#855,.F.);
#465=ORIENTED_EDGE('',*,*,#816,.T.);
#466=ORIENTED_EDGE('',*,*,#856,.T.);
#467=ORIENTED_EDGE('',*,*,#738,.F.);
#468=ORIENTED_EDGE('',*,*,#856,.F.);
#469=ORIENTED_EDGE('',*,*,#815,.T.);
#470=ORIENTED_EDGE('',*,*,#684,.T.);
#471=ORIENTED_EDGE('',*,*,#739,.T.);
#472=ORIENTED_EDGE('',*,*,#682,.F.);
#473=ORIENTED_EDGE('',*,*,#814,.F.);
#474=ORIENTED_EDGE('',*,*,#857,.T.);
#475=ORIENTED_EDGE('',*,*,#740,.F.);
#476=ORIENTED_EDGE('',*,*,#857,.F.);
#477=ORIENTED_EDGE('',*,*,#813,.T.);
#478=ORIENTED_EDGE('',*,*,#858,.T.);
#479=ORIENTED_EDGE('',*,*,#741,.F.);
#480=ORIENTED_EDGE('',*,*,#858,.F.);
#481=ORIENTED_EDGE('',*,*,#812,.T.);
#482=ORIENTED_EDGE('',*,*,#680,.T.);
#483=ORIENTED_EDGE('',*,*,#742,.T.);
#484=ORIENTED_EDGE('',*,*,#678,.F.);
#485=ORIENTED_EDGE('',*,*,#811,.F.);
#486=ORIENTED_EDGE('',*,*,#859,.T.);
#487=ORIENTED_EDGE('',*,*,#743,.F.);
#488=ORIENTED_EDGE('',*,*,#859,.F.);
#489=ORIENTED_EDGE('',*,*,#810,.T.);
#490=ORIENTED_EDGE('',*,*,#860,.T.);
#491=ORIENTED_EDGE('',*,*,#744,.F.);
#492=ORIENTED_EDGE('',*,*,#860,.F.);
#493=ORIENTED_EDGE('',*,*,#809,.T.);
#494=ORIENTED_EDGE('',*,*,#676,.T.);
#495=ORIENTED_EDGE('',*,*,#745,.T.);
#496=ORIENTED_EDGE('',*,*,#674,.F.);
#497=ORIENTED_EDGE('',*,*,#808,.F.);
#498=ORIENTED_EDGE('',*,*,#861,.T.);
#499=ORIENTED_EDGE('',*,*,#746,.F.);
#500=ORIENTED_EDGE('',*,*,#861,.F.);
#501=ORIENTED_EDGE('',*,*,#807,.T.);
#502=ORIENTED_EDGE('',*,*,#862,.T.);
#503=ORIENTED_EDGE('',*,*,#747,.F.);
#504=ORIENTED_EDGE('',*,*,#862,.F.);
#505=ORIENTED_EDGE('',*,*,#806,.T.);
#506=ORIENTED_EDGE('',*,*,#672,.T.);
#507=ORIENTED_EDGE('',*,*,#748,.T.);
#508=ORIENTED_EDGE('',*,*,#670,.F.);
#509=ORIENTED_EDGE('',*,*,#805,.F.);
#510=ORIENTED_EDGE('',*,*,#863,.T.);
#511=ORIENTED_EDGE('',*,*,#749,.F.);
#512=ORIENTED_EDGE('',*,*,#863,.F.);
#513=ORIENTED_EDGE('',*,*,#804,.T.);
#514=ORIENTED_EDGE('',*,*,#864,.T.);
#515=ORIENTED_EDGE('',*,*,#750,.F.);
#516=ORIENTED_EDGE('',*,*,#864,.F.);
#517=ORIENTED_EDGE('',*,*,#803,.T.);
#518=ORIENTED_EDGE('',*,*,#668,.T.);
#519=ORIENTED_EDGE('',*,*,#751,.T.);
#520=ORIENTED_EDGE('',*,*,#666,.F.);
#521=ORIENTED_EDGE('',*,*,#802,.F.);
#522=ORIENTED_EDGE('',*,*,#865,.T.);
#523=ORIENTED_EDGE('',*,*,#752,.F.);
#524=ORIENTED_EDGE('',*,*,#865,.F.);
#525=ORIENTED_EDGE('',*,*,#801,.T.);
#526=ORIENTED_EDGE('',*,*,#866,.T.);
#527=ORIENTED_EDGE('',*,*,#753,.F.);
#528=ORIENTED_EDGE('',*,*,#866,.F.);
#529=ORIENTED_EDGE('',*,*,#800,.T.);
#530=ORIENTED_EDGE('',*,*,#664,.T.);
#531=ORIENTED_EDGE('',*,*,#754,.T.);
#532=ORIENTED_EDGE('',*,*,#662,.F.);
#533=ORIENTED_EDGE('',*,*,#799,.F.);
#534=ORIENTED_EDGE('',*,*,#867,.T.);
#535=ORIENTED_EDGE('',*,*,#755,.F.);
#536=ORIENTED_EDGE('',*,*,#867,.F.);
#537=ORIENTED_EDGE('',*,*,#798,.T.);
#538=ORIENTED_EDGE('',*,*,#868,.T.);
#539=ORIENTED_EDGE('',*,*,#756,.F.);
#540=ORIENTED_EDGE('',*,*,#868,.F.);
#541=ORIENTED_EDGE('',*,*,#797,.T.);
#542=ORIENTED_EDGE('',*,*,#660,.T.);
#543=ORIENTED_EDGE('',*,*,#757,.T.);
#544=ORIENTED_EDGE('',*,*,#658,.F.);
#545=ORIENTED_EDGE('',*,*,#796,.F.);
#546=ORIENTED_EDGE('',*,*,#869,.T.);
#547=ORIENTED_EDGE('',*,*,#758,.F.);
#548=ORIENTED_EDGE('',*,*,#869,.F.);
#549=ORIENTED_EDGE('',*,*,#795,.T.);
#550=ORIENTED_EDGE('',*,*,#870,.T.);
#551=ORIENTED_EDGE('',*,*,#759,.F.);
#552=ORIENTED_EDGE('',*,*,#870,.F.);
#553=ORIENTED_EDGE('',*,*,#794,.T.);
#554=ORIENTED_EDGE('',*,*,#656,.T.);
#555=ORIENTED_EDGE('',*,*,#760,.T.);
#556=ORIENTED_EDGE('',*,*,#654,.F.);
#557=ORIENTED_EDGE('',*,*,#793,.F.);
#558=ORIENTED_EDGE('',*,*,#871,.T.);
#559=ORIENTED_EDGE('',*,*,#761,.F.);
#560=ORIENTED_EDGE('',*,*,#871,.F.);
#561=ORIENTED_EDGE('',*,*,#792,.T.);
#562=ORIENTED_EDGE('',*,*,#872,.T.);
#563=ORIENTED_EDGE('',*,*,#762,.F.);
#564=ORIENTED_EDGE('',*,*,#872,.F.);
#565=ORIENTED_EDGE('',*,*,#791,.T.);
#566=ORIENTED_EDGE('',*,*,#652,.T.);
#567=ORIENTED_EDGE('',*,*,#763,.T.);
#568=ORIENTED_EDGE('',*,*,#650,.F.);
#569=ORIENTED_EDGE('',*,*,#790,.F.);
#570=ORIENTED_EDGE('',*,*,#873,.T.);
#571=ORIENTED_EDGE('',*,*,#764,.F.);
#572=ORIENTED_EDGE('',*,*,#873,.F.);
#573=ORIENTED_EDGE('',*,*,#789,.T.);
#574=ORIENTED_EDGE('',*,*,#874,.T.);
#575=ORIENTED_EDGE('',*,*,#765,.F.);
#576=ORIENTED_EDGE('',*,*,#874,.F.);
#577=ORIENTED_EDGE('',*,*,#788,.T.);
#578=ORIENTED_EDGE('',*,*,#648,.T.);
#579=ORIENTED_EDGE('',*,*,#766,.T.);
#580=ORIENTED_EDGE('',*,*,#646,.F.);
#581=ORIENTED_EDGE('',*,*,#787,.F.);
#582=ORIENTED_EDGE('',*,*,#875,.T.);
#583=ORIENTED_EDGE('',*,*,#767,.F.);
#584=ORIENTED_EDGE('',*,*,#875,.F.);
#585=ORIENTED_EDGE('',*,*,#786,.T.);
#586=ORIENTED_EDGE('',*,*,#876,.T.);
#587=ORIENTED_EDGE('',*,*,#768,.F.);
#588=ORIENTED_EDGE('',*,*,#876,.F.);
#589=ORIENTED_EDGE('',*,*,#785,.T.);
#590=ORIENTED_EDGE('',*,*,#644,.T.);
#591=ORIENTED_EDGE('',*,*,#769,.T.);
#592=ORIENTED_EDGE('',*,*,#642,.F.);
#593=ORIENTED_EDGE('',*,*,#784,.F.);
#594=ORIENTED_EDGE('',*,*,#877,.T.);
#595=ORIENTED_EDGE('',*,*,#770,.F.);
#596=ORIENTED_EDGE('',*,*,#877,.F.);
#597=ORIENTED_EDGE('',*,*,#783,.T.);
#598=ORIENTED_EDGE('',*,*,#878,.T.);
#599=ORIENTED_EDGE('',*,*,#771,.F.);
#600=ORIENTED_EDGE('',*,*,#878,.F.);
#601=ORIENTED_EDGE('',*,*,#782,.T.);
#602=ORIENTED_EDGE('',*,*,#640,.T.);
#603=ORIENTED_EDGE('',*,*,#772,.T.);
#604=ORIENTED_EDGE('',*,*,#638,.F.);
#605=ORIENTED_EDGE('',*,*,#781,.F.);
#606=ORIENTED_EDGE('',*,*,#879,.T.);
#607=ORIENTED_EDGE('',*,*,#773,.F.);
#608=ORIENTED_EDGE('',*,*,#879,.F.);
#609=ORIENTED_EDGE('',*,*,#780,.T.);
#610=ORIENTED_EDGE('',*,*,#880,.T.);
#611=ORIENTED_EDGE('',*,*,#774,.F.);
#612=ORIENTED_EDGE('',*,*,#880,.F.);
#613=ORIENTED_EDGE('',*,*,#779,.T.);
#614=ORIENTED_EDGE('',*,*,#636,.T.);
#615=ORIENTED_EDGE('',*,*,#775,.T.);
#616=ORIENTED_EDGE('',*,*,#634,.F.);
#617=ORIENTED_EDGE('',*,*,#778,.F.);
#618=ORIENTED_EDGE('',*,*,#881,.T.);
#619=ORIENTED_EDGE('',*,*,#776,.F.);
#620=ORIENTED_EDGE('',*,*,#881,.F.);
#621=ORIENTED_EDGE('',*,*,#840,.T.);
#622=ORIENTED_EDGE('',*,*,#882,.T.);
#623=ORIENTED_EDGE('',*,*,#714,.F.);
#624=ORIENTED_EDGE('',*,*,#882,.F.);
#625=ORIENTED_EDGE('',*,*,#839,.T.);
#626=ORIENTED_EDGE('',*,*,#629,.T.);
#627=ORIENTED_EDGE('',*,*,#713,.T.);
#628=ORIENTED_EDGE('',*,*,#777,.F.);
#629=EDGE_CURVE('',#883,#884,#1053,.T.);
#630=EDGE_CURVE('',#883,#885,#77,.T.);
#631=EDGE_CURVE('',#885,#886,#1054,.T.);
#632=EDGE_CURVE('',#884,#886,#78,.T.);
#633=EDGE_CURVE('',#887,#888,#79,.T.);
#634=EDGE_CURVE('',#888,#889,#1055,.T.);
#635=EDGE_CURVE('',#890,#889,#80,.T.);
#636=EDGE_CURVE('',#887,#890,#1056,.T.);
#637=EDGE_CURVE('',#891,#892,#81,.T.);
#638=EDGE_CURVE('',#892,#893,#1057,.T.);
#639=EDGE_CURVE('',#894,#893,#82,.T.);
#640=EDGE_CURVE('',#891,#894,#1058,.T.);
#641=EDGE_CURVE('',#895,#896,#83,.T.);
#642=EDGE_CURVE('',#896,#897,#1059,.T.);
#643=EDGE_CURVE('',#898,#897,#84,.T.);
#644=EDGE_CURVE('',#895,#898,#1060,.T.);
#645=EDGE_CURVE('',#899,#900,#85,.T.);
#646=EDGE_CURVE('',#900,#901,#1061,.T.);
#647=EDGE_CURVE('',#902,#901,#86,.T.);
#648=EDGE_CURVE('',#899,#902,#1062,.T.);
#649=EDGE_CURVE('',#903,#904,#87,.T.);
#650=EDGE_CURVE('',#904,#905,#1063,.T.);
#651=EDGE_CURVE('',#906,#905,#88,.T.);
#652=EDGE_CURVE('',#903,#906,#1064,.T.);
#653=EDGE_CURVE('',#907,#908,#89,.T.);
#654=EDGE_CURVE('',#908,#909,#1065,.T.);
#655=EDGE_CURVE('',#910,#909,#90,.T.);
#656=EDGE_CURVE('',#907,#910,#1066,.T.);
#657=EDGE_CURVE('',#911,#912,#91,.T.);
#658=EDGE_CURVE('',#912,#913,#1067,.T.);
#659=EDGE_CURVE('',#914,#913,#92,.T.);
#660=EDGE_CURVE('',#911,#914,#1068,.T.);
#661=EDGE_CURVE('',#915,#916,#93,.T.);
#662=EDGE_CURVE('',#916,#917,#1069,.T.);
#663=EDGE_CURVE('',#918,#917,#94,.T.);
#664=EDGE_CURVE('',#915,#918,#1070,.T.);
#665=EDGE_CURVE('',#919,#920,#95,.T.);
#666=EDGE_CURVE('',#920,#921,#1071,.T.);
#667=EDGE_CURVE('',#922,#921,#96,.T.);
#668=EDGE_CURVE('',#919,#922,#1072,.T.);
#669=EDGE_CURVE('',#923,#924,#97,.T.);
#670=EDGE_CURVE('',#924,#925,#1073,.T.);
#671=EDGE_CURVE('',#926,#925,#98,.T.);
#672=EDGE_CURVE('',#923,#926,#1074,.T.);
#673=EDGE_CURVE('',#927,#928,#99,.T.);
#674=EDGE_CURVE('',#928,#929,#1075,.T.);
#675=EDGE_CURVE('',#930,#929,#100,.T.);
#676=EDGE_CURVE('',#927,#930,#1076,.T.);
#677=EDGE_CURVE('',#931,#932,#101,.T.);
#678=EDGE_CURVE('',#932,#933,#1077,.T.);
#679=EDGE_CURVE('',#934,#933,#102,.T.);
#680=EDGE_CURVE('',#931,#934,#1078,.T.);
#681=EDGE_CURVE('',#935,#936,#103,.T.);
#682=EDGE_CURVE('',#936,#937,#1079,.T.);
#683=EDGE_CURVE('',#938,#937,#104,.T.);
#684=EDGE_CURVE('',#935,#938,#1080,.T.);
#685=EDGE_CURVE('',#939,#940,#105,.T.);
#686=EDGE_CURVE('',#940,#941,#1081,.T.);
#687=EDGE_CURVE('',#942,#941,#106,.T.);
#688=EDGE_CURVE('',#939,#942,#1082,.T.);
#689=EDGE_CURVE('',#943,#944,#107,.T.);
#690=EDGE_CURVE('',#944,#945,#1083,.T.);
#691=EDGE_CURVE('',#946,#945,#108,.T.);
#692=EDGE_CURVE('',#943,#946,#1084,.T.);
#693=EDGE_CURVE('',#947,#948,#109,.T.);
#694=EDGE_CURVE('',#948,#949,#1085,.T.);
#695=EDGE_CURVE('',#950,#949,#110,.T.);
#696=EDGE_CURVE('',#947,#950,#1086,.T.);
#697=EDGE_CURVE('',#951,#952,#111,.T.);
#698=EDGE_CURVE('',#952,#953,#1087,.T.);
#699=EDGE_CURVE('',#954,#953,#112,.T.);
#700=EDGE_CURVE('',#951,#954,#1088,.T.);
#701=EDGE_CURVE('',#955,#956,#113,.T.);
#702=EDGE_CURVE('',#956,#957,#1089,.T.);
#703=EDGE_CURVE('',#958,#957,#114,.T.);
#704=EDGE_CURVE('',#955,#958,#1090,.T.);
#705=EDGE_CURVE('',#959,#960,#115,.T.);
#706=EDGE_CURVE('',#960,#961,#1091,.T.);
#707=EDGE_CURVE('',#962,#961,#116,.T.);
#708=EDGE_CURVE('',#959,#962,#1092,.T.);
#709=EDGE_CURVE('',#963,#964,#117,.T.);
#710=EDGE_CURVE('',#964,#965,#1093,.T.);
#711=EDGE_CURVE('',#966,#965,#118,.T.);
#712=EDGE_CURVE('',#963,#966,#1094,.T.);
#713=EDGE_CURVE('',#967,#967,#119,.T.);
#714=EDGE_CURVE('',#968,#884,#1095,.T.);
#715=EDGE_CURVE('',#969,#886,#1096,.T.);
#716=EDGE_CURVE('',#969,#970,#1097,.T.);
#717=EDGE_CURVE('',#970,#966,#1098,.T.);
#718=EDGE_CURVE('',#971,#965,#1099,.T.);
#719=EDGE_CURVE('',#971,#972,#1100,.T.);
#720=EDGE_CURVE('',#972,#962,#1101,.T.);
#721=EDGE_CURVE('',#973,#961,#1102,.T.);
#722=EDGE_CURVE('',#973,#974,#1103,.T.);
#723=EDGE_CURVE('',#974,#958,#1104,.T.);
#724=EDGE_CURVE('',#975,#957,#1105,.T.);
#725=EDGE_CURVE('',#975,#976,#1106,.T.);
#726=EDGE_CURVE('',#976,#954,#1107,.T.);
#727=EDGE_CURVE('',#977,#953,#1108,.T.);
#728=EDGE_CURVE('',#977,#978,#1109,.T.);
#729=EDGE_CURVE('',#978,#950,#1110,.T.);
#730=EDGE_CURVE('',#979,#949,#1111,.T.);
#731=EDGE_CURVE('',#979,#980,#1112,.T.);
#732=EDGE_CURVE('',#980,#946,#1113,.T.);
#733=EDGE_CURVE('',#981,#945,#1114,.T.);
#734=EDGE_CURVE('',#981,#982,#1115,.T.);
#735=EDGE_CURVE('',#982,#942,#1116,.T.);
#736=EDGE_CURVE('',#983,#941,#1117,.T.);
#737=EDGE_CURVE('',#983,#984,#1118,.T.);
#738=EDGE_CURVE('',#984,#938,#1119,.T.);
#739=EDGE_CURVE('',#985,#937,#1120,.T.);
#740=EDGE_CURVE('',#985,#986,#1121,.T.);
#741=EDGE_CURVE('',#986,#934,#1122,.T.);
#742=EDGE_CURVE('',#987,#933,#1123,.T.);
#743=EDGE_CURVE('',#987,#988,#1124,.T.);
#744=EDGE_CURVE('',#988,#930,#1125,.T.);
#745=EDGE_CURVE('',#989,#929,#1126,.T.);
#746=EDGE_CURVE('',#989,#990,#1127,.T.);
#747=EDGE_CURVE('',#990,#926,#1128,.T.);
#748=EDGE_CURVE('',#991,#925,#1129,.T.);
#749=EDGE_CURVE('',#991,#992,#1130,.T.);
#750=EDGE_CURVE('',#992,#922,#1131,.T.);
#751=EDGE_CURVE('',#993,#921,#1132,.T.);
#752=EDGE_CURVE('',#993,#994,#1133,.T.);
#753=EDGE_CURVE('',#994,#918,#1134,.T.);
#754=EDGE_CURVE('',#995,#917,#1135,.T.);
#755=EDGE_CURVE('',#995,#996,#1136,.T.);
#756=EDGE_CURVE('',#996,#914,#1137,.T.);
#757=EDGE_CURVE('',#997,#913,#1138,.T.);
#758=EDGE_CURVE('',#997,#998,#1139,.T.);
#759=EDGE_CURVE('',#998,#910,#1140,.T.);
#760=EDGE_CURVE('',#999,#909,#1141,.T.);
#761=EDGE_CURVE('',#999,#1000,#1142,.T.);
#762=EDGE_CURVE('',#1000,#906,#1143,.T.);
#763=EDGE_CURVE('',#1001,#905,#1144,.T.);
#764=EDGE_CURVE('',#1001,#1002,#1145,.T.);
#765=EDGE_CURVE('',#1002,#902,#1146,.T.);
#766=EDGE_CURVE('',#1003,#901,#1147,.T.);
#767=EDGE_CURVE('',#1003,#1004,#1148,.T.);
#768=EDGE_CURVE('',#1004,#898,#1149,.T.);
#769=EDGE_CURVE('',#1005,#897,#1150,.T.);
#770=EDGE_CURVE('',#1005,#1006,#1151,.T.);
#771=EDGE_CURVE('',#1006,#894,#1152,.T.);
#772=EDGE_CURVE('',#1007,#893,#1153,.T.);
#773=EDGE_CURVE('',#1007,#1008,#1154,.T.);
#774=EDGE_CURVE('',#1008,#890,#1155,.T.);
#775=EDGE_CURVE('',#1009,#889,#1156,.T.);
#776=EDGE_CURVE('',#1009,#968,#1157,.T.);
#777=EDGE_CURVE('',#1010,#1010,#120,.T.);
#778=EDGE_CURVE('',#1011,#888,#1158,.T.);
#779=EDGE_CURVE('',#1012,#887,#1159,.T.);
#780=EDGE_CURVE('',#1013,#1012,#1160,.T.);
#781=EDGE_CURVE('',#1013,#892,#1161,.T.);
#782=EDGE_CURVE('',#1014,#891,#1162,.T.);
#783=EDGE_CURVE('',#1015,#1014,#1163,.T.);
#784=EDGE_CURVE('',#1015,#896,#1164,.T.);
#785=EDGE_CURVE('',#1016,#895,#1165,.T.);
#786=EDGE_CURVE('',#1017,#1016,#1166,.T.);
#787=EDGE_CURVE('',#1017,#900,#1167,.T.);
#788=EDGE_CURVE('',#1018,#899,#1168,.T.);
#789=EDGE_CURVE('',#1019,#1018,#1169,.T.);
#790=EDGE_CURVE('',#1019,#904,#1170,.T.);
#791=EDGE_CURVE('',#1020,#903,#1171,.T.);
#792=EDGE_CURVE('',#1021,#1020,#1172,.T.);
#793=EDGE_CURVE('',#1021,#908,#1173,.T.);
#794=EDGE_CURVE('',#1022,#907,#1174,.T.);
#795=EDGE_CURVE('',#1023,#1022,#1175,.T.);
#796=EDGE_CURVE('',#1023,#912,#1176,.T.);
#797=EDGE_CURVE('',#1024,#911,#1177,.T.);
#798=EDGE_CURVE('',#1025,#1024,#1178,.T.);
#799=EDGE_CURVE('',#1025,#916,#1179,.T.);
#800=EDGE_CURVE('',#1026,#915,#1180,.T.);
#801=EDGE_CURVE('',#1027,#1026,#1181,.T.);
#802=EDGE_CURVE('',#1027,#920,#1182,.T.);
#803=EDGE_CURVE('',#1028,#919,#1183,.T.);
#804=EDGE_CURVE('',#1029,#1028,#1184,.T.);
#805=EDGE_CURVE('',#1029,#924,#1185,.T.);
#806=EDGE_CURVE('',#1030,#923,#1186,.T.);
#807=EDGE_CURVE('',#1031,#1030,#1187,.T.);
#808=EDGE_CURVE('',#1031,#928,#1188,.T.);
#809=EDGE_CURVE('',#1032,#927,#1189,.T.);
#810=EDGE_CURVE('',#1033,#1032,#1190,.T.);
#811=EDGE_CURVE('',#1033,#932,#1191,.T.);
#812=EDGE_CURVE('',#1034,#931,#1192,.T.);
#813=EDGE_CURVE('',#1035,#1034,#1193,.T.);
#814=EDGE_CURVE('',#1035,#936,#1194,.T.);
#815=EDGE_CURVE('',#1036,#935,#1195,.T.);
#816=EDGE_CURVE('',#1037,#1036,#1196,.T.);
#817=EDGE_CURVE('',#1037,#940,#1197,.T.);
#818=EDGE_CURVE('',#1038,#939,#1198,.T.);
#819=EDGE_CURVE('',#1039,#1038,#1199,.T.);
#820=EDGE_CURVE('',#1039,#944,#1200,.T.);
#821=EDGE_CURVE('',#1040,#943,#1201,.T.);
#822=EDGE_CURVE('',#1041,#1040,#1202,.T.);
#823=EDGE_CURVE('',#1041,#948,#1203,.T.);
#824=EDGE_CURVE('',#1042,#947,#1204,.T.);
#825=EDGE_CURVE('',#1043,#1042,#1205,.T.);
#826=EDGE_CURVE('',#1043,#952,#1206,.T.);
#827=EDGE_CURVE('',#1044,#951,#1207,.T.);
#828=EDGE_CURVE('',#1045,#1044,#1208,.T.);
#829=EDGE_CURVE('',#1045,#956,#1209,.T.);
#830=EDGE_CURVE('',#1046,#955,#1210,.T.);
#831=EDGE_CURVE('',#1047,#1046,#1211,.T.);
#832=EDGE_CURVE('',#1047,#960,#1212,.T.);
#833=EDGE_CURVE('',#1048,#959,#1213,.T.);
#834=EDGE_CURVE('',#1049,#1048,#1214,.T.);
#835=EDGE_CURVE('',#1049,#964,#1215,.T.);
#836=EDGE_CURVE('',#1050,#963,#1216,.T.);
#837=EDGE_CURVE('',#1051,#1050,#1217,.T.);
#838=EDGE_CURVE('',#1051,#885,#1218,.T.);
#839=EDGE_CURVE('',#1052,#883,#1219,.T.);
#840=EDGE_CURVE('',#1011,#1052,#1220,.T.);
#841=EDGE_CURVE('',#1051,#969,#1221,.T.);
#842=EDGE_CURVE('',#1050,#970,#1222,.T.);
#843=EDGE_CURVE('',#1049,#971,#1223,.T.);
#844=EDGE_CURVE('',#1048,#972,#1224,.T.);
#845=EDGE_CURVE('',#1047,#973,#1225,.T.);
#846=EDGE_CURVE('',#1046,#974,#1226,.T.);
#847=EDGE_CURVE('',#1045,#975,#1227,.T.);
#848=EDGE_CURVE('',#1044,#976,#1228,.T.);
#849=EDGE_CURVE('',#1043,#977,#1229,.T.);
#850=EDGE_CURVE('',#1042,#978,#1230,.T.);
#851=EDGE_CURVE('',#1041,#979,#1231,.T.);
#852=EDGE_CURVE('',#1040,#980,#1232,.T.);
#853=EDGE_CURVE('',#1039,#981,#1233,.T.);
#854=EDGE_CURVE('',#1038,#982,#1234,.T.);
#855=EDGE_CURVE('',#1037,#983,#1235,.T.);
#856=EDGE_CURVE('',#1036,#984,#1236,.T.);
#857=EDGE_CURVE('',#1035,#985,#1237,.T.);
#858=EDGE_CURVE('',#1034,#986,#1238,.T.);
#859=EDGE_CURVE('',#1033,#987,#1239,.T.);
#860=EDGE_CURVE('',#1032,#988,#1240,.T.);
#861=EDGE_CURVE('',#1031,#989,#1241,.T.);
#862=EDGE_CURVE('',#1030,#990,#1242,.T.);
#863=EDGE_CURVE('',#1029,#991,#1243,.T.);
#864=EDGE_CURVE('',#1028,#992,#1244,.T.);
#865=EDGE_CURVE('',#1027,#993,#1245,.T.);
#866=EDGE_CURVE('',#1026,#994,#1246,.T.);
#867=EDGE_CURVE('',#1025,#995,#1247,.T.);
#868=EDGE_CURVE('',#1024,#996,#1248,.T.);
#869=EDGE_CURVE('',#1023,#997,#1249,.T.);
#870=EDGE_CURVE('',#1022,#998,#1250,.T.);
#871=EDGE_CURVE('',#1021,#999,#1251,.T.);
#872=EDGE_CURVE('',#1020,#1000,#1252,.T.);
#873=EDGE_CURVE('',#1019,#1001,#1253,.T.);
#874=EDGE_CURVE('',#1018,#1002,#1254,.T.);
#875=EDGE_CURVE('',#1017,#1003,#1255,.T.);
#876=EDGE_CURVE('',#1016,#1004,#1256,.T.);
#877=EDGE_CURVE('',#1015,#1005,#1257,.T.);
#878=EDGE_CURVE('',#1014,#1006,#1258,.T.);
#879=EDGE_CURVE('',#1013,#1007,#1259,.T.);
#880=EDGE_CURVE('',#1012,#1008,#1260,.T.);
#881=EDGE_CURVE('',#1011,#1009,#1261,.T.);
#882=EDGE_CURVE('',#1052,#968,#1262,.T.);
#883=VERTEX_POINT('',#2383);
#884=VERTEX_POINT('',#2384);
#885=VERTEX_POINT('',#2386);
#886=VERTEX_POINT('',#2388);
#887=VERTEX_POINT('',#2392);
#888=VERTEX_POINT('',#2393);
#889=VERTEX_POINT('',#2395);
#890=VERTEX_POINT('',#2397);
#891=VERTEX_POINT('',#2401);
#892=VERTEX_POINT('',#2402);
#893=VERTEX_POINT('',#2404);
#894=VERTEX_POINT('',#2406);
#895=VERTEX_POINT('',#2410);
#896=VERTEX_POINT('',#2411);
#897=VERTEX_POINT('',#2413);
#898=VERTEX_POINT('',#2415);
#899=VERTEX_POINT('',#2419);
#900=VERTEX_POINT('',#2420);
#901=VERTEX_POINT('',#2422);
#902=VERTEX_POINT('',#2424);
#903=VERTEX_POINT('',#2428);
#904=VERTEX_POINT('',#2429);
#905=VERTEX_POINT('',#2431);
#906=VERTEX_POINT('',#2433);
#907=VERTEX_POINT('',#2437);
#908=VERTEX_POINT('',#2438);
#909=VERTEX_POINT('',#2440);
#910=VERTEX_POINT('',#2442);
#911=VERTEX_POINT('',#2446);
#912=VERTEX_POINT('',#2447);
#913=VERTEX_POINT('',#2449);
#914=VERTEX_POINT('',#2451);
#915=VERTEX_POINT('',#2455);
#916=VERTEX_POINT('',#2456);
#917=VERTEX_POINT('',#2458);
#918=VERTEX_POINT('',#2460);
#919=VERTEX_POINT('',#2464);
#920=VERTEX_POINT('',#2465);
#921=VERTEX_POINT('',#2467);
#922=VERTEX_POINT('',#2469);
#923=VERTEX_POINT('',#2473);
#924=VERTEX_POINT('',#2474);
#925=VERTEX_POINT('',#2476);
#926=VERTEX_POINT('',#2478);
#927=VERTEX_POINT('',#2482);
#928=VERTEX_POINT('',#2483);
#929=VERTEX_POINT('',#2485);
#930=VERTEX_POINT('',#2487);
#931=VERTEX_POINT('',#2491);
#932=VERTEX_POINT('',#2492);
#933=VERTEX_POINT('',#2494);
#934=VERTEX_POINT('',#2496);
#935=VERTEX_POINT('',#2500);
#936=VERTEX_POINT('',#2501);
#937=VERTEX_POINT('',#2503);
#938=VERTEX_POINT('',#2505);
#939=VERTEX_POINT('',#2509);
#940=VERTEX_POINT('',#2510);
#941=VERTEX_POINT('',#2512);
#942=VERTEX_POINT('',#2514);
#943=VERTEX_POINT('',#2518);
#944=VERTEX_POINT('',#2519);
#945=VERTEX_POINT('',#2521);
#946=VERTEX_POINT('',#2523);
#947=VERTEX_POINT('',#2527);
#948=VERTEX_POINT('',#2528);
#949=VERTEX_POINT('',#2530);
#950=VERTEX_POINT('',#2532);
#951=VERTEX_POINT('',#2536);
#952=VERTEX_POINT('',#2537);
#953=VERTEX_POINT('',#2539);
#954=VERTEX_POINT('',#2541);
#955=VERTEX_POINT('',#2545);
#956=VERTEX_POINT('',#2546);
#957=VERTEX_POINT('',#2548);
#958=VERTEX_POINT('',#2550);
#959=VERTEX_POINT('',#2554);
#960=VERTEX_POINT('',#2555);
#961=VERTEX_POINT('',#2557);
#962=VERTEX_POINT('',#2559);
#963=VERTEX_POINT('',#2563);
#964=VERTEX_POINT('',#2564);
#965=VERTEX_POINT('',#2566);
#966=VERTEX_POINT('',#2568);
#967=VERTEX_POINT('',#2572);
#968=VERTEX_POINT('',#2574);
#969=VERTEX_POINT('',#2576);
#970=VERTEX_POINT('',#2578);
#971=VERTEX_POINT('',#2581);
#972=VERTEX_POINT('',#2583);
#973=VERTEX_POINT('',#2586);
#974=VERTEX_POINT('',#2588);
#975=VERTEX_POINT('',#2591);
#976=VERTEX_POINT('',#2593);
#977=VERTEX_POINT('',#2596);
#978=VERTEX_POINT('',#2598);
#979=VERTEX_POINT('',#2601);
#980=VERTEX_POINT('',#2603);
#981=VERTEX_POINT('',#2606);
#982=VERTEX_POINT('',#2608);
#983=VERTEX_POINT('',#2611);
#984=VERTEX_POINT('',#2613);
#985=VERTEX_POINT('',#2616);
#986=VERTEX_POINT('',#2618);
#987=VERTEX_POINT('',#2621);
#988=VERTEX_POINT('',#2623);
#989=VERTEX_POINT('',#2626);
#990=VERTEX_POINT('',#2628);
#991=VERTEX_POINT('',#2631);
#992=VERTEX_POINT('',#2633);
#993=VERTEX_POINT('',#2636);
#994=VERTEX_POINT('',#2638);
#995=VERTEX_POINT('',#2641);
#996=VERTEX_POINT('',#2643);
#997=VERTEX_POINT('',#2646);
#998=VERTEX_POINT('',#2648);
#999=VERTEX_POINT('',#2651);
#1000=VERTEX_POINT('',#2653);
#1001=VERTEX_POINT('',#2656);
#1002=VERTEX_POINT('',#2658);
#1003=VERTEX_POINT('',#2661);
#1004=VERTEX_POINT('',#2663);
#1005=VERTEX_POINT('',#2666);
#1006=VERTEX_POINT('',#2668);
#1007=VERTEX_POINT('',#2671);
#1008=VERTEX_POINT('',#2673);
#1009=VERTEX_POINT('',#2676);
#1010=VERTEX_POINT('',#2680);
#1011=VERTEX_POINT('',#2682);
#1012=VERTEX_POINT('',#2684);
#1013=VERTEX_POINT('',#2686);
#1014=VERTEX_POINT('',#2689);
#1015=VERTEX_POINT('',#2691);
#1016=VERTEX_POINT('',#2694);
#1017=VERTEX_POINT('',#2696);
#1018=VERTEX_POINT('',#2699);
#1019=VERTEX_POINT('',#2701);
#1020=VERTEX_POINT('',#2704);
#1021=VERTEX_POINT('',#2706);
#1022=VERTEX_POINT('',#2709);
#1023=VERTEX_POINT('',#2711);
#1024=VERTEX_POINT('',#2714);
#1025=VERTEX_POINT('',#2716);
#1026=VERTEX_POINT('',#2719);
#1027=VERTEX_POINT('',#2721);
#1028=VERTEX_POINT('',#2724);
#1029=VERTEX_POINT('',#2726);
#1030=VERTEX_POINT('',#2729);
#1031=VERTEX_POINT('',#2731);
#1032=VERTEX_POINT('',#2734);
#1033=VERTEX_POINT('',#2736);
#1034=VERTEX_POINT('',#2739);
#1035=VERTEX_POINT('',#2741);
#1036=VERTEX_POINT('',#2744);
#1037=VERTEX_POINT('',#2746);
#1038=VERTEX_POINT('',#2749);
#1039=VERTEX_POINT('',#2751);
#1040=VERTEX_POINT('',#2754);
#1041=VERTEX_POINT('',#2756);
#1042=VERTEX_POINT('',#2759);
#1043=VERTEX_POINT('',#2761);
#1044=VERTEX_POINT('',#2764);
#1045=VERTEX_POINT('',#2766);
#1046=VERTEX_POINT('',#2769);
#1047=VERTEX_POINT('',#2771);
#1048=VERTEX_POINT('',#2774);
#1049=VERTEX_POINT('',#2776);
#1050=VERTEX_POINT('',#2779);
#1051=VERTEX_POINT('',#2781);
#1052=VERTEX_POINT('',#2784);
#1053=LINE('',#2382,#1263);
#1054=LINE('',#2387,#1264);
#1055=LINE('',#2394,#1265);
#1056=LINE('',#2398,#1266);
#1057=LINE('',#2403,#1267);
#1058=LINE('',#2407,#1268);
#1059=LINE('',#2412,#1269);
#1060=LINE('',#2416,#1270);
#1061=LINE('',#2421,#1271);
#1062=LINE('',#2425,#1272);
#1063=LINE('',#2430,#1273);
#1064=LINE('',#2434,#1274);
#1065=LINE('',#2439,#1275);
#1066=LINE('',#2443,#1276);
#1067=LINE('',#2448,#1277);
#1068=LINE('',#2452,#1278);
#1069=LINE('',#2457,#1279);
#1070=LINE('',#2461,#1280);
#1071=LINE('',#2466,#1281);
#1072=LINE('',#2470,#1282);
#1073=LINE('',#2475,#1283);
#1074=LINE('',#2479,#1284);
#1075=LINE('',#2484,#1285);
#1076=LINE('',#2488,#1286);
#1077=LINE('',#2493,#1287);
#1078=LINE('',#2497,#1288);
#1079=LINE('',#2502,#1289);
#1080=LINE('',#2506,#1290);
#1081=LINE('',#2511,#1291);
#1082=LINE('',#2515,#1292);
#1083=LINE('',#2520,#1293);
#1084=LINE('',#2524,#1294);
#1085=LINE('',#2529,#1295);
#1086=LINE('',#2533,#1296);
#1087=LINE('',#2538,#1297);
#1088=LINE('',#2542,#1298);
#1089=LINE('',#2547,#1299);
#1090=LINE('',#2551,#1300);
#1091=LINE('',#2556,#1301);
#1092=LINE('',#2560,#1302);
#1093=LINE('',#2565,#1303);
#1094=LINE('',#2569,#1304);
#1095=LINE('',#2573,#1305);
#1096=LINE('',#2575,#1306);
#1097=LINE('',#2577,#1307);
#1098=LINE('',#2579,#1308);
#1099=LINE('',#2580,#1309);
#1100=LINE('',#2582,#1310);
#1101=LINE('',#2584,#1311);
#1102=LINE('',#2585,#1312);
#1103=LINE('',#2587,#1313);
#1104=LINE('',#2589,#1314);
#1105=LINE('',#2590,#1315);
#1106=LINE('',#2592,#1316);
#1107=LINE('',#2594,#1317);
#1108=LINE('',#2595,#1318);
#1109=LINE('',#2597,#1319);
#1110=LINE('',#2599,#1320);
#1111=LINE('',#2600,#1321);
#1112=LINE('',#2602,#1322);
#1113=LINE('',#2604,#1323);
#1114=LINE('',#2605,#1324);
#1115=LINE('',#2607,#1325);
#1116=LINE('',#2609,#1326);
#1117=LINE('',#2610,#1327);
#1118=LINE('',#2612,#1328);
#1119=LINE('',#2614,#1329);
#1120=LINE('',#2615,#1330);
#1121=LINE('',#2617,#1331);
#1122=LINE('',#2619,#1332);
#1123=LINE('',#2620,#1333);
#1124=LINE('',#2622,#1334);
#1125=LINE('',#2624,#1335);
#1126=LINE('',#2625,#1336);
#1127=LINE('',#2627,#1337);
#1128=LINE('',#2629,#1338);
#1129=LINE('',#2630,#1339);
#1130=LINE('',#2632,#1340);
#1131=LINE('',#2634,#1341);
#1132=LINE('',#2635,#1342);
#1133=LINE('',#2637,#1343);
#1134=LINE('',#2639,#1344);
#1135=LINE('',#2640,#1345);
#1136=LINE('',#2642,#1346);
#1137=LINE('',#2644,#1347);
#1138=LINE('',#2645,#1348);
#1139=LINE('',#2647,#1349);
#1140=LINE('',#2649,#1350);
#1141=LINE('',#2650,#1351);
#1142=LINE('',#2652,#1352);
#1143=LINE('',#2654,#1353);
#1144=LINE('',#2655,#1354);
#1145=LINE('',#2657,#1355);
#1146=LINE('',#2659,#1356);
#1147=LINE('',#2660,#1357);
#1148=LINE('',#2662,#1358);
#1149=LINE('',#2664,#1359);
#1150=LINE('',#2665,#1360);
#1151=LINE('',#2667,#1361);
#1152=LINE('',#2669,#1362);
#1153=LINE('',#2670,#1363);
#1154=LINE('',#2672,#1364);
#1155=LINE('',#2674,#1365);
#1156=LINE('',#2675,#1366);
#1157=LINE('',#2677,#1367);
#1158=LINE('',#2681,#1368);
#1159=LINE('',#2683,#1369);
#1160=LINE('',#2685,#1370);
#1161=LINE('',#2687,#1371);
#1162=LINE('',#2688,#1372);
#1163=LINE('',#2690,#1373);
#1164=LINE('',#2692,#1374);
#1165=LINE('',#2693,#1375);
#1166=LINE('',#2695,#1376);
#1167=LINE('',#2697,#1377);
#1168=LINE('',#2698,#1378);
#1169=LINE('',#2700,#1379);
#1170=LINE('',#2702,#1380);
#1171=LINE('',#2703,#1381);
#1172=LINE('',#2705,#1382);
#1173=LINE('',#2707,#1383);
#1174=LINE('',#2708,#1384);
#1175=LINE('',#2710,#1385);
#1176=LINE('',#2712,#1386);
#1177=LINE('',#2713,#1387);
#1178=LINE('',#2715,#1388);
#1179=LINE('',#2717,#1389);
#1180=LINE('',#2718,#1390);
#1181=LINE('',#2720,#1391);
#1182=LINE('',#2722,#1392);
#1183=LINE('',#2723,#1393);
#1184=LINE('',#2725,#1394);
#1185=LINE('',#2727,#1395);
#1186=LINE('',#2728,#1396);
#1187=LINE('',#2730,#1397);
#1188=LINE('',#2732,#1398);
#1189=LINE('',#2733,#1399);
#1190=LINE('',#2735,#1400);
#1191=LINE('',#2737,#1401);
#1192=LINE('',#2738,#1402);
#1193=LINE('',#2740,#1403);
#1194=LINE('',#2742,#1404);
#1195=LINE('',#2743,#1405);
#1196=LINE('',#2745,#1406);
#1197=LINE('',#2747,#1407);
#1198=LINE('',#2748,#1408);
#1199=LINE('',#2750,#1409);
#1200=LINE('',#2752,#1410);
#1201=LINE('',#2753,#1411);
#1202=LINE('',#2755,#1412);
#1203=LINE('',#2757,#1413);
#1204=LINE('',#2758,#1414);
#1205=LINE('',#2760,#1415);
#1206=LINE('',#2762,#1416);
#1207=LINE('',#2763,#1417);
#1208=LINE('',#2765,#1418);
#1209=LINE('',#2767,#1419);
#1210=LINE('',#2768,#1420);
#1211=LINE('',#2770,#1421);
#1212=LINE('',#2772,#1422);
#1213=LINE('',#2773,#1423);
#1214=LINE('',#2775,#1424);
#1215=LINE('',#2777,#1425);
#1216=LINE('',#2778,#1426);
#1217=LINE('',#2780,#1427);
#1218=LINE('',#2782,#1428);
#1219=LINE('',#2783,#1429);
#1220=LINE('',#2785,#1430);
#1221=LINE('',#2787,#1431);
#1222=LINE('',#2789,#1432);
#1223=LINE('',#2792,#1433);
#1224=LINE('',#2794,#1434);
#1225=LINE('',#2797,#1435);
#1226=LINE('',#2799,#1436);
#1227=LINE('',#2802,#1437);
#1228=LINE('',#2804,#1438);
#1229=LINE('',#2807,#1439);
#1230=LINE('',#2809,#1440);
#1231=LINE('',#2812,#1441);
#1232=LINE('',#2814,#1442);
#1233=LINE('',#2817,#1443);
#1234=LINE('',#2819,#1444);
#1235=LINE('',#2822,#1445);
#1236=LINE('',#2824,#1446);
#1237=LINE('',#2827,#1447);
#1238=LINE('',#2829,#1448);
#1239=LINE('',#2832,#1449);
#1240=LINE('',#2834,#1450);
#1241=LINE('',#2837,#1451);
#1242=LINE('',#2839,#1452);
#1243=LINE('',#2842,#1453);
#1244=LINE('',#2844,#1454);
#1245=LINE('',#2847,#1455);
#1246=LINE('',#2849,#1456);
#1247=LINE('',#2852,#1457);
#1248=LINE('',#2854,#1458);
#1249=LINE('',#2857,#1459);
#1250=LINE('',#2859,#1460);
#1251=LINE('',#2862,#1461);
#1252=LINE('',#2864,#1462);
#1253=LINE('',#2867,#1463);
#1254=LINE('',#2869,#1464);
#1255=LINE('',#2872,#1465);
#1256=LINE('',#2874,#1466);
#1257=LINE('',#2877,#1467);
#1258=LINE('',#2879,#1468);
#1259=LINE('',#2882,#1469);
#1260=LINE('',#2884,#1470);
#1261=LINE('',#2887,#1471);
#1262=LINE('',#2889,#1472);
#1263=VECTOR('',#1910,1.);
#1264=VECTOR('',#1913,1.);
#1265=VECTOR('',#1920,1.);
#1266=VECTOR('',#1923,1.);
#1267=VECTOR('',#1928,1.);
#1268=VECTOR('',#1931,1.);
#1269=VECTOR('',#1936,1.);
#1270=VECTOR('',#1939,1.);
#1271=VECTOR('',#1944,1.);
#1272=VECTOR('',#1947,1.);
#1273=VECTOR('',#1952,1.);
#1274=VECTOR('',#1955,1.);
#1275=VECTOR('',#1960,1.);
#1276=VECTOR('',#1963,1.);
#1277=VECTOR('',#1968,1.);
#1278=VECTOR('',#1971,1.);
#1279=VECTOR('',#1976,1.);
#1280=VECTOR('',#1979,1.);
#1281=VECTOR('',#1984,1.);
#1282=VECTOR('',#1987,1.);
#1283=VECTOR('',#1992,1.);
#1284=VECTOR('',#1995,1.);
#1285=VECTOR('',#2000,1.);
#1286=VECTOR('',#2003,1.);
#1287=VECTOR('',#2008,1.);
#1288=VECTOR('',#2011,1.);
#1289=VECTOR('',#2016,1.);
#1290=VECTOR('',#2019,1.);
#1291=VECTOR('',#2024,1.);
#1292=VECTOR('',#2027,1.);
#1293=VECTOR('',#2032,1.);
#1294=VECTOR('',#2035,1.);
#1295=VECTOR('',#2040,1.);
#1296=VECTOR('',#2043,1.);
#1297=VECTOR('',#2048,1.);
#1298=VECTOR('',#2051,1.);
#1299=VECTOR('',#2056,1.);
#1300=VECTOR('',#2059,1.);
#1301=VECTOR('',#2064,1.);
#1302=VECTOR('',#2067,1.);
#1303=VECTOR('',#2072,1.);
#1304=VECTOR('',#2075,1.);
#1305=VECTOR('',#2080,1.);
#1306=VECTOR('',#2081,1.);
#1307=VECTOR('',#2082,1.);
#1308=VECTOR('',#2083,1.);
#1309=VECTOR('',#2084,1.);
#1310=VECTOR('',#2085,1.);
#1311=VECTOR('',#2086,1.);
#1312=VECTOR('',#2087,1.);
#1313=VECTOR('',#2088,1.);
#1314=VECTOR('',#2089,1.);
#1315=VECTOR('',#2090,1.);
#1316=VECTOR('',#2091,1.);
#1317=VECTOR('',#2092,1.);
#1318=VECTOR('',#2093,1.);
#1319=VECTOR('',#2094,1.);
#1320=VECTOR('',#2095,1.);
#1321=VECTOR('',#2096,1.);
#1322=VECTOR('',#2097,1.);
#1323=VECTOR('',#2098,1.);
#1324=VECTOR('',#2099,1.);
#1325=VECTOR('',#2100,1.);
#1326=VECTOR('',#2101,1.);
#1327=VECTOR('',#2102,1.);
#1328=VECTOR('',#2103,1.);
#1329=VECTOR('',#2104,1.);
#1330=VECTOR('',#2105,1.);
#1331=VECTOR('',#2106,1.);
#1332=VECTOR('',#2107,1.);
#1333=VECTOR('',#2108,1.);
#1334=VECTOR('',#2109,1.);
#1335=VECTOR('',#2110,1.);
#1336=VECTOR('',#2111,1.);
#1337=VECTOR('',#2112,1.);
#1338=VECTOR('',#2113,1.);
#1339=VECTOR('',#2114,1.);
#1340=VECTOR('',#2115,1.);
#1341=VECTOR('',#2116,1.);
#1342=VECTOR('',#2117,1.);
#1343=VECTOR('',#2118,1.);
#1344=VECTOR('',#2119,1.);
#1345=VECTOR('',#2120,1.);
#1346=VECTOR('',#2121,1.);
#1347=VECTOR('',#2122,1.);
#1348=VECTOR('',#2123,1.);
#1349=VECTOR('',#2124,1.);
#1350=VECTOR('',#2125,1.);
#1351=VECTOR('',#2126,1.);
#1352=VECTOR('',#2127,1.);
#1353=VECTOR('',#2128,1.);
#1354=VECTOR('',#2129,1.);
#1355=VECTOR('',#2130,1.);
#1356=VECTOR('',#2131,1.);
#1357=VECTOR('',#2132,1.);
#1358=VECTOR('',#2133,1.);
#1359=VECTOR('',#2134,1.);
#1360=VECTOR('',#2135,1.);
#1361=VECTOR('',#2136,1.);
#1362=VECTOR('',#2137,1.);
#1363=VECTOR('',#2138,1.);
#1364=VECTOR('',#2139,1.);
#1365=VECTOR('',#2140,1.);
#1366=VECTOR('',#2141,1.);
#1367=VECTOR('',#2142,1.);
#1368=VECTOR('',#2147,1.);
#1369=VECTOR('',#2148,1.);
#1370=VECTOR('',#2149,1.);
#1371=VECTOR('',#2150,1.);
#1372=VECTOR('',#2151,1.);
#1373=VECTOR('',#2152,1.);
#1374=VECTOR('',#2153,1.);
#1375=VECTOR('',#2154,1.);
#1376=VECTOR('',#2155,1.);
#1377=VECTOR('',#2156,1.);
#1378=VECTOR('',#2157,1.);
#1379=VECTOR('',#2158,1.);
#1380=VECTOR('',#2159,1.);
#1381=VECTOR('',#2160,1.);
#1382=VECTOR('',#2161,1.);
#1383=VECTOR('',#2162,1.);
#1384=VECTOR('',#2163,1.);
#1385=VECTOR('',#2164,1.);
#1386=VECTOR('',#2165,1.);
#1387=VECTOR('',#2166,1.);
#1388=VECTOR('',#2167,1.);
#1389=VECTOR('',#2168,1.);
#1390=VECTOR('',#2169,1.);
#1391=VECTOR('',#2170,1.);
#1392=VECTOR('',#2171,1.);
#1393=VECTOR('',#2172,1.);
#1394=VECTOR('',#2173,1.);
#1395=VECTOR('',#2174,1.);
#1396=VECTOR('',#2175,1.);
#1397=VECTOR('',#2176,1.);
#1398=VECTOR('',#2177,1.);
#1399=VECTOR('',#2178,1.);
#1400=VECTOR('',#2179,1.);
#1401=VECTOR('',#2180,1.);
#1402=VECTOR('',#2181,1.);
#1403=VECTOR('',#2182,1.);
#1404=VECTOR('',#2183,1.);
#1405=VECTOR('',#2184,1.);
#1406=VECTOR('',#2185,1.);
#1407=VECTOR('',#2186,1.);
#1408=VECTOR('',#2187,1.);
#1409=VECTOR('',#2188,1.);
#1410=VECTOR('',#2189,1.);
#1411=VECTOR('',#2190,1.);
#1412=VECTOR('',#2191,1.);
#1413=VECTOR('',#2192,1.);
#1414=VECTOR('',#2193,1.);
#1415=VECTOR('',#2194,1.);
#1416=VECTOR('',#2195,1.);
#1417=VECTOR('',#2196,1.);
#1418=VECTOR('',#2197,1.);
#1419=VECTOR('',#2198,1.);
#1420=VECTOR('',#2199,1.);
#1421=VECTOR('',#2200,1.);
#1422=VECTOR('',#2201,1.);
#1423=VECTOR('',#2202,1.);
#1424=VECTOR('',#2203,1.);
#1425=VECTOR('',#2204,1.);
#1426=VECTOR('',#2205,1.);
#1427=VECTOR('',#2206,1.);
#1428=VECTOR('',#2207,1.);
#1429=VECTOR('',#2208,1.);
#1430=VECTOR('',#2209,1.);
#1431=VECTOR('',#2212,1.);
#1432=VECTOR('',#2215,1.);
#1433=VECTOR('',#2220,1.);
#1434=VECTOR('',#2223,1.);
#1435=VECTOR('',#2228,1.);
#1436=VECTOR('',#2231,1.);
#1437=VECTOR('',#2236,1.);
#1438=VECTOR('',#2239,1.);
#1439=VECTOR('',#2244,1.);
#1440=VECTOR('',#2247,1.);
#1441=VECTOR('',#2252,1.);
#1442=VECTOR('',#2255,1.);
#1443=VECTOR('',#2260,1.);
#1444=VECTOR('',#2263,1.);
#1445=VECTOR('',#2268,1.);
#1446=VECTOR('',#2271,1.);
#1447=VECTOR('',#2276,1.);
#1448=VECTOR('',#2279,1.);
#1449=VECTOR('',#2284,1.);
#1450=VECTOR('',#2287,1.);
#1451=VECTOR('',#2292,1.);
#1452=VECTOR('',#2295,1.);
#1453=VECTOR('',#2300,1.);
#1454=VECTOR('',#2303,1.);
#1455=VECTOR('',#2308,1.);
#1456=VECTOR('',#2311,1.);
#1457=VECTOR('',#2316,1.);
#1458=VECTOR('',#2319,1.);
#1459=VECTOR('',#2324,1.);
#1460=VECTOR('',#2327,1.);
#1461=VECTOR('',#2332,1.);
#1462=VECTOR('',#2335,1.);
#1463=VECTOR('',#2340,1.);
#1464=VECTOR('',#2343,1.);
#1465=VECTOR('',#2348,1.);
#1466=VECTOR('',#2351,1.);
#1467=VECTOR('',#2356,1.);
#1468=VECTOR('',#2359,1.);
#1469=VECTOR('',#2364,1.);
#1470=VECTOR('',#2367,1.);
#1471=VECTOR('',#2372,1.);
#1472=VECTOR('',#2375,1.);
#1473=EDGE_LOOP('',(#121,#122,#123,#124));
#1474=EDGE_LOOP('',(#125,#126,#127,#128));
#1475=EDGE_LOOP('',(#129,#130,#131,#132));
#1476=EDGE_LOOP('',(#133,#134,#135,#136));
#1477=EDGE_LOOP('',(#137,#138,#139,#140));
#1478=EDGE_LOOP('',(#141,#142,#143,#144));
#1479=EDGE_LOOP('',(#145,#146,#147,#148));
#1480=EDGE_LOOP('',(#149,#150,#151,#152));
#1481=EDGE_LOOP('',(#153,#154,#155,#156));
#1482=EDGE_LOOP('',(#157,#158,#159,#160));
#1483=EDGE_LOOP('',(#161,#162,#163,#164));
#1484=EDGE_LOOP('',(#165,#166,#167,#168));
#1485=EDGE_LOOP('',(#169,#170,#171,#172));
#1486=EDGE_LOOP('',(#173,#174,#175,#176));
#1487=EDGE_LOOP('',(#177,#178,#179,#180));
#1488=EDGE_LOOP('',(#181,#182,#183,#184));
#1489=EDGE_LOOP('',(#185,#186,#187,#188));
#1490=EDGE_LOOP('',(#189,#190,#191,#192));
#1491=EDGE_LOOP('',(#193,#194,#195,#196));
#1492=EDGE_LOOP('',(#197,#198,#199,#200));
#1493=EDGE_LOOP('',(#201,#202,#203,#204));
#1494=EDGE_LOOP('',(#205));
#1495=EDGE_LOOP('',(#206,#207,#208,#209,#210,#211,#212,#213,#214,#215,#216,
#217,#218,#219,#220,#221,#222,#223,#224,#225,#226,#227,#228,#229,#230,#231,
#232,#233,#234,#235,#236,#237,#238,#239,#240,#241,#242,#243,#244,#245,#246,
#247,#248,#249,#250,#251,#252,#253,#254,#255,#256,#257,#258,#259,#260,#261,
#262,#263,#264,#265,#266,#267,#268,#269,#270,#271,#272,#273,#274,#275,#276,
#277,#278,#279,#280,#281,#282,#283,#284,#285,#286,#287,#288,#289));
#1496=EDGE_LOOP('',(#290));
#1497=EDGE_LOOP('',(#291,#292,#293,#294,#295,#296,#297,#298,#299,#300,#301,
#302,#303,#304,#305,#306,#307,#308,#309,#310,#311,#312,#313,#314,#315,#316,
#317,#318,#319,#320,#321,#322,#323,#324,#325,#326,#327,#328,#329,#330,#331,
#332,#333,#334,#335,#336,#337,#338,#339,#340,#341,#342,#343,#344,#345,#346,
#347,#348,#349,#350,#351,#352,#353,#354,#355,#356,#357,#358,#359,#360,#361,
#362,#363,#364,#365,#366,#367,#368,#369,#370,#371,#372,#373,#374));
#1498=EDGE_LOOP('',(#375,#376,#377,#378));
#1499=EDGE_LOOP('',(#379,#380,#381,#382));
#1500=EDGE_LOOP('',(#383,#384,#385,#386));
#1501=EDGE_LOOP('',(#387,#388,#389,#390));
#1502=EDGE_LOOP('',(#391,#392,#393,#394));
#1503=EDGE_LOOP('',(#395,#396,#397,#398));
#1504=EDGE_LOOP('',(#399,#400,#401,#402));
#1505=EDGE_LOOP('',(#403,#404,#405,#406));
#1506=EDGE_LOOP('',(#407,#408,#409,#410));
#1507=EDGE_LOOP('',(#411,#412,#413,#414));
#1508=EDGE_LOOP('',(#415,#416,#417,#418));
#1509=EDGE_LOOP('',(#419,#420,#421,#422));
#1510=EDGE_LOOP('',(#423,#424,#425,#426));
#1511=EDGE_LOOP('',(#427,#428,#429,#430));
#1512=EDGE_LOOP('',(#431,#432,#433,#434));
#1513=EDGE_LOOP('',(#435,#436,#437,#438));
#1514=EDGE_LOOP('',(#439,#440,#441,#442));
#1515=EDGE_LOOP('',(#443,#444,#445,#446));
#1516=EDGE_LOOP('',(#447,#448,#449,#450));
#1517=EDGE_LOOP('',(#451,#452,#453,#454));
#1518=EDGE_LOOP('',(#455,#456,#457,#458));
#1519=EDGE_LOOP('',(#459,#460,#461,#462));
#1520=EDGE_LOOP('',(#463,#464,#465,#466));
#1521=EDGE_LOOP('',(#467,#468,#469,#470));
#1522=EDGE_LOOP('',(#471,#472,#473,#474));
#1523=EDGE_LOOP('',(#475,#476,#477,#478));
#1524=EDGE_LOOP('',(#479,#480,#481,#482));
#1525=EDGE_LOOP('',(#483,#484,#485,#486));
#1526=EDGE_LOOP('',(#487,#488,#489,#490));
#1527=EDGE_LOOP('',(#491,#492,#493,#494));
#1528=EDGE_LOOP('',(#495,#496,#497,#498));
#1529=EDGE_LOOP('',(#499,#500,#501,#502));
#1530=EDGE_LOOP('',(#503,#504,#505,#506));
#1531=EDGE_LOOP('',(#507,#508,#509,#510));
#1532=EDGE_LOOP('',(#511,#512,#513,#514));
#1533=EDGE_LOOP('',(#515,#516,#517,#518));
#1534=EDGE_LOOP('',(#519,#520,#521,#522));
#1535=EDGE_LOOP('',(#523,#524,#525,#526));
#1536=EDGE_LOOP('',(#527,#528,#529,#530));
#1537=EDGE_LOOP('',(#531,#532,#533,#534));
#1538=EDGE_LOOP('',(#535,#536,#537,#538));
#1539=EDGE_LOOP('',(#539,#540,#541,#542));
#1540=EDGE_LOOP('',(#543,#544,#545,#546));
#1541=EDGE_LOOP('',(#547,#548,#549,#550));
#1542=EDGE_LOOP('',(#551,#552,#553,#554));
#1543=EDGE_LOOP('',(#555,#556,#557,#558));
#1544=EDGE_LOOP('',(#559,#560,#561,#562));
#1545=EDGE_LOOP('',(#563,#564,#565,#566));
#1546=EDGE_LOOP('',(#567,#568,#569,#570));
#1547=EDGE_LOOP('',(#571,#572,#573,#574));
#1548=EDGE_LOOP('',(#575,#576,#577,#578));
#1549=EDGE_LOOP('',(#579,#580,#581,#582));
#1550=EDGE_LOOP('',(#583,#584,#585,#586));
#1551=EDGE_LOOP('',(#587,#588,#589,#590));
#1552=EDGE_LOOP('',(#591,#592,#593,#594));
#1553=EDGE_LOOP('',(#595,#596,#597,#598));
#1554=EDGE_LOOP('',(#599,#600,#601,#602));
#1555=EDGE_LOOP('',(#603,#604,#605,#606));
#1556=EDGE_LOOP('',(#607,#608,#609,#610));
#1557=EDGE_LOOP('',(#611,#612,#613,#614));
#1558=EDGE_LOOP('',(#615,#616,#617,#618));
#1559=EDGE_LOOP('',(#619,#620,#621,#622));
#1560=EDGE_LOOP('',(#623,#624,#625,#626));
#1561=EDGE_LOOP('',(#627));
#1562=EDGE_LOOP('',(#628));
#1563=FACE_BOUND('',#1473,.T.);
#1564=FACE_BOUND('',#1474,.T.);
#1565=FACE_BOUND('',#1475,.T.);
#1566=FACE_BOUND('',#1476,.T.);
#1567=FACE_BOUND('',#1477,.T.);
#1568=FACE_BOUND('',#1478,.T.);
#1569=FACE_BOUND('',#1479,.T.);
#1570=FACE_BOUND('',#1480,.T.);
#1571=FACE_BOUND('',#1481,.T.);
#1572=FACE_BOUND('',#1482,.T.);
#1573=FACE_BOUND('',#1483,.T.);
#1574=FACE_BOUND('',#1484,.T.);
#1575=FACE_BOUND('',#1485,.T.);
#1576=FACE_BOUND('',#1486,.T.);
#1577=FACE_BOUND('',#1487,.T.);
#1578=FACE_BOUND('',#1488,.T.);
#1579=FACE_BOUND('',#1489,.T.);
#1580=FACE_BOUND('',#1490,.T.);
#1581=FACE_BOUND('',#1491,.T.);
#1582=FACE_BOUND('',#1492,.T.);
#1583=FACE_BOUND('',#1493,.T.);
#1584=FACE_BOUND('',#1494,.T.);
#1585=FACE_BOUND('',#1495,.T.);
#1586=FACE_BOUND('',#1496,.T.);
#1587=FACE_BOUND('',#1497,.T.);
#1588=FACE_BOUND('',#1498,.T.);
#1589=FACE_BOUND('',#1499,.T.);
#1590=FACE_BOUND('',#1500,.T.);
#1591=FACE_BOUND('',#1501,.T.);
#1592=FACE_BOUND('',#1502,.T.);
#1593=FACE_BOUND('',#1503,.T.);
#1594=FACE_BOUND('',#1504,.T.);
#1595=FACE_BOUND('',#1505,.T.);
#1596=FACE_BOUND('',#1506,.T.);
#1597=FACE_BOUND('',#1507,.T.);
#1598=FACE_BOUND('',#1508,.T.);
#1599=FACE_BOUND('',#1509,.T.);
#1600=FACE_BOUND('',#1510,.T.);
#1601=FACE_BOUND('',#1511,.T.);
#1602=FACE_BOUND('',#1512,.T.);
#1603=FACE_BOUND('',#1513,.T.);
#1604=FACE_BOUND('',#1514,.T.);
#1605=FACE_BOUND('',#1515,.T.);
#1606=FACE_BOUND('',#1516,.T.);
#1607=FACE_BOUND('',#1517,.T.);
#1608=FACE_BOUND('',#1518,.T.);
#1609=FACE_BOUND('',#1519,.T.);
#1610=FACE_BOUND('',#1520,.T.);
#1611=FACE_BOUND('',#1521,.T.);
#1612=FACE_BOUND('',#1522,.T.);
#1613=FACE_BOUND('',#1523,.T.);
#1614=FACE_BOUND('',#1524,.T.);
#1615=FACE_BOUND('',#1525,.T.);
#1616=FACE_BOUND('',#1526,.T.);
#1617=FACE_BOUND('',#1527,.T.);
#1618=FACE_BOUND('',#1528,.T.);
#1619=FACE_BOUND('',#1529,.T.);
#1620=FACE_BOUND('',#1530,.T.);
#1621=FACE_BOUND('',#1531,.T.);
#1622=FACE_BOUND('',#1532,.T.);
#1623=FACE_BOUND('',#1533,.T.);
#1624=FACE_BOUND('',#1534,.T.);
#1625=FACE_BOUND('',#1535,.T.);
#1626=FACE_BOUND('',#1536,.T.);
#1627=FACE_BOUND('',#1537,.T.);
#1628=FACE_BOUND('',#1538,.T.);
#1629=FACE_BOUND('',#1539,.T.);
#1630=FACE_BOUND('',#1540,.T.);
#1631=FACE_BOUND('',#1541,.T.);
#1632=FACE_BOUND('',#1542,.T.);
#1633=FACE_BOUND('',#1543,.T.);
#1634=FACE_BOUND('',#1544,.T.);
#1635=FACE_BOUND('',#1545,.T.);
#1636=FACE_BOUND('',#1546,.T.);
#1637=FACE_BOUND('',#1547,.T.);
#1638=FACE_BOUND('',#1548,.T.);
#1639=FACE_BOUND('',#1549,.T.);
#1640=FACE_BOUND('',#1550,.T.);
#1641=FACE_BOUND('',#1551,.T.);
#1642=FACE_BOUND('',#1552,.T.);
#1643=FACE_BOUND('',#1553,.T.);
#1644=FACE_BOUND('',#1554,.T.);
#1645=FACE_BOUND('',#1555,.T.);
#1646=FACE_BOUND('',#1556,.T.);
#1647=FACE_BOUND('',#1557,.T.);
#1648=FACE_BOUND('',#1558,.T.);
#1649=FACE_BOUND('',#1559,.T.);
#1650=FACE_BOUND('',#1560,.T.);
#1651=FACE_BOUND('',#1561,.T.);
#1652=FACE_BOUND('',#1562,.T.);
#1653=CYLINDRICAL_SURFACE('',#1775,0.0024);
#1654=CYLINDRICAL_SURFACE('',#1778,0.0024);
#1655=CYLINDRICAL_SURFACE('',#1781,0.0024);
#1656=CYLINDRICAL_SURFACE('',#1784,0.0024);
#1657=CYLINDRICAL_SURFACE('',#1787,0.0024);
#1658=CYLINDRICAL_SURFACE('',#1790,0.0024);
#1659=CYLINDRICAL_SURFACE('',#1793,0.0024);
#1660=CYLINDRICAL_SURFACE('',#1796,0.0024);
#1661=CYLINDRICAL_SURFACE('',#1799,0.0024);
#1662=CYLINDRICAL_SURFACE('',#1802,0.0024);
#1663=CYLINDRICAL_SURFACE('',#1805,0.0024);
#1664=CYLINDRICAL_SURFACE('',#1808,0.0024);
#1665=CYLINDRICAL_SURFACE('',#1811,0.0024);
#1666=CYLINDRICAL_SURFACE('',#1814,0.0024);
#1667=CYLINDRICAL_SURFACE('',#1817,0.0024);
#1668=CYLINDRICAL_SURFACE('',#1820,0.0024);
#1669=CYLINDRICAL_SURFACE('',#1823,0.0024);
#1670=CYLINDRICAL_SURFACE('',#1826,0.0024);
#1671=CYLINDRICAL_SURFACE('',#1829,0.0024);
#1672=CYLINDRICAL_SURFACE('',#1832,0.0024);
#1673=CYLINDRICAL_SURFACE('',#1835,0.0024);
#1674=CYLINDRICAL_SURFACE('',#1905,0.00125);
#1675=ADVANCED_FACE('',(#1563),#1653,.T.);
#1676=ADVANCED_FACE('',(#1564),#1654,.T.);
#1677=ADVANCED_FACE('',(#1565),#1655,.T.);
#1678=ADVANCED_FACE('',(#1566),#1656,.T.);
#1679=ADVANCED_FACE('',(#1567),#1657,.T.);
#1680=ADVANCED_FACE('',(#1568),#1658,.T.);
#1681=ADVANCED_FACE('',(#1569),#1659,.T.);
#1682=ADVANCED_FACE('',(#1570),#1660,.T.);
#1683=ADVANCED_FACE('',(#1571),#1661,.T.);
#1684=ADVANCED_FACE('',(#1572),#1662,.T.);
#1685=ADVANCED_FACE('',(#1573),#1663,.T.);
#1686=ADVANCED_FACE('',(#1574),#1664,.T.);
#1687=ADVANCED_FACE('',(#1575),#1665,.T.);
#1688=ADVANCED_FACE('',(#1576),#1666,.T.);
#1689=ADVANCED_FACE('',(#1577),#1667,.T.);
#1690=ADVANCED_FACE('',(#1578),#1668,.T.);
#1691=ADVANCED_FACE('',(#1579),#1669,.T.);
#1692=ADVANCED_FACE('',(#1580),#1670,.T.);
#1693=ADVANCED_FACE('',(#1581),#1671,.T.);
#1694=ADVANCED_FACE('',(#1582),#1672,.T.);
#1695=ADVANCED_FACE('',(#1583),#1673,.T.);
#1696=ADVANCED_FACE('',(#1584,#1585),#12,.T.);
#1697=ADVANCED_FACE('',(#1586,#1587),#13,.F.);
#1698=ADVANCED_FACE('',(#1588),#14,.F.);
#1699=ADVANCED_FACE('',(#1589),#15,.T.);
#1700=ADVANCED_FACE('',(#1590),#16,.T.);
#1701=ADVANCED_FACE('',(#1591),#17,.F.);
#1702=ADVANCED_FACE('',(#1592),#18,.T.);
#1703=ADVANCED_FACE('',(#1593),#19,.T.);
#1704=ADVANCED_FACE('',(#1594),#20,.F.);
#1705=ADVANCED_FACE('',(#1595),#21,.T.);
#1706=ADVANCED_FACE('',(#1596),#22,.T.);
#1707=ADVANCED_FACE('',(#1597),#23,.F.);
#1708=ADVANCED_FACE('',(#1598),#24,.T.);
#1709=ADVANCED_FACE('',(#1599),#25,.T.);
#1710=ADVANCED_FACE('',(#1600),#26,.F.);
#1711=ADVANCED_FACE('',(#1601),#27,.T.);
#1712=ADVANCED_FACE('',(#1602),#28,.T.);
#1713=ADVANCED_FACE('',(#1603),#29,.F.);
#1714=ADVANCED_FACE('',(#1604),#30,.T.);
#1715=ADVANCED_FACE('',(#1605),#31,.T.);
#1716=ADVANCED_FACE('',(#1606),#32,.F.);
#1717=ADVANCED_FACE('',(#1607),#33,.T.);
#1718=ADVANCED_FACE('',(#1608),#34,.T.);
#1719=ADVANCED_FACE('',(#1609),#35,.F.);
#1720=ADVANCED_FACE('',(#1610),#36,.T.);
#1721=ADVANCED_FACE('',(#1611),#37,.T.);
#1722=ADVANCED_FACE('',(#1612),#38,.F.);
#1723=ADVANCED_FACE('',(#1613),#39,.T.);
#1724=ADVANCED_FACE('',(#1614),#40,.T.);
#1725=ADVANCED_FACE('',(#1615),#41,.F.);
#1726=ADVANCED_FACE('',(#1616),#42,.T.);
#1727=ADVANCED_FACE('',(#1617),#43,.T.);
#1728=ADVANCED_FACE('',(#1618),#44,.F.);
#1729=ADVANCED_FACE('',(#1619),#45,.T.);
#1730=ADVANCED_FACE('',(#1620),#46,.T.);
#1731=ADVANCED_FACE('',(#1621),#47,.F.);
#1732=ADVANCED_FACE('',(#1622),#48,.T.);
#1733=ADVANCED_FACE('',(#1623),#49,.T.);
#1734=ADVANCED_FACE('',(#1624),#50,.F.);
#1735=ADVANCED_FACE('',(#1625),#51,.T.);
#1736=ADVANCED_FACE('',(#1626),#52,.T.);
#1737=ADVANCED_FACE('',(#1627),#53,.F.);
#1738=ADVANCED_FACE('',(#1628),#54,.T.);
#1739=ADVANCED_FACE('',(#1629),#55,.T.);
#1740=ADVANCED_FACE('',(#1630),#56,.F.);
#1741=ADVANCED_FACE('',(#1631),#57,.T.);
#1742=ADVANCED_FACE('',(#1632),#58,.T.);
#1743=ADVANCED_FACE('',(#1633),#59,.F.);
#1744=ADVANCED_FACE('',(#1634),#60,.T.);
#1745=ADVANCED_FACE('',(#1635),#61,.T.);
#1746=ADVANCED_FACE('',(#1636),#62,.F.);
#1747=ADVANCED_FACE('',(#1637),#63,.T.);
#1748=ADVANCED_FACE('',(#1638),#64,.T.);
#1749=ADVANCED_FACE('',(#1639),#65,.F.);
#1750=ADVANCED_FACE('',(#1640),#66,.T.);
#1751=ADVANCED_FACE('',(#1641),#67,.T.);
#1752=ADVANCED_FACE('',(#1642),#68,.F.);
#1753=ADVANCED_FACE('',(#1643),#69,.T.);
#1754=ADVANCED_FACE('',(#1644),#70,.T.);
#1755=ADVANCED_FACE('',(#1645),#71,.F.);
#1756=ADVANCED_FACE('',(#1646),#72,.T.);
#1757=ADVANCED_FACE('',(#1647),#73,.T.);
#1758=ADVANCED_FACE('',(#1648),#74,.F.);
#1759=ADVANCED_FACE('',(#1649),#75,.T.);
#1760=ADVANCED_FACE('',(#1650),#76,.T.);
#1761=ADVANCED_FACE('',(#1651,#1652),#1674,.F.);
#1762=CLOSED_SHELL('',(#1675,#1676,#1677,#1678,#1679,#1680,#1681,#1682,
#1683,#1684,#1685,#1686,#1687,#1688,#1689,#1690,#1691,#1692,#1693,#1694,
#1695,#1696,#1697,#1698,#1699,#1700,#1701,#1702,#1703,#1704,#1705,#1706,
#1707,#1708,#1709,#1710,#1711,#1712,#1713,#1714,#1715,#1716,#1717,#1718,
#1719,#1720,#1721,#1722,#1723,#1724,#1725,#1726,#1727,#1728,#1729,#1730,
#1731,#1732,#1733,#1734,#1735,#1736,#1737,#1738,#1739,#1740,#1741,#1742,
#1743,#1744,#1745,#1746,#1747,#1748,#1749,#1750,#1751,#1752,#1753,#1754,
#1755,#1756,#1757,#1758,#1759,#1760,#1761));
#1763=STYLED_ITEM('',(#1764),#1771);
#1764=PRESENTATION_STYLE_ASSIGNMENT((#1765));
#1765=SURFACE_STYLE_USAGE(.BOTH.,#1766);
#1766=SURFACE_SIDE_STYLE('',(#1767));
#1767=SURFACE_STYLE_FILL_AREA(#1768);
#1768=FILL_AREA_STYLE('',(#1769));
#1769=FILL_AREA_STYLE_COLOUR('',#1770);
#1770=COLOUR_RGB('',0.615686274509804,0.811764705882353,0.929411764705882);
#1771=MANIFOLD_SOLID_BREP('gear',#1762);
#1772=SHAPE_DEFINITION_REPRESENTATION(#2898,#1773);
#1773=SHAPE_REPRESENTATION('gear',(#1774),#2893);
#1774=AXIS2_PLACEMENT_3D('',#2380,#1906,#1907);
#1775=AXIS2_PLACEMENT_3D('',#2381,#1908,#1909);
#1776=AXIS2_PLACEMENT_3D('',#2385,#1911,#1912);
#1777=AXIS2_PLACEMENT_3D('',#2389,#1914,#1915);
#1778=AXIS2_PLACEMENT_3D('',#2390,#1916,#1917);
#1779=AXIS2_PLACEMENT_3D('',#2391,#1918,#1919);
#1780=AXIS2_PLACEMENT_3D('',#2396,#1921,#1922);
#1781=AXIS2_PLACEMENT_3D('',#2399,#1924,#1925);
#1782=AXIS2_PLACEMENT_3D('',#2400,#1926,#1927);
#1783=AXIS2_PLACEMENT_3D('',#2405,#1929,#1930);
#1784=AXIS2_PLACEMENT_3D('',#2408,#1932,#1933);
#1785=AXIS2_PLACEMENT_3D('',#2409,#1934,#1935);
#1786=AXIS2_PLACEMENT_3D('',#2414,#1937,#1938);
#1787=AXIS2_PLACEMENT_3D('',#2417,#1940,#1941);
#1788=AXIS2_PLACEMENT_3D('',#2418,#1942,#1943);
#1789=AXIS2_PLACEMENT_3D('',#2423,#1945,#1946);
#1790=AXIS2_PLACEMENT_3D('',#2426,#1948,#1949);
#1791=AXIS2_PLACEMENT_3D('',#2427,#1950,#1951);
#1792=AXIS2_PLACEMENT_3D('',#2432,#1953,#1954);
#1793=AXIS2_PLACEMENT_3D('',#2435,#1956,#1957);
#1794=AXIS2_PLACEMENT_3D('',#2436,#1958,#1959);
#1795=AXIS2_PLACEMENT_3D('',#2441,#1961,#1962);
#1796=AXIS2_PLACEMENT_3D('',#2444,#1964,#1965);
#1797=AXIS2_PLACEMENT_3D('',#2445,#1966,#1967);
#1798=AXIS2_PLACEMENT_3D('',#2450,#1969,#1970);
#1799=AXIS2_PLACEMENT_3D('',#2453,#1972,#1973);
#1800=AXIS2_PLACEMENT_3D('',#2454,#1974,#1975);
#1801=AXIS2_PLACEMENT_3D('',#2459,#1977,#1978);
#1802=AXIS2_PLACEMENT_3D('',#2462,#1980,#1981);
#1803=AXIS2_PLACEMENT_3D('',#2463,#1982,#1983);
#1804=AXIS2_PLACEMENT_3D('',#2468,#1985,#1986);
#1805=AXIS2_PLACEMENT_3D('',#2471,#1988,#1989);
#1806=AXIS2_PLACEMENT_3D('',#2472,#1990,#1991);
#1807=AXIS2_PLACEMENT_3D('',#2477,#1993,#1994);
#1808=AXIS2_PLACEMENT_3D('',#2480,#1996,#1997);
#1809=AXIS2_PLACEMENT_3D('',#2481,#1998,#1999);
#1810=AXIS2_PLACEMENT_3D('',#2486,#2001,#2002);
#1811=AXIS2_PLACEMENT_3D('',#2489,#2004,#2005);
#1812=AXIS2_PLACEMENT_3D('',#2490,#2006,#2007);
#1813=AXIS2_PLACEMENT_3D('',#2495,#2009,#2010);
#1814=AXIS2_PLACEMENT_3D('',#2498,#2012,#2013);
#1815=AXIS2_PLACEMENT_3D('',#2499,#2014,#2015);
#1816=AXIS2_PLACEMENT_3D('',#2504,#2017,#2018);
#1817=AXIS2_PLACEMENT_3D('',#2507,#2020,#2021);
#1818=AXIS2_PLACEMENT_3D('',#2508,#2022,#2023);
#1819=AXIS2_PLACEMENT_3D('',#2513,#2025,#2026);
#1820=AXIS2_PLACEMENT_3D('',#2516,#2028,#2029);
#1821=AXIS2_PLACEMENT_3D('',#2517,#2030,#2031);
#1822=AXIS2_PLACEMENT_3D('',#2522,#2033,#2034);
#1823=AXIS2_PLACEMENT_3D('',#2525,#2036,#2037);
#1824=AXIS2_PLACEMENT_3D('',#2526,#2038,#2039);
#1825=AXIS2_PLACEMENT_3D('',#2531,#2041,#2042);
#1826=AXIS2_PLACEMENT_3D('',#2534,#2044,#2045);
#1827=AXIS2_PLACEMENT_3D('',#2535,#2046,#2047);
#1828=AXIS2_PLACEMENT_3D('',#2540,#2049,#2050);
#1829=AXIS2_PLACEMENT_3D('',#2543,#2052,#2053);
#1830=AXIS2_PLACEMENT_3D('',#2544,#2054,#2055);
#1831=AXIS2_PLACEMENT_3D('',#2549,#2057,#2058);
#1832=AXIS2_PLACEMENT_3D('',#2552,#2060,#2061);
#1833=AXIS2_PLACEMENT_3D('',#2553,#2062,#2063);
#1834=AXIS2_PLACEMENT_3D('',#2558,#2065,#2066);
#1835=AXIS2_PLACEMENT_3D('',#2561,#2068,#2069);
#1836=AXIS2_PLACEMENT_3D('',#2562,#2070,#2071);
#1837=AXIS2_PLACEMENT_3D('',#2567,#2073,#2074);
#1838=AXIS2_PLACEMENT_3D('',#2570,#2076,#2077);
#1839=AXIS2_PLACEMENT_3D('',#2571,#2078,#2079);
#1840=AXIS2_PLACEMENT_3D('',#2678,#2143,#2144);
#1841=AXIS2_PLACEMENT_3D('',#2679,#2145,#2146);
#1842=AXIS2_PLACEMENT_3D('',#2786,#2210,#2211);
#1843=AXIS2_PLACEMENT_3D('',#2788,#2213,#2214);
#1844=AXIS2_PLACEMENT_3D('',#2790,#2216,#2217);
#1845=AXIS2_PLACEMENT_3D('',#2791,#2218,#2219);
#1846=AXIS2_PLACEMENT_3D('',#2793,#2221,#2222);
#1847=AXIS2_PLACEMENT_3D('',#2795,#2224,#2225);
#1848=AXIS2_PLACEMENT_3D('',#2796,#2226,#2227);
#1849=AXIS2_PLACEMENT_3D('',#2798,#2229,#2230);
#1850=AXIS2_PLACEMENT_3D('',#2800,#2232,#2233);
#1851=AXIS2_PLACEMENT_3D('',#2801,#2234,#2235);
#1852=AXIS2_PLACEMENT_3D('',#2803,#2237,#2238);
#1853=AXIS2_PLACEMENT_3D('',#2805,#2240,#2241);
#1854=AXIS2_PLACEMENT_3D('',#2806,#2242,#2243);
#1855=AXIS2_PLACEMENT_3D('',#2808,#2245,#2246);
#1856=AXIS2_PLACEMENT_3D('',#2810,#2248,#2249);
#1857=AXIS2_PLACEMENT_3D('',#2811,#2250,#2251);
#1858=AXIS2_PLACEMENT_3D('',#2813,#2253,#2254);
#1859=AXIS2_PLACEMENT_3D('',#2815,#2256,#2257);
#1860=AXIS2_PLACEMENT_3D('',#2816,#2258,#2259);
#1861=AXIS2_PLACEMENT_3D('',#2818,#2261,#2262);
#1862=AXIS2_PLACEMENT_3D('',#2820,#2264,#2265);
#1863=AXIS2_PLACEMENT_3D('',#2821,#2266,#2267);
#1864=AXIS2_PLACEMENT_3D('',#2823,#2269,#2270);
#1865=AXIS2_PLACEMENT_3D('',#2825,#2272,#2273);
#1866=AXIS2_PLACEMENT_3D('',#2826,#2274,#2275);
#1867=AXIS2_PLACEMENT_3D('',#2828,#2277,#2278);
#1868=AXIS2_PLACEMENT_3D('',#2830,#2280,#2281);
#1869=AXIS2_PLACEMENT_3D('',#2831,#2282,#2283);
#1870=AXIS2_PLACEMENT_3D('',#2833,#2285,#2286);
#1871=AXIS2_PLACEMENT_3D('',#2835,#2288,#2289);
#1872=AXIS2_PLACEMENT_3D('',#2836,#2290,#2291);
#1873=AXIS2_PLACEMENT_3D('',#2838,#2293,#2294);
#1874=AXIS2_PLACEMENT_3D('',#2840,#2296,#2297);
#1875=AXIS2_PLACEMENT_3D('',#2841,#2298,#2299);
#1876=AXIS2_PLACEMENT_3D('',#2843,#2301,#2302);
#1877=AXIS2_PLACEMENT_3D('',#2845,#2304,#2305);
#1878=AXIS2_PLACEMENT_3D('',#2846,#2306,#2307);
#1879=AXIS2_PLACEMENT_3D('',#2848,#2309,#2310);
#1880=AXIS2_PLACEMENT_3D('',#2850,#2312,#2313);
#1881=AXIS2_PLACEMENT_3D('',#2851,#2314,#2315);
#1882=AXIS2_PLACEMENT_3D('',#2853,#2317,#2318);
#1883=AXIS2_PLACEMENT_3D('',#2855,#2320,#2321);
#1884=AXIS2_PLACEMENT_3D('',#2856,#2322,#2323);
#1885=AXIS2_PLACEMENT_3D('',#2858,#2325,#2326);
#1886=AXIS2_PLACEMENT_3D('',#2860,#2328,#2329);
#1887=AXIS2_PLACEMENT_3D('',#2861,#2330,#2331);
#1888=AXIS2_PLACEMENT_3D('',#2863,#2333,#2334);
#1889=AXIS2_PLACEMENT_3D('',#2865,#2336,#2337);
#1890=AXIS2_PLACEMENT_3D('',#2866,#2338,#2339);
#1891=AXIS2_PLACEMENT_3D('',#2868,#2341,#2342);
#1892=AXIS2_PLACEMENT_3D('',#2870,#2344,#2345);
#1893=AXIS2_PLACEMENT_3D('',#2871,#2346,#2347);
#1894=AXIS2_PLACEMENT_3D('',#2873,#2349,#2350);
#1895=AXIS2_PLACEMENT_3D('',#2875,#2352,#2353);
#1896=AXIS2_PLACEMENT_3D('',#2876,#2354,#2355);
#1897=AXIS2_PLACEMENT_3D('',#2878,#2357,#2358);
#1898=AXIS2_PLACEMENT_3D('',#2880,#2360,#2361);
#1899=AXIS2_PLACEMENT_3D('',#2881,#2362,#2363);
#1900=AXIS2_PLACEMENT_3D('',#2883,#2365,#2366);
#1901=AXIS2_PLACEMENT_3D('',#2885,#2368,#2369);
#1902=AXIS2_PLACEMENT_3D('',#2886,#2370,#2371);
#1903=AXIS2_PLACEMENT_3D('',#2888,#2373,#2374);
#1904=AXIS2_PLACEMENT_3D('',#2890,#2376,#2377);
#1905=AXIS2_PLACEMENT_3D('',#2891,#2378,#2379);
#1906=DIRECTION('',(0.,0.,1.));
#1907=DIRECTION('',(1.,0.,0.));
#1908=DIRECTION('',(0.,1.,0.));
#1909=DIRECTION('',(0.,0.,1.));
#1910=DIRECTION('',(0.,-1.,0.));
#1911=DIRECTION('',(0.,-1.,0.));
#1912=DIRECTION('',(0.,0.,-1.));
#1913=DIRECTION('',(0.,-1.,0.));
#1914=DIRECTION('',(0.,-1.,0.));
#1915=DIRECTION('',(0.,0.,-1.));
#1916=DIRECTION('',(0.,1.,0.));
#1917=DIRECTION('',(0.,0.,1.));
#1918=DIRECTION('',(0.,-1.,0.));
#1919=DIRECTION('',(0.,0.,-1.));
#1920=DIRECTION('',(0.,-1.,0.));
#1921=DIRECTION('',(0.,-1.,0.));
#1922=DIRECTION('',(0.,0.,-1.));
#1923=DIRECTION('',(0.,-1.,0.));
#1924=DIRECTION('',(0.,1.,0.));
#1925=DIRECTION('',(0.,0.,1.));
#1926=DIRECTION('',(0.,-1.,0.));
#1927=DIRECTION('',(0.,0.,-1.));
#1928=DIRECTION('',(0.,-1.,0.));
#1929=DIRECTION('',(0.,-1.,0.));
#1930=DIRECTION('',(0.,0.,-1.));
#1931=DIRECTION('',(0.,-1.,0.));
#1932=DIRECTION('',(0.,1.,0.));
#1933=DIRECTION('',(0.,0.,1.));
#1934=DIRECTION('',(0.,-1.,0.));
#1935=DIRECTION('',(0.,0.,-1.));
#1936=DIRECTION('',(0.,-1.,0.));
#1937=DIRECTION('',(0.,-1.,0.));
#1938=DIRECTION('',(0.,0.,-1.));
#1939=DIRECTION('',(0.,-1.,0.));
#1940=DIRECTION('',(0.,1.,0.));
#1941=DIRECTION('',(0.,0.,1.));
#1942=DIRECTION('',(0.,-1.,0.));
#1943=DIRECTION('',(0.,0.,-1.));
#1944=DIRECTION('',(0.,-1.,0.));
#1945=DIRECTION('',(0.,-1.,0.));
#1946=DIRECTION('',(0.,0.,-1.));
#1947=DIRECTION('',(0.,-1.,0.));
#1948=DIRECTION('',(0.,1.,0.));
#1949=DIRECTION('',(0.,0.,1.));
#1950=DIRECTION('',(0.,-1.,0.));
#1951=DIRECTION('',(0.,0.,-1.));
#1952=DIRECTION('',(0.,-1.,0.));
#1953=DIRECTION('',(0.,-1.,0.));
#1954=DIRECTION('',(0.,0.,-1.));
#1955=DIRECTION('',(0.,-1.,0.));
#1956=DIRECTION('',(0.,1.,0.));
#1957=DIRECTION('',(0.,0.,1.));
#1958=DIRECTION('',(0.,-1.,0.));
#1959=DIRECTION('',(0.,0.,-1.));
#1960=DIRECTION('',(0.,-1.,0.));
#1961=DIRECTION('',(0.,-1.,0.));
#1962=DIRECTION('',(0.,0.,-1.));
#1963=DIRECTION('',(0.,-1.,0.));
#1964=DIRECTION('',(0.,1.,0.));
#1965=DIRECTION('',(0.,0.,1.));
#1966=DIRECTION('',(0.,-1.,0.));
#1967=DIRECTION('',(0.,0.,-1.));
#1968=DIRECTION('',(0.,-1.,0.));
#1969=DIRECTION('',(0.,-1.,0.));
#1970=DIRECTION('',(0.,0.,-1.));
#1971=DIRECTION('',(0.,-1.,0.));
#1972=DIRECTION('',(0.,1.,0.));
#1973=DIRECTION('',(0.,0.,1.));
#1974=DIRECTION('',(0.,-1.,0.));
#1975=DIRECTION('',(0.,0.,-1.));
#1976=DIRECTION('',(0.,-1.,0.));
#1977=DIRECTION('',(0.,-1.,0.));
#1978=DIRECTION('',(0.,0.,-1.));
#1979=DIRECTION('',(0.,-1.,0.));
#1980=DIRECTION('',(0.,1.,0.));
#1981=DIRECTION('',(0.,0.,1.));
#1982=DIRECTION('',(0.,-1.,0.));
#1983=DIRECTION('',(0.,0.,-1.));
#1984=DIRECTION('',(0.,-1.,0.));
#1985=DIRECTION('',(0.,-1.,0.));
#1986=DIRECTION('',(0.,0.,-1.));
#1987=DIRECTION('',(0.,-1.,0.));
#1988=DIRECTION('',(0.,1.,0.));
#1989=DIRECTION('',(0.,0.,1.));
#1990=DIRECTION('',(0.,-1.,0.));
#1991=DIRECTION('',(0.,0.,-1.));
#1992=DIRECTION('',(0.,-1.,0.));
#1993=DIRECTION('',(0.,-1.,0.));
#1994=DIRECTION('',(0.,0.,-1.));
#1995=DIRECTION('',(0.,-1.,0.));
#1996=DIRECTION('',(0.,1.,0.));
#1997=DIRECTION('',(0.,0.,1.));
#1998=DIRECTION('',(0.,-1.,0.));
#1999=DIRECTION('',(0.,0.,-1.));
#2000=DIRECTION('',(0.,-1.,0.));
#2001=DIRECTION('',(0.,-1.,0.));
#2002=DIRECTION('',(0.,0.,-1.));
#2003=DIRECTION('',(0.,-1.,0.));
#2004=DIRECTION('',(0.,1.,0.));
#2005=DIRECTION('',(0.,0.,1.));
#2006=DIRECTION('',(0.,-1.,0.));
#2007=DIRECTION('',(0.,0.,-1.));
#2008=DIRECTION('',(0.,-1.,0.));
#2009=DIRECTION('',(0.,-1.,0.));
#2010=DIRECTION('',(0.,0.,-1.));
#2011=DIRECTION('',(0.,-1.,0.));
#2012=DIRECTION('',(0.,1.,0.));
#2013=DIRECTION('',(0.,0.,1.));
#2014=DIRECTION('',(0.,-1.,0.));
#2015=DIRECTION('',(0.,0.,-1.));
#2016=DIRECTION('',(0.,-1.,0.));
#2017=DIRECTION('',(0.,-1.,0.));
#2018=DIRECTION('',(0.,0.,-1.));
#2019=DIRECTION('',(0.,-1.,0.));
#2020=DIRECTION('',(0.,1.,0.));
#2021=DIRECTION('',(0.,0.,1.));
#2022=DIRECTION('',(0.,-1.,0.));
#2023=DIRECTION('',(0.,0.,-1.));
#2024=DIRECTION('',(0.,-1.,0.));
#2025=DIRECTION('',(0.,-1.,0.));
#2026=DIRECTION('',(0.,0.,-1.));
#2027=DIRECTION('',(0.,-1.,0.));
#2028=DIRECTION('',(0.,1.,0.));
#2029=DIRECTION('',(0.,0.,1.));
#2030=DIRECTION('',(0.,-1.,0.));
#2031=DIRECTION('',(0.,0.,-1.));
#2032=DIRECTION('',(0.,-1.,0.));
#2033=DIRECTION('',(0.,-1.,0.));
#2034=DIRECTION('',(0.,0.,-1.));
#2035=DIRECTION('',(0.,-1.,0.));
#2036=DIRECTION('',(0.,1.,0.));
#2037=DIRECTION('',(0.,0.,1.));
#2038=DIRECTION('',(0.,-1.,0.));
#2039=DIRECTION('',(0.,0.,-1.));
#2040=DIRECTION('',(0.,-1.,0.));
#2041=DIRECTION('',(0.,-1.,0.));
#2042=DIRECTION('',(0.,0.,-1.));
#2043=DIRECTION('',(0.,-1.,0.));
#2044=DIRECTION('',(0.,1.,0.));
#2045=DIRECTION('',(0.,0.,1.));
#2046=DIRECTION('',(0.,-1.,0.));
#2047=DIRECTION('',(0.,0.,-1.));
#2048=DIRECTION('',(0.,-1.,0.));
#2049=DIRECTION('',(0.,-1.,0.));
#2050=DIRECTION('',(0.,0.,-1.));
#2051=DIRECTION('',(0.,-1.,0.));
#2052=DIRECTION('',(0.,1.,0.));
#2053=DIRECTION('',(0.,0.,1.));
#2054=DIRECTION('',(0.,-1.,0.));
#2055=DIRECTION('',(0.,0.,-1.));
#2056=DIRECTION('',(0.,-1.,0.));
#2057=DIRECTION('',(0.,-1.,0.));
#2058=DIRECTION('',(0.,0.,-1.));
#2059=DIRECTION('',(0.,-1.,0.));
#2060=DIRECTION('',(0.,1.,0.));
#2061=DIRECTION('',(0.,0.,1.));
#2062=DIRECTION('',(0.,-1.,0.));
#2063=DIRECTION('',(0.,0.,-1.));
#2064=DIRECTION('',(0.,-1.,0.));
#2065=DIRECTION('',(0.,-1.,0.));
#2066=DIRECTION('',(0.,0.,-1.));
#2067=DIRECTION('',(0.,-1.,0.));
#2068=DIRECTION('',(0.,1.,0.));
#2069=DIRECTION('',(0.,0.,1.));
#2070=DIRECTION('',(0.,-1.,0.));
#2071=DIRECTION('',(0.,0.,-1.));
#2072=DIRECTION('',(0.,-1.,0.));
#2073=DIRECTION('',(0.,-1.,0.));
#2074=DIRECTION('',(0.,0.,-1.));
#2075=DIRECTION('',(0.,-1.,0.));
#2076=DIRECTION('',(0.,-1.,0.));
#2077=DIRECTION('',(1.,0.,0.));
#2078=DIRECTION('',(0.,-1.,0.));
#2079=DIRECTION('',(0.,0.,-1.));
#2080=DIRECTION('',(-0.45814587536067,0.,-0.888877020115834));
#2081=DIRECTION('',(0.175790638483659,0.,-0.984427575508482));
#2082=DIRECTION('',(-1.,0.,0.));
#2083=DIRECTION('',(-0.175790638483656,0.,-0.984427575508482));
#2084=DIRECTION('',(0.458145875360672,0.,-0.888877020115833));
#2085=DIRECTION('',(-0.955572805786141,0.,-0.294755174410904));
#2086=DIRECTION('',(0.122184368067142,0.,-0.992507420727943));
#2087=DIRECTION('',(0.699792840671833,0.,-0.714345840713339));
#2088=DIRECTION('',(-0.826238774315995,0.,-0.563320058063622));
#2089=DIRECTION('',(0.409302757317907,0.,-0.912398626068649));
#2090=DIRECTION('',(0.879260141099001,0.,-0.476341898508377));
#2091=DIRECTION('',(-0.623489801858733,0.,-0.78183148246803));
#2092=DIRECTION('',(0.660052800385411,0.,-0.751219209487735));
#2093=DIRECTION('',(0.980601319419948,0.,-0.196012888228955));
#2094=DIRECTION('',(-0.365341024366396,0.,-0.930873748644204));
#2095=DIRECTION('',(0.852154255544665,0.,-0.523290669472635));
#2096=DIRECTION('',(0.994811767212422,0.,0.101732727358002));
#2097=DIRECTION('',(-0.0747300935864244,0.,-0.99720379718118));
#2098=DIRECTION('',(0.968538065481421,0.,-0.248865457051612));
#2099=DIRECTION('',(0.920628823828538,0.,0.39043894367248));
#2100=DIRECTION('',(0.222520933956315,0.,-0.974927912181824));
#2101=DIRECTION('',(0.998863017940859,0.,0.0476725433565176));
#2102=DIRECTION('',(0.76464396933444,0.,0.644452946428575));
#2103=DIRECTION('',(0.5,0.,-0.866025403784439));
#2104=DIRECTION('',(0.940434607818097,0.,0.339974629079908));
#2105=DIRECTION('',(0.540717142580187,0.,0.841204476759318));
#2106=DIRECTION('',(0.733051871829826,0.,-0.68017273777092));
#2107=DIRECTION('',(0.798444455761397,0.,0.602068477055465));
#2108=DIRECTION('',(0.268745224809588,0.,0.963211297764953));
#2109=DIRECTION('',(0.900968867902419,0.,-0.433883739117558));
#2110=DIRECTION('',(0.585509009894515,0.,0.810665898710649));
#2111=DIRECTION('',(-0.0271058855543374,0.,0.999632567981014));
#2112=DIRECTION('',(0.988830826225129,0.,-0.149042266176174));
#2113=DIRECTION('',(0.320548519034537,0.,0.947232097716692));
#2114=DIRECTION('',(-0.32054851903454,0.,0.947232097716691));
#2115=DIRECTION('',(0.988830826225129,0.,0.149042266176174));
#2116=DIRECTION('',(0.0271058855543351,0.,0.999632567981013));
#2117=DIRECTION('',(-0.585509009894518,0.,0.810665898710648));
#2118=DIRECTION('',(0.900968867902419,0.,0.433883739117559));
#2119=DIRECTION('',(-0.26874522480959,0.,0.963211297764952));
#2120=DIRECTION('',(-0.798444455761399,0.,0.602068477055463));
#2121=DIRECTION('',(0.733051871829827,0.,0.68017273777092));
#2122=DIRECTION('',(-0.540717142580189,0.,0.841204476759317));
#2123=DIRECTION('',(-0.940434607818098,0.,0.339974629079907));
#2124=DIRECTION('',(0.5,0.,0.866025403784439));
#2125=DIRECTION('',(-0.764643969334441,0.,0.644452946428574));
#2126=DIRECTION('',(-0.998863017940859,0.,0.0476725433565149));
#2127=DIRECTION('',(0.222520933956315,0.,0.974927912181824));
#2128=DIRECTION('',(-0.920628823828539,0.,0.390438943672478));
#2129=DIRECTION('',(-0.96853806548142,0.,-0.248865457051614));
#2130=DIRECTION('',(-0.0747300935864242,0.,0.99720379718118));
#2131=DIRECTION('',(-0.994811767212422,0.,0.101732727358));
#2132=DIRECTION('',(-0.852154255544664,0.,-0.523290669472637));
#2133=DIRECTION('',(-0.365341024366395,0.,0.930873748644204));
#2134=DIRECTION('',(-0.980601319419948,0.,-0.196012888228957));
#2135=DIRECTION('',(-0.660052800385409,0.,-0.751219209487737));
#2136=DIRECTION('',(-0.623489801858734,0.,0.78183148246803));
#2137=DIRECTION('',(-0.879260141099,0.,-0.476341898508379));
#2138=DIRECTION('',(-0.409302757317905,0.,-0.91239862606865));
#2139=DIRECTION('',(-0.826238774315995,0.,0.563320058063622));
#2140=DIRECTION('',(-0.699792840671831,0.,-0.714345840713341));
#2141=DIRECTION('',(-0.12218436806714,0.,-0.992507420727943));
#2142=DIRECTION('',(-0.955572805786141,0.,0.294755174410904));
#2143=DIRECTION('',(0.,-1.,0.));
#2144=DIRECTION('',(1.,0.,0.));
#2145=DIRECTION('',(0.,-1.,0.));
#2146=DIRECTION('',(0.,0.,-1.));
#2147=DIRECTION('',(-0.12218436806714,0.,-0.992507420727943));
#2148=DIRECTION('',(-0.699792840671831,0.,-0.714345840713341));
#2149=DIRECTION('',(-0.826238774315995,0.,0.563320058063622));
#2150=DIRECTION('',(-0.409302757317905,0.,-0.91239862606865));
#2151=DIRECTION('',(-0.879260141099,0.,-0.476341898508379));
#2152=DIRECTION('',(-0.623489801858734,0.,0.78183148246803));
#2153=DIRECTION('',(-0.660052800385409,0.,-0.751219209487737));
#2154=DIRECTION('',(-0.980601319419948,0.,-0.196012888228957));
#2155=DIRECTION('',(-0.365341024366395,0.,0.930873748644204));
#2156=DIRECTION('',(-0.852154255544664,0.,-0.523290669472637));
#2157=DIRECTION('',(-0.994811767212422,0.,0.101732727358));
#2158=DIRECTION('',(-0.0747300935864242,0.,0.99720379718118));
#2159=DIRECTION('',(-0.96853806548142,0.,-0.248865457051614));
#2160=DIRECTION('',(-0.920628823828539,0.,0.390438943672478));
#2161=DIRECTION('',(0.222520933956315,0.,0.974927912181824));
#2162=DIRECTION('',(-0.998863017940859,0.,0.0476725433565149));
#2163=DIRECTION('',(-0.764643969334441,0.,0.644452946428574));
#2164=DIRECTION('',(0.5,0.,0.866025403784439));
#2165=DIRECTION('',(-0.940434607818098,0.,0.339974629079907));
#2166=DIRECTION('',(-0.540717142580189,0.,0.841204476759317));
#2167=DIRECTION('',(0.733051871829827,0.,0.68017273777092));
#2168=DIRECTION('',(-0.798444455761399,0.,0.602068477055463));
#2169=DIRECTION('',(-0.26874522480959,0.,0.963211297764952));
#2170=DIRECTION('',(0.900968867902419,0.,0.433883739117559));
#2171=DIRECTION('',(-0.585509009894518,0.,0.810665898710648));
#2172=DIRECTION('',(0.0271058855543351,0.,0.999632567981013));
#2173=DIRECTION('',(0.988830826225129,0.,0.149042266176174));
#2174=DIRECTION('',(-0.32054851903454,0.,0.947232097716691));
#2175=DIRECTION('',(0.320548519034537,0.,0.947232097716692));
#2176=DIRECTION('',(0.988830826225129,0.,-0.149042266176174));
#2177=DIRECTION('',(-0.0271058855543374,0.,0.999632567981014));
#2178=DIRECTION('',(0.585509009894515,0.,0.810665898710649));
#2179=DIRECTION('',(0.900968867902419,0.,-0.433883739117558));
#2180=DIRECTION('',(0.268745224809588,0.,0.963211297764953));
#2181=DIRECTION('',(0.798444455761397,0.,0.602068477055465));
#2182=DIRECTION('',(0.733051871829826,0.,-0.68017273777092));
#2183=DIRECTION('',(0.540717142580187,0.,0.841204476759318));
#2184=DIRECTION('',(0.940434607818097,0.,0.339974629079908));
#2185=DIRECTION('',(0.5,0.,-0.866025403784439));
#2186=DIRECTION('',(0.76464396933444,0.,0.644452946428575));
#2187=DIRECTION('',(0.998863017940859,0.,0.0476725433565176));
#2188=DIRECTION('',(0.222520933956315,0.,-0.974927912181824));
#2189=DIRECTION('',(0.920628823828538,0.,0.39043894367248));
#2190=DIRECTION('',(0.968538065481421,0.,-0.248865457051612));
#2191=DIRECTION('',(-0.0747300935864244,0.,-0.99720379718118));
#2192=DIRECTION('',(0.994811767212422,0.,0.101732727358002));
#2193=DIRECTION('',(0.852154255544665,0.,-0.523290669472635));
#2194=DIRECTION('',(-0.365341024366396,0.,-0.930873748644204));
#2195=DIRECTION('',(0.980601319419948,0.,-0.196012888228955));
#2196=DIRECTION('',(0.660052800385411,0.,-0.751219209487735));
#2197=DIRECTION('',(-0.623489801858733,0.,-0.78183148246803));
#2198=DIRECTION('',(0.879260141099001,0.,-0.476341898508377));
#2199=DIRECTION('',(0.409302757317907,0.,-0.912398626068649));
#2200=DIRECTION('',(-0.826238774315995,0.,-0.563320058063622));
#2201=DIRECTION('',(0.699792840671833,0.,-0.714345840713339));
#2202=DIRECTION('',(0.122184368067142,0.,-0.992507420727943));
#2203=DIRECTION('',(-0.955572805786141,0.,-0.294755174410904));
#2204=DIRECTION('',(0.458145875360672,0.,-0.888877020115833));
#2205=DIRECTION('',(-0.175790638483656,0.,-0.984427575508482));
#2206=DIRECTION('',(-1.,0.,0.));
#2207=DIRECTION('',(0.175790638483659,0.,-0.984427575508482));
#2208=DIRECTION('',(-0.45814587536067,0.,-0.888877020115834));
#2209=DIRECTION('',(-0.955572805786141,0.,0.294755174410904));
#2210=DIRECTION('',(-0.984427575508482,0.,-0.175790638483658));
#2211=DIRECTION('',(-0.175790638483658,0.,0.984427575508482));
#2212=DIRECTION('',(0.,-1.,0.));
#2213=DIRECTION('',(0.,0.,1.));
#2214=DIRECTION('',(1.,0.,0.));
#2215=DIRECTION('',(0.,-1.,0.));
#2216=DIRECTION('',(-0.984427575508482,0.,0.175790638483656));
#2217=DIRECTION('',(0.175790638483656,0.,0.984427575508482));
#2218=DIRECTION('',(-0.888877020115833,0.,-0.458145875360672));
#2219=DIRECTION('',(-0.458145875360672,0.,0.888877020115833));
#2220=DIRECTION('',(0.,-1.,0.));
#2221=DIRECTION('',(-0.294755174410904,0.,0.955572805786141));
#2222=DIRECTION('',(0.955572805786141,0.,0.294755174410904));
#2223=DIRECTION('',(0.,-1.,0.));
#2224=DIRECTION('',(-0.992507420727943,0.,-0.122184368067142));
#2225=DIRECTION('',(-0.122184368067142,0.,0.992507420727943));
#2226=DIRECTION('',(-0.714345840713339,0.,-0.699792840671833));
#2227=DIRECTION('',(-0.699792840671833,0.,0.714345840713339));
#2228=DIRECTION('',(0.,-1.,0.));
#2229=DIRECTION('',(-0.563320058063622,0.,0.826238774315995));
#2230=DIRECTION('',(0.826238774315995,0.,0.563320058063622));
#2231=DIRECTION('',(0.,-1.,0.));
#2232=DIRECTION('',(-0.912398626068649,0.,-0.409302757317907));
#2233=DIRECTION('',(-0.409302757317907,0.,0.912398626068649));
#2234=DIRECTION('',(-0.476341898508377,0.,-0.879260141099001));
#2235=DIRECTION('',(-0.879260141099001,0.,0.476341898508377));
#2236=DIRECTION('',(0.,-1.,0.));
#2237=DIRECTION('',(-0.78183148246803,0.,0.623489801858734));
#2238=DIRECTION('',(0.623489801858734,0.,0.78183148246803));
#2239=DIRECTION('',(0.,-1.,0.));
#2240=DIRECTION('',(-0.751219209487735,0.,-0.66005280038541));
#2241=DIRECTION('',(-0.660052800385411,0.,0.751219209487735));
#2242=DIRECTION('',(-0.196012888228955,0.,-0.980601319419948));
#2243=DIRECTION('',(-0.980601319419948,0.,0.196012888228955));
#2244=DIRECTION('',(0.,-1.,0.));
#2245=DIRECTION('',(-0.930873748644204,0.,0.365341024366396));
#2246=DIRECTION('',(0.365341024366396,0.,0.930873748644204));
#2247=DIRECTION('',(0.,-1.,0.));
#2248=DIRECTION('',(-0.523290669472635,0.,-0.852154255544665));
#2249=DIRECTION('',(-0.852154255544665,0.,0.523290669472635));
#2250=DIRECTION('',(0.101732727358002,0.,-0.994811767212422));
#2251=DIRECTION('',(-0.994811767212422,0.,-0.101732727358002));
#2252=DIRECTION('',(0.,-1.,0.));
#2253=DIRECTION('',(-0.99720379718118,0.,0.0747300935864244));
#2254=DIRECTION('',(0.0747300935864244,0.,0.99720379718118));
#2255=DIRECTION('',(0.,-1.,0.));
#2256=DIRECTION('',(-0.248865457051612,0.,-0.968538065481421));
#2257=DIRECTION('',(-0.968538065481421,0.,0.248865457051612));
#2258=DIRECTION('',(0.39043894367248,0.,-0.920628823828538));
#2259=DIRECTION('',(-0.920628823828538,0.,-0.39043894367248));
#2260=DIRECTION('',(0.,-1.,0.));
#2261=DIRECTION('',(-0.974927912181824,0.,-0.222520933956315));
#2262=DIRECTION('',(-0.222520933956315,0.,0.974927912181824));
#2263=DIRECTION('',(0.,-1.,0.));
#2264=DIRECTION('',(0.0476725433565176,0.,-0.998863017940859));
#2265=DIRECTION('',(-0.998863017940859,0.,-0.0476725433565176));
#2266=DIRECTION('',(0.644452946428575,0.,-0.76464396933444));
#2267=DIRECTION('',(-0.76464396933444,0.,-0.644452946428575));
#2268=DIRECTION('',(0.,-1.,0.));
#2269=DIRECTION('',(-0.866025403784439,0.,-0.5));
#2270=DIRECTION('',(-0.5,0.,0.866025403784439));
#2271=DIRECTION('',(0.,-1.,0.));
#2272=DIRECTION('',(0.339974629079908,0.,-0.940434607818097));
#2273=DIRECTION('',(-0.940434607818098,0.,-0.339974629079908));
#2274=DIRECTION('',(0.841204476759318,0.,-0.540717142580187));
#2275=DIRECTION('',(-0.540717142580187,0.,-0.841204476759318));
#2276=DIRECTION('',(0.,-1.,0.));
#2277=DIRECTION('',(-0.68017273777092,0.,-0.733051871829826));
#2278=DIRECTION('',(-0.733051871829826,0.,0.68017273777092));
#2279=DIRECTION('',(0.,-1.,0.));
#2280=DIRECTION('',(0.602068477055465,0.,-0.798444455761397));
#2281=DIRECTION('',(-0.798444455761397,0.,-0.602068477055465));
#2282=DIRECTION('',(0.963211297764953,0.,-0.268745224809588));
#2283=DIRECTION('',(-0.268745224809588,0.,-0.963211297764953));
#2284=DIRECTION('',(0.,-1.,0.));
#2285=DIRECTION('',(-0.433883739117558,0.,-0.900968867902419));
#2286=DIRECTION('',(-0.900968867902419,0.,0.433883739117558));
#2287=DIRECTION('',(0.,-1.,0.));
#2288=DIRECTION('',(0.810665898710649,0.,-0.585509009894515));
#2289=DIRECTION('',(-0.585509009894515,0.,-0.810665898710649));
#2290=DIRECTION('',(0.999632567981013,0.,0.0271058855543374));
#2291=DIRECTION('',(0.0271058855543374,0.,-0.999632567981013));
#2292=DIRECTION('',(0.,-1.,0.));
#2293=DIRECTION('',(-0.149042266176174,0.,-0.988830826225129));
#2294=DIRECTION('',(-0.988830826225129,0.,0.149042266176174));
#2295=DIRECTION('',(0.,-1.,0.));
#2296=DIRECTION('',(0.947232097716692,0.,-0.320548519034537));
#2297=DIRECTION('',(-0.320548519034537,0.,-0.947232097716692));
#2298=DIRECTION('',(0.947232097716691,0.,0.32054851903454));
#2299=DIRECTION('',(0.32054851903454,0.,-0.947232097716691));
#2300=DIRECTION('',(0.,-1.,0.));
#2301=DIRECTION('',(0.149042266176174,0.,-0.988830826225129));
#2302=DIRECTION('',(-0.988830826225129,0.,-0.149042266176174));
#2303=DIRECTION('',(0.,-1.,0.));
#2304=DIRECTION('',(0.999632567981013,0.,-0.0271058855543351));
#2305=DIRECTION('',(-0.0271058855543351,0.,-0.999632567981014));
#2306=DIRECTION('',(0.810665898710648,0.,0.585509009894518));
#2307=DIRECTION('',(0.585509009894518,0.,-0.810665898710648));
#2308=DIRECTION('',(0.,-1.,0.));
#2309=DIRECTION('',(0.433883739117559,0.,-0.900968867902419));
#2310=DIRECTION('',(-0.900968867902419,0.,-0.433883739117559));
#2311=DIRECTION('',(0.,-1.,0.));
#2312=DIRECTION('',(0.963211297764952,0.,0.26874522480959));
#2313=DIRECTION('',(0.26874522480959,0.,-0.963211297764952));
#2314=DIRECTION('',(0.602068477055463,0.,0.798444455761399));
#2315=DIRECTION('',(0.798444455761399,0.,-0.602068477055463));
#2316=DIRECTION('',(0.,-1.,0.));
#2317=DIRECTION('',(0.680172737770919,0.,-0.733051871829827));
#2318=DIRECTION('',(-0.733051871829827,0.,-0.680172737770919));
#2319=DIRECTION('',(0.,-1.,0.));
#2320=DIRECTION('',(0.841204476759317,0.,0.540717142580189));
#2321=DIRECTION('',(0.540717142580189,0.,-0.841204476759317));
#2322=DIRECTION('',(0.339974629079907,0.,0.940434607818098));
#2323=DIRECTION('',(0.940434607818098,0.,-0.339974629079907));
#2324=DIRECTION('',(0.,-1.,0.));
#2325=DIRECTION('',(0.866025403784439,0.,-0.5));
#2326=DIRECTION('',(-0.5,0.,-0.866025403784439));
#2327=DIRECTION('',(0.,-1.,0.));
#2328=DIRECTION('',(0.644452946428574,0.,0.764643969334441));
#2329=DIRECTION('',(0.764643969334441,0.,-0.644452946428574));
#2330=DIRECTION('',(0.0476725433565149,0.,0.998863017940859));
#2331=DIRECTION('',(0.998863017940859,0.,-0.0476725433565149));
#2332=DIRECTION('',(0.,-1.,0.));
#2333=DIRECTION('',(0.974927912181824,0.,-0.222520933956315));
#2334=DIRECTION('',(-0.222520933956315,0.,-0.974927912181824));
#2335=DIRECTION('',(0.,-1.,0.));
#2336=DIRECTION('',(0.390438943672478,0.,0.920628823828539));
#2337=DIRECTION('',(0.920628823828539,0.,-0.390438943672478));
#2338=DIRECTION('',(-0.248865457051614,0.,0.96853806548142));
#2339=DIRECTION('',(0.96853806548142,0.,0.248865457051614));
#2340=DIRECTION('',(0.,-1.,0.));
#2341=DIRECTION('',(0.99720379718118,0.,0.0747300935864242));
#2342=DIRECTION('',(0.0747300935864242,0.,-0.99720379718118));
#2343=DIRECTION('',(0.,-1.,0.));
#2344=DIRECTION('',(0.101732727358,0.,0.994811767212422));
#2345=DIRECTION('',(0.994811767212422,0.,-0.101732727358));
#2346=DIRECTION('',(-0.523290669472636,0.,0.852154255544664));
#2347=DIRECTION('',(0.852154255544664,0.,0.523290669472636));
#2348=DIRECTION('',(0.,-1.,0.));
#2349=DIRECTION('',(0.930873748644204,0.,0.365341024366395));
#2350=DIRECTION('',(0.365341024366395,0.,-0.930873748644204));
#2351=DIRECTION('',(0.,-1.,0.));
#2352=DIRECTION('',(-0.196012888228957,0.,0.980601319419948));
#2353=DIRECTION('',(0.980601319419948,0.,0.196012888228957));
#2354=DIRECTION('',(-0.751219209487737,0.,0.660052800385408));
#2355=DIRECTION('',(0.660052800385408,0.,0.751219209487737));
#2356=DIRECTION('',(0.,-1.,0.));
#2357=DIRECTION('',(0.78183148246803,0.,0.623489801858734));
#2358=DIRECTION('',(0.623489801858734,0.,-0.78183148246803));
#2359=DIRECTION('',(0.,-1.,0.));
#2360=DIRECTION('',(-0.476341898508379,0.,0.879260141099));
#2361=DIRECTION('',(0.879260141099,0.,0.476341898508379));
#2362=DIRECTION('',(-0.91239862606865,0.,0.409302757317905));
#2363=DIRECTION('',(0.409302757317905,0.,0.91239862606865));
#2364=DIRECTION('',(0.,-1.,0.));
#2365=DIRECTION('',(0.563320058063622,0.,0.826238774315995));
#2366=DIRECTION('',(0.826238774315995,0.,-0.563320058063622));
#2367=DIRECTION('',(0.,-1.,0.));
#2368=DIRECTION('',(-0.714345840713341,0.,0.699792840671831));
#2369=DIRECTION('',(0.699792840671831,0.,0.714345840713341));
#2370=DIRECTION('',(-0.992507420727943,0.,0.12218436806714));
#2371=DIRECTION('',(0.12218436806714,0.,0.992507420727943));
#2372=DIRECTION('',(0.,-1.,0.));
#2373=DIRECTION('',(0.294755174410904,0.,0.955572805786141));
#2374=DIRECTION('',(0.955572805786141,0.,-0.294755174410904));
#2375=DIRECTION('',(0.,-1.,0.));
#2376=DIRECTION('',(-0.888877020115834,0.,0.45814587536067));
#2377=DIRECTION('',(0.458145875360671,0.,0.888877020115834));
#2378=DIRECTION('',(0.,-1.,0.));
#2379=DIRECTION('',(0.,0.,-1.));
#2380=CARTESIAN_POINT('',(0.,0.,0.));
#2381=CARTESIAN_POINT('',(0.,-0.007,1.46957615897682E-19));
#2382=CARTESIAN_POINT('',(0.000615343927980966,0.,0.00231977409466891));
#2383=CARTESIAN_POINT('',(0.000615343927980966,0.,0.00231977409466891));
#2384=CARTESIAN_POINT('',(0.000615343927980966,-0.007,0.00231977409466891));
#2385=CARTESIAN_POINT('',(0.,0.,1.46957615897682E-19));
#2386=CARTESIAN_POINT('',(0.000350000000000005,0.,0.00237434201411676));
#2387=CARTESIAN_POINT('',(0.000350000000000005,0.,0.00237434201411676));
#2388=CARTESIAN_POINT('',(0.00035,-0.007,0.00237434201411676));
#2389=CARTESIAN_POINT('',(0.,-0.007,1.46957615897682E-19));
#2390=CARTESIAN_POINT('',(0.,-0.007,1.46957615897682E-19));
#2391=CARTESIAN_POINT('',(0.,0.,1.46957615897682E-19));
#2392=CARTESIAN_POINT('',(0.00127177134165227,0.,0.00203533723361805));
#2393=CARTESIAN_POINT('',(0.00103430007650727,0.,0.00216569234928164));
#2394=CARTESIAN_POINT('',(0.00103430007650727,0.,0.00216569234928164));
#2395=CARTESIAN_POINT('',(0.00103430007650727,-0.007,0.00216569234928164));
#2396=CARTESIAN_POINT('',(0.,-0.007,1.46957615897682E-19));
#2397=CARTESIAN_POINT('',(0.00127177134165227,-0.007,0.00203533723361805));
#2398=CARTESIAN_POINT('',(0.00127177134165227,0.,0.00203533723361805));
#2399=CARTESIAN_POINT('',(0.,-0.007,1.46957615897682E-19));
#2400=CARTESIAN_POINT('',(0.,0.,1.46957615897682E-19));
#2401=CARTESIAN_POINT('',(0.00181519629054116,0.,0.0015700517274299));
#2402=CARTESIAN_POINT('',(0.00162669805226575,0.,0.00176461141522853));
#2403=CARTESIAN_POINT('',(0.00162669805226575,0.,0.00176461141522853));
#2404=CARTESIAN_POINT('',(0.00162669805226575,-0.007,0.00176461141522853));
#2405=CARTESIAN_POINT('',(0.,-0.007,1.46957615897682E-19));
#2406=CARTESIAN_POINT('',(0.00181519629054116,-0.007,0.0015700517274299));
#2407=CARTESIAN_POINT('',(0.00181519629054116,0.,0.0015700517274299));
#2408=CARTESIAN_POINT('',(0.,-0.007,1.46957615897682E-19));
#2409=CARTESIAN_POINT('',(0.,0.,1.46957615897682E-19));
#2410=CARTESIAN_POINT('',(0.00219733308315776,0.,0.000965260235201083));
#2411=CARTESIAN_POINT('',(0.00207455676743359,0.,0.00120673701306271));
#2412=CARTESIAN_POINT('',(0.00207455676743359,0.,0.00120673701306271));
#2413=CARTESIAN_POINT('',(0.00207455676743358,-0.007,0.00120673701306271));
#2414=CARTESIAN_POINT('',(0.,-0.007,1.46957615897682E-19));
#2415=CARTESIAN_POINT('',(0.00219733308315776,-0.007,0.000965260235201083));
#2416=CARTESIAN_POINT('',(0.00219733308315776,0.,0.000965260235201083));
#2417=CARTESIAN_POINT('',(0.,-0.007,1.46957615897682E-19));
#2418=CARTESIAN_POINT('',(0.,0.,1.46957615897682E-19));
#2419=CARTESIAN_POINT('',(0.00238422718849837,0.,0.000274701135099875));
#2420=CARTESIAN_POINT('',(0.00233808200977253,0.,0.000541638731608108));
#2421=CARTESIAN_POINT('',(0.00233808200977253,0.,0.000541638731608108));
#2422=CARTESIAN_POINT('',(0.00233808200977253,-0.007,0.000541638731608112));
#2423=CARTESIAN_POINT('',(0.,-0.007,1.46957615897682E-19));
#2424=CARTESIAN_POINT('',(0.00238422718849837,-0.007,0.000274701135099875));
#2425=CARTESIAN_POINT('',(0.00238422718849837,0.,0.000274701135099875));
#2426=CARTESIAN_POINT('',(0.,-0.007,1.46957615897682E-19));
#2427=CARTESIAN_POINT('',(0.,0.,1.46957615897682E-19));
#2428=CARTESIAN_POINT('',(0.00235927224513223,0.,-0.000440266366361031));
#2429=CARTESIAN_POINT('',(0.00239385840503929,0.,-0.000171586528092294));
#2430=CARTESIAN_POINT('',(0.00239385840503929,0.,-0.000171586528092294));
#2431=CARTESIAN_POINT('',(0.00239385840503929,-0.007,-0.00017158652809229));
#2432=CARTESIAN_POINT('',(0.,-0.007,1.46957615897682E-19));
#2433=CARTESIAN_POINT('',(0.00235927224513223,-0.007,-0.000440266366361031));
#2434=CARTESIAN_POINT('',(0.00235927224513223,0.,-0.000440266366361031));
#2435=CARTESIAN_POINT('',(0.,-0.007,1.46957615897682E-19));
#2436=CARTESIAN_POINT('',(0.,0.,1.46957615897682E-19));
#2437=CARTESIAN_POINT('',(0.00212468560929037,0.,-0.00111611426909364));
#2438=CARTESIAN_POINT('',(0.00223692997574372,0.,-0.00086956557177662));
#2439=CARTESIAN_POINT('',(0.00223692997574372,0.,-0.00086956557177662));
#2440=CARTESIAN_POINT('',(0.00223692997574372,-0.007,-0.000869565571776615));
#2441=CARTESIAN_POINT('',(0.,-0.007,1.46957615897682E-19));
#2442=CARTESIAN_POINT('',(0.00212468560929037,-0.007,-0.00111611426909364));
#2443=CARTESIAN_POINT('',(0.00212468560929037,0.,-0.00111611426909364));
#2444=CARTESIAN_POINT('',(0.,-0.007,1.46957615897682E-19));
#2445=CARTESIAN_POINT('',(0.,0.,1.46957615897682E-19));
#2446=CARTESIAN_POINT('',(0.00170131133303384,0.,-0.00169279052103048));
#2447=CARTESIAN_POINT('',(0.00188124050149781,0.,-0.00149027989838293));
#2448=CARTESIAN_POINT('',(0.00188124050149781,0.,-0.00149027989838293));
#2449=CARTESIAN_POINT('',(0.00188124050149782,-0.007,-0.00149027989838293));
#2450=CARTESIAN_POINT('',(0.,-0.007,1.46957615897682E-19));
#2451=CARTESIAN_POINT('',(0.00170131133303384,-0.007,-0.00169279052103048));
#2452=CARTESIAN_POINT('',(0.00170131133303384,0.,-0.00169279052103048));
#2453=CARTESIAN_POINT('',(0.,-0.007,1.46957615897682E-19));
#2454=CARTESIAN_POINT('',(0.,0.,1.46957615897682E-19));
#2455=CARTESIAN_POINT('',(0.00112676807875544,0.,-0.00211905490648491));
#2456=CARTESIAN_POINT('',(0.00135839455300587,0.,-0.00197857631603231));
#2457=CARTESIAN_POINT('',(0.00135839455300587,0.,-0.00197857631603231));
#2458=CARTESIAN_POINT('',(0.00135839455300587,-0.007,-0.00197857631603231));
#2459=CARTESIAN_POINT('',(0.,-0.007,1.46957615897682E-19));
#2460=CARTESIAN_POINT('',(0.00112676807875544,-0.007,-0.00211905490648491));
#2461=CARTESIAN_POINT('',(0.00112676807875544,0.,-0.00211905490648491));
#2462=CARTESIAN_POINT('',(0.,-0.007,1.46957615897682E-19));
#2463=CARTESIAN_POINT('',(0.,0.,1.46957615897682E-19));
#2464=CARTESIAN_POINT('',(0.000452106535939356,0.,-0.00235703196417888));
#2465=CARTESIAN_POINT('',(0.00071484928726304,0.,-0.00229106754516307));
#2466=CARTESIAN_POINT('',(0.00071484928726304,0.,-0.00229106754516307));
#2467=CARTESIAN_POINT('',(0.000714849287263044,-0.007,-0.00229106754516306));
#2468=CARTESIAN_POINT('',(0.,-0.007,1.46957615897682E-19));
#2469=CARTESIAN_POINT('',(0.000452106535939356,-0.007,-0.00235703196417888));
#2470=CARTESIAN_POINT('',(0.000452106535939356,0.,-0.00235703196417888));
#2471=CARTESIAN_POINT('',(0.,-0.007,1.46957615897682E-19));
#2472=CARTESIAN_POINT('',(0.,0.,1.46957615897682E-19));
#2473=CARTESIAN_POINT('',(-0.000262726656631796,0.,-0.00238557638819114));
#2474=CARTESIAN_POINT('',(7.78652528246295E-6,0.,-0.00239998736872177));
#2475=CARTESIAN_POINT('',(7.78652528246295E-6,0.,-0.00239998736872177));
#2476=CARTESIAN_POINT('',(7.78652528246745E-6,-0.007,-0.00239998736872177));
#2477=CARTESIAN_POINT('',(0.,-0.007,1.46957615897682E-19));
#2478=CARTESIAN_POINT('',(-0.000262726656631796,-0.007,-0.00238557638819114));
#2479=CARTESIAN_POINT('',(-0.000262726656631796,0.,-0.00238557638819114));
#2480=CARTESIAN_POINT('',(0.,-0.007,1.46957615897682E-19));
#2481=CARTESIAN_POINT('',(0.,0.,1.46957615897682E-19));
#2482=CARTESIAN_POINT('',(-0.000954215432804272,0.,-0.00220215188118307));
#2483=CARTESIAN_POINT('',(-0.000699968103640063,0.,-0.00229565778239845));
#2484=CARTESIAN_POINT('',(-0.000699968103640063,0.,-0.00229565778239845));
#2485=CARTESIAN_POINT('',(-0.000699968103640059,-0.007,-0.00229565778239845));
#2486=CARTESIAN_POINT('',(0.,-0.007,1.46957615897682E-19));
#2487=CARTESIAN_POINT('',(-0.000954215432804272,-0.007,-0.00220215188118307));
#2488=CARTESIAN_POINT('',(-0.000954215432804272,0.,-0.00220215188118307));
#2489=CARTESIAN_POINT('',(0.,-0.007,1.46957615897682E-19));
#2490=CARTESIAN_POINT('',(0.,0.,1.46957615897682E-19));
#2491=CARTESIAN_POINT('',(-0.00156091798026663,0.,-0.00182305651554754));
#2492=CARTESIAN_POINT('',(-0.00134552749479474,0.,-0.00198734892778078));
#2493=CARTESIAN_POINT('',(-0.00134552749479474,0.,-0.00198734892778078));
#2494=CARTESIAN_POINT('',(-0.00134552749479474,-0.007,-0.00198734892778078));
#2495=CARTESIAN_POINT('',(0.,-0.007,1.46957615897682E-19));
#2496=CARTESIAN_POINT('',(-0.00156091798026663,-0.007,-0.00182305651554754));
#2497=CARTESIAN_POINT('',(-0.00156091798026663,0.,-0.00182305651554754));
#2498=CARTESIAN_POINT('',(0.,-0.007,1.46957615897682E-19));
#2499=CARTESIAN_POINT('',(0.,0.,1.46957615897682E-19));
#2500=CARTESIAN_POINT('',(-0.00202892611520658,0.,-0.00128197457815386));
#2501=CARTESIAN_POINT('',(-0.00187153086328675,0.,-0.00150245539959266));
#2502=CARTESIAN_POINT('',(-0.00187153086328675,0.,-0.00150245539959266));
#2503=CARTESIAN_POINT('',(-0.00187153086328675,-0.007,-0.00150245539959266));
#2504=CARTESIAN_POINT('',(0.,-0.007,1.46957615897682E-19));
#2505=CARTESIAN_POINT('',(-0.00202892611520658,-0.007,-0.00128197457815386));
#2506=CARTESIAN_POINT('',(-0.00202892611520658,0.,-0.00128197457815386));
#2507=CARTESIAN_POINT('',(0.,-0.007,1.46957615897682E-19));
#2508=CARTESIAN_POINT('',(0.,0.,1.46957615897682E-19));
#2509=CARTESIAN_POINT('',(-0.00231665526101481,0.,-0.000626983573638437));
#2510=CARTESIAN_POINT('',(-0.00223124050149782,0.,-0.000884062115733818));
#2511=CARTESIAN_POINT('',(-0.00223124050149782,0.,-0.000884062115733818));
#2512=CARTESIAN_POINT('',(-0.00223124050149782,-0.007,-0.000884062115733822));
#2513=CARTESIAN_POINT('',(0.,-0.007,1.46957615897682E-19));
#2514=CARTESIAN_POINT('',(-0.00231665526101481,-0.007,-0.000626983573638437));
#2515=CARTESIAN_POINT('',(-0.00231665526101481,0.,-0.000626983573638437));
#2516=CARTESIAN_POINT('',(0.,-0.007,1.46957615897682E-19));
#2517=CARTESIAN_POINT('',(0.,0.,1.46957615897682E-19));
#2518=CARTESIAN_POINT('',(-0.00239853942040771,0.,8.3717672866856E-5));
#2519=CARTESIAN_POINT('',(-0.00239269462951315,0.,-0.000187116033249334));
#2520=CARTESIAN_POINT('',(-0.00239269462951315,0.,-0.000187116033249334));
#2521=CARTESIAN_POINT('',(-0.00239269462951315,-0.007,-0.000187116033249339));
#2522=CARTESIAN_POINT('',(0.,-0.007,1.46957615897682E-19));
#2523=CARTESIAN_POINT('',(-0.00239853942040771,-0.007,8.3717672866856E-5));
#2524=CARTESIAN_POINT('',(-0.00239853942040771,0.,8.3717672866856E-5));
#2525=CARTESIAN_POINT('',(0.,-0.007,1.46957615897682E-19));
#2526=CARTESIAN_POINT('',(0.,0.,1.46957615897682E-19));
#2527=CARTESIAN_POINT('',(-0.00226730282648051,0.,0.000786980236748973));
#2528=CARTESIAN_POINT('',(-0.00234154733952879,0.,0.000526456129934542));
#2529=CARTESIAN_POINT('',(-0.00234154733952879,0.,0.000526456129934542));
#2530=CARTESIAN_POINT('',(-0.00234154733952879,-0.007,0.000526456129934538));
#2531=CARTESIAN_POINT('',(0.,-0.007,1.46957615897682E-19));
#2532=CARTESIAN_POINT('',(-0.00226730282648051,-0.007,0.000786980236748973));
#2533=CARTESIAN_POINT('',(-0.00226730282648051,0.,0.000786980236748973));
#2534=CARTESIAN_POINT('',(0.,-0.007,1.46957615897682E-19));
#2535=CARTESIAN_POINT('',(0.,0.,1.46957615897682E-19));
#2536=CARTESIAN_POINT('',(-0.00193460642652595,0.,0.00142031615299006));
#2537=CARTESIAN_POINT('',(-0.00208234329271605,0.,0.00119325035565906));
#2538=CARTESIAN_POINT('',(-0.00208234329271605,0.,0.00119325035565906));
#2539=CARTESIAN_POINT('',(-0.00208234329271605,-0.007,0.00119325035565906));
#2540=CARTESIAN_POINT('',(0.,-0.007,1.46957615897682E-19));
#2541=CARTESIAN_POINT('',(-0.00193460642652595,-0.007,0.00142031615299006));
#2542=CARTESIAN_POINT('',(-0.00193460642652595,0.,0.00142031615299006));
#2543=CARTESIAN_POINT('',(0.,-0.007,1.46957615897682E-19));
#2544=CARTESIAN_POINT('',(0.,0.,1.46957615897682E-19));
#2545=CARTESIAN_POINT('',(-0.0014300117556941,0.,0.0019274507460832));
#2546=CARTESIAN_POINT('',(-0.00163811390613247,0.,0.00175401905079033));
#2547=CARTESIAN_POINT('',(-0.00163811390613247,0.,0.00175401905079033));
#2548=CARTESIAN_POINT('',(-0.00163811390613247,-0.007,0.00175401905079033));
#2549=CARTESIAN_POINT('',(0.,-0.007,1.46957615897682E-19));
#2550=CARTESIAN_POINT('',(-0.0014300117556941,-0.007,0.0019274507460832));
#2551=CARTESIAN_POINT('',(-0.0014300117556941,0.,0.0019274507460832));
#2552=CARTESIAN_POINT('',(0.,-0.007,1.46957615897682E-19));
#2553=CARTESIAN_POINT('',(0.,0.,1.46957615897682E-19));
#2554=CARTESIAN_POINT('',(-0.000798354264865593,0.,0.00226332288190857));
#2555=CARTESIAN_POINT('',(-0.00104833091024454,0.,0.00215893545587307));
#2556=CARTESIAN_POINT('',(-0.00104833091024454,0.,0.00215893545587307));
#2557=CARTESIAN_POINT('',(-0.00104833091024455,-0.007,0.00215893545587306));
#2558=CARTESIAN_POINT('',(0.,-0.007,1.46957615897682E-19));
#2559=CARTESIAN_POINT('',(-0.000798354264865593,-0.007,0.00226332288190857));
#2560=CARTESIAN_POINT('',(-0.000798354264865593,0.,0.00226332288190857));
#2561=CARTESIAN_POINT('',(0.,-0.007,1.46957615897682E-19));
#2562=CARTESIAN_POINT('',(0.,0.,1.46957615897682E-19));
#2563=CARTESIAN_POINT('',(-9.57594940837957E-5,0.,0.0023980888472475));
#2564=CARTESIAN_POINT('',(-0.000365399112456967,0.,0.00237202097136928));
#2565=CARTESIAN_POINT('',(-0.000365399112456967,0.,0.00237202097136928));
#2566=CARTESIAN_POINT('',(-0.000365399112456971,-0.007,0.00237202097136928));
#2567=CARTESIAN_POINT('',(0.,-0.007,1.46957615897682E-19));
#2568=CARTESIAN_POINT('',(-9.57594940837957E-5,-0.007,0.0023980888472475));
#2569=CARTESIAN_POINT('',(-9.57594940837957E-5,0.,0.0023980888472475));
#2570=CARTESIAN_POINT('',(0.,-0.007,0.));
#2571=CARTESIAN_POINT('',(0.,-0.007,7.65404249467096E-20));
#2572=CARTESIAN_POINT('',(0.,-0.007,-0.00125));
#2573=CARTESIAN_POINT('',(0.000734602403027866,-0.007,0.00255115480466613));
#2574=CARTESIAN_POINT('',(0.000864912492152226,-0.007,0.0028039774315657));
#2575=CARTESIAN_POINT('',(0.0003,-0.007,0.00265434201411676));
#2576=CARTESIAN_POINT('',(0.00025,-0.007,0.00293434201411676));
#2577=CARTESIAN_POINT('',(0.000137029649519723,-0.007,0.00293434201411676));
#2578=CARTESIAN_POINT('',(-1.0842021724855E-18,-0.007,0.00293434201411675));
#2579=CARTESIAN_POINT('',(-5.E-5,-0.007,0.00265434201411675));
#2580=CARTESIAN_POINT('',(-0.000495709201581331,-0.007,0.00262484359826885));
#2581=CARTESIAN_POINT('',(-0.000626019290705692,-0.007,0.00287766622516843));
#2582=CARTESIAN_POINT('',(-0.000733970685484774,-0.007,0.00284436762980936));
#2583=CARTESIAN_POINT('',(-0.000864912492152227,-0.007,0.0028039774315657));
#2584=CARTESIAN_POINT('',(-0.00083015968360648,-0.007,0.00252167928722503));
#2585=CARTESIAN_POINT('',(-0.00124737246521816,-0.007,0.00236211630977837));
#2586=CARTESIAN_POINT('',(-0.00144641402019178,-0.007,0.00256529716368366));
#2587=CARTESIAN_POINT('',(-0.00153975450410665,-0.007,0.00250165869929165));
#2588=CARTESIAN_POINT('',(-0.00165297371377077,-0.007,0.00242446714916775));
#2589=CARTESIAN_POINT('',(-0.00153655603622876,-0.007,0.00216495428945609));
#2590=CARTESIAN_POINT('',(-0.00188820121131645,-0.007,0.00188950462118738));
#2591=CARTESIAN_POINT('',(-0.00213828851650045,-0.007,0.00202499019158442));
#2592=CARTESIAN_POINT('',(-0.0022087243779373,-0.007,0.00193666641499349));
#2593=CARTESIAN_POINT('',(-0.00229416096696513,-0.007,0.00182953232096741));
#2594=CARTESIAN_POINT('',(-0.00210642264196702,-0.007,0.00161586360232356));
#2595=CARTESIAN_POINT('',(-0.00236125499355475,-0.007,0.00124900215504944));
#2596=CARTESIAN_POINT('',(-0.00264016669439345,-0.007,0.00130475395443982));
#2597=CARTESIAN_POINT('',(-0.00268143939796094,-0.007,0.00119959282080259));
#2598=CARTESIAN_POINT('',(-0.00273150195048505,-0.007,0.00107203551727876));
#2599=CARTESIAN_POINT('',(-0.00248912435208298,-0.007,0.000923196343023964));
#2600=CARTESIAN_POINT('',(-0.00262450090741884,-0.007,0.000497520366279677));
#2601=CARTESIAN_POINT('',(-0.00290745447530889,-0.007,0.000468584602624817));
#2602=CARTESIAN_POINT('',(-0.00291589676017277,-0.007,0.000355930140156996));
#2603=CARTESIAN_POINT('',(-0.0029261369987055,-0.007,0.00021928365332952));
#2604=CARTESIAN_POINT('',(-0.00265065644017409,-0.007,0.000148499037266263));
#2605=CARTESIAN_POINT('',(-0.00265454839822623,-0.007,-0.000298168290366198));
#2606=CARTESIAN_POINT('',(-0.00291640216693933,-0.007,-0.000409220547483057));
#2607=CARTESIAN_POINT('',(-0.00289126389904109,-0.007,-0.000519358495415243));
#2608=CARTESIAN_POINT('',(-0.00286077193345025,-0.007,-0.000652952525528514));
#2609=CARTESIAN_POINT('',(-0.00257666607134153,-0.007,-0.000639393059629836));
#2610=CARTESIAN_POINT('',(-0.00244872761455746,-0.007,-0.00106736338592304));
#2611=CARTESIAN_POINT('',(-0.0026662147276171,-0.007,-0.00125066465611227));
#2612=CARTESIAN_POINT('',(-0.00260972955237696,-0.007,-0.00134849984950262));
#2613=CARTESIAN_POINT('',(-0.0025412147276171,-0.007,-0.00146717100705837));
#2614=CARTESIAN_POINT('',(-0.00227372761455746,-0.007,-0.0013704722772476));
#2615=CARTESIAN_POINT('',(-0.00202532663627112,-0.007,-0.00174171856059356));
#2616=CARTESIAN_POINT('',(-0.00217912240925548,-0.007,-0.00198098172159446));
#2617=CARTESIAN_POINT('',(-0.00209630928237465,-0.007,-0.00205782107416757));
#2618=CARTESIAN_POINT('',(-0.00199585944129803,-0.007,-0.00215102490603719));
#2619=CARTESIAN_POINT('',(-0.00176875848113068,-0.007,-0.00197977901881338));
#2620=CARTESIAN_POINT('',(-0.00142196649835253,-0.007,-0.00226131439774933));
#2621=CARTESIAN_POINT('',(-0.00149840550191033,-0.007,-0.00253527986771789));
#2622=CARTESIAN_POINT('',(-0.00139662273313157,-0.007,-0.00258429586579369));
#2623=CARTESIAN_POINT('',(-0.00127316328493472,-0.007,-0.00264375080249728));
#2624=CARTESIAN_POINT('',(-0.00110662739458668,-0.007,-0.00241317370644047));
#2625=CARTESIAN_POINT('',(-0.000692258396858131,-0.007,-0.00257998252705029));
#2626=CARTESIAN_POINT('',(-0.000684548690076204,-0.007,-0.00286430727170214));
#2627=CARTESIAN_POINT('',(-0.000572840125071849,-0.007,-0.00288114462874843));
#2628=CARTESIAN_POINT('',(-0.00043734098351992,-0.007,-0.00290156783824618));
#2629=CARTESIAN_POINT('',(-0.000346167607679335,-0.007,-0.00263214732021195));
#2630=CARTESIAN_POINT('',(9.89599011230529E-5,-0.007,-0.00266940788675599));
#2631=CARTESIAN_POINT('',(0.000190133276963638,-0.007,-0.00293882840479022));
#2632=CARTESIAN_POINT('',(0.000301841841967993,-0.007,-0.00292199104774392));
#2633=CARTESIAN_POINT('',(0.000437340983519921,-0.007,-0.00290156783824618));
#2634=CARTESIAN_POINT('',(0.000445050690301849,-0.007,-0.00261724309359433));
#2635=CARTESIAN_POINT('',(0.000881385177611082,-0.007,-0.00252164464121986));
#2636=CARTESIAN_POINT('',(0.00104792106795912,-0.007,-0.00275222173727667));
#2637=CARTESIAN_POINT('',(0.00114970383673787,-0.007,-0.00270320573920086));
#2638=CARTESIAN_POINT('',(0.00127316328493472,-0.007,-0.00264375080249727));
#2639=CARTESIAN_POINT('',(0.00119672428137693,-0.007,-0.00236978533252872));
#2640=CARTESIAN_POINT('',(0.00158549551317322,-0.007,-0.00214982220325612));
#2641=CARTESIAN_POINT('',(0.00181259647334057,-0.007,-0.00232106809047992));
#2642=CARTESIAN_POINT('',(0.00189540960022141,-0.007,-0.00224422873790681));
#2643=CARTESIAN_POINT('',(0.00199585944129803,-0.007,-0.00215102490603719));
#2644=CARTESIAN_POINT('',(0.00184206366831366,-0.007,-0.00191176174503629));
#2645=CARTESIAN_POINT('',(0.00214872761455746,-0.007,-0.00158697862819371));
#2646=CARTESIAN_POINT('',(0.0024162147276171,-0.007,-0.00168367735800449));
#2647=CARTESIAN_POINT('',(0.00247269990285724,-0.007,-0.00158584216461414));
#2648=CARTESIAN_POINT('',(0.0025412147276171,-0.007,-0.00146717100705837));
#2649=CARTESIAN_POINT('',(0.00232372761455746,-0.007,-0.00128386973686915));
#2650=CARTESIAN_POINT('',(0.00252103583785245,-0.007,-0.000883125037675292));
#2651=CARTESIAN_POINT('',(0.00280514169996118,-0.007,-0.000896684503573969));
#2652=CARTESIAN_POINT('',(0.00283027996785942,-0.007,-0.000786546555641783));
#2653=CARTESIAN_POINT('',(0.00286077193345025,-0.007,-0.000652952525528511));
#2654=CARTESIAN_POINT('',(0.00259891816473716,-0.007,-0.000541900268411652));
#2655=CARTESIAN_POINT('',(0.00266933896357069,-0.007,-0.000100801912029032));
#2656=CARTESIAN_POINT('',(0.00294481952210211,-0.007,-3.00172959657735E-5));
#2657=CARTESIAN_POINT('',(0.00293637723723823,-0.007,8.26371665020477E-5));
#2658=CARTESIAN_POINT('',(0.0029261369987055,-0.007,0.000219283653329522));
#2659=CARTESIAN_POINT('',(0.00264318343081544,-0.007,0.000248219416984382));
#2660=CARTESIAN_POINT('',(0.00258045960817459,-0.007,0.000690477905862913));
#2661=CARTESIAN_POINT('',(0.00282283720657665,-0.007,0.000839317080117715));
#2662=CARTESIAN_POINT('',(0.00278156450300915,-0.007,0.00094447821375494));
#2663=CARTESIAN_POINT('',(0.00273150195048505,-0.007,0.00107203551727876));
#2664=CARTESIAN_POINT('',(0.00245259024964635,-0.007,0.00101628371788838));
#2665=CARTESIAN_POINT('',(0.0022622950924317,-0.007,0.00142040573170656));
#2666=CARTESIAN_POINT('',(0.00245003341742981,-0.007,0.00163407445035041));
#2667=CARTESIAN_POINT('',(0.00237959755599295,-0.007,0.00172239822694133));
#2668=CARTESIAN_POINT('',(0.00229416096696512,-0.007,0.00182953232096741));
#2669=CARTESIAN_POINT('',(0.00204407366178114,-0.007,0.00169404675057037));
#2670=CARTESIAN_POINT('',(0.00174311572980776,-0.007,0.00202412427494019));
#2671=CARTESIAN_POINT('',(0.00185953340734977,-0.007,0.00228363713465185));
#2672=CARTESIAN_POINT('',(0.0017661929234349,-0.007,0.00234727559904387));
#2673=CARTESIAN_POINT('',(0.00165297371377077,-0.007,0.00242446714916775));
#2674=CARTESIAN_POINT('',(0.00145393215879716,-0.007,0.00222128629526245));
#2675=CARTESIAN_POINT('',(0.00106905288505302,-0.007,0.00244799049362231));
#2676=CARTESIAN_POINT('',(0.00110380569359876,-0.007,0.00273028863796297));
#2677=CARTESIAN_POINT('',(0.000995854298819681,-0.007,0.00276358723332205));
#2678=CARTESIAN_POINT('',(0.,0.,0.));
#2679=CARTESIAN_POINT('',(0.,0.,7.65404249467096E-20));
#2680=CARTESIAN_POINT('',(0.,0.,-0.00125));
#2681=CARTESIAN_POINT('',(0.00106905288505302,0.,0.00244799049362231));
#2682=CARTESIAN_POINT('',(0.00110380569359876,0.,0.00273028863796297));
#2683=CARTESIAN_POINT('',(0.00145393215879716,0.,0.00222128629526245));
#2684=CARTESIAN_POINT('',(0.00165297371377077,0.,0.00242446714916775));
#2685=CARTESIAN_POINT('',(0.0017661929234349,0.,0.00234727559904387));
#2686=CARTESIAN_POINT('',(0.00185953340734977,0.,0.00228363713465185));
#2687=CARTESIAN_POINT('',(0.00174311572980776,0.,0.00202412427494019));
#2688=CARTESIAN_POINT('',(0.00204407366178114,0.,0.00169404675057037));
#2689=CARTESIAN_POINT('',(0.00229416096696512,0.,0.00182953232096741));
#2690=CARTESIAN_POINT('',(0.00237959755599295,0.,0.00172239822694133));
#2691=CARTESIAN_POINT('',(0.00245003341742981,0.,0.00163407445035041));
#2692=CARTESIAN_POINT('',(0.0022622950924317,0.,0.00142040573170656));
#2693=CARTESIAN_POINT('',(0.00245259024964635,0.,0.00101628371788838));
#2694=CARTESIAN_POINT('',(0.00273150195048505,0.,0.00107203551727876));
#2695=CARTESIAN_POINT('',(0.00278156450300915,0.,0.00094447821375494));
#2696=CARTESIAN_POINT('',(0.00282283720657665,0.,0.000839317080117715));
#2697=CARTESIAN_POINT('',(0.00258045960817459,0.,0.000690477905862913));
#2698=CARTESIAN_POINT('',(0.00264318343081544,0.,0.000248219416984382));
#2699=CARTESIAN_POINT('',(0.0029261369987055,0.,0.000219283653329522));
#2700=CARTESIAN_POINT('',(0.00293637723723823,0.,8.26371665020477E-5));
#2701=CARTESIAN_POINT('',(0.00294481952210211,0.,-3.00172959657735E-5));
#2702=CARTESIAN_POINT('',(0.00266933896357069,0.,-0.000100801912029032));
#2703=CARTESIAN_POINT('',(0.00259891816473716,0.,-0.000541900268411652));
#2704=CARTESIAN_POINT('',(0.00286077193345025,0.,-0.000652952525528511));
#2705=CARTESIAN_POINT('',(0.00283027996785942,0.,-0.000786546555641783));
#2706=CARTESIAN_POINT('',(0.00280514169996118,0.,-0.000896684503573969));
#2707=CARTESIAN_POINT('',(0.00252103583785245,0.,-0.000883125037675292));
#2708=CARTESIAN_POINT('',(0.00232372761455746,0.,-0.00128386973686915));
#2709=CARTESIAN_POINT('',(0.0025412147276171,0.,-0.00146717100705837));
#2710=CARTESIAN_POINT('',(0.00247269990285724,0.,-0.00158584216461414));
#2711=CARTESIAN_POINT('',(0.0024162147276171,0.,-0.00168367735800449));
#2712=CARTESIAN_POINT('',(0.00214872761455746,0.,-0.00158697862819371));
#2713=CARTESIAN_POINT('',(0.00184206366831366,0.,-0.00191176174503629));
#2714=CARTESIAN_POINT('',(0.00199585944129803,0.,-0.00215102490603719));
#2715=CARTESIAN_POINT('',(0.00189540960022141,0.,-0.00224422873790681));
#2716=CARTESIAN_POINT('',(0.00181259647334057,0.,-0.00232106809047992));
#2717=CARTESIAN_POINT('',(0.00158549551317322,0.,-0.00214982220325612));
#2718=CARTESIAN_POINT('',(0.00119672428137693,0.,-0.00236978533252872));
#2719=CARTESIAN_POINT('',(0.00127316328493472,0.,-0.00264375080249727));
#2720=CARTESIAN_POINT('',(0.00114970383673787,0.,-0.00270320573920086));
#2721=CARTESIAN_POINT('',(0.00104792106795912,0.,-0.00275222173727667));
#2722=CARTESIAN_POINT('',(0.000881385177611082,0.,-0.00252164464121986));
#2723=CARTESIAN_POINT('',(0.000445050690301849,0.,-0.00261724309359433));
#2724=CARTESIAN_POINT('',(0.000437340983519921,0.,-0.00290156783824618));
#2725=CARTESIAN_POINT('',(0.000301841841967993,0.,-0.00292199104774392));
#2726=CARTESIAN_POINT('',(0.000190133276963638,0.,-0.00293882840479022));
#2727=CARTESIAN_POINT('',(9.89599011230529E-5,0.,-0.00266940788675599));
#2728=CARTESIAN_POINT('',(-0.000346167607679335,0.,-0.00263214732021195));
#2729=CARTESIAN_POINT('',(-0.00043734098351992,0.,-0.00290156783824618));
#2730=CARTESIAN_POINT('',(-0.000572840125071849,0.,-0.00288114462874843));
#2731=CARTESIAN_POINT('',(-0.000684548690076204,0.,-0.00286430727170214));
#2732=CARTESIAN_POINT('',(-0.000692258396858131,0.,-0.00257998252705029));
#2733=CARTESIAN_POINT('',(-0.00110662739458668,0.,-0.00241317370644047));
#2734=CARTESIAN_POINT('',(-0.00127316328493472,0.,-0.00264375080249728));
#2735=CARTESIAN_POINT('',(-0.00139662273313157,0.,-0.00258429586579369));
#2736=CARTESIAN_POINT('',(-0.00149840550191033,0.,-0.00253527986771789));
#2737=CARTESIAN_POINT('',(-0.00142196649835253,0.,-0.00226131439774933));
#2738=CARTESIAN_POINT('',(-0.00176875848113068,0.,-0.00197977901881338));
#2739=CARTESIAN_POINT('',(-0.00199585944129803,0.,-0.00215102490603719));
#2740=CARTESIAN_POINT('',(-0.00209630928237465,0.,-0.00205782107416757));
#2741=CARTESIAN_POINT('',(-0.00217912240925548,0.,-0.00198098172159446));
#2742=CARTESIAN_POINT('',(-0.00202532663627112,0.,-0.00174171856059356));
#2743=CARTESIAN_POINT('',(-0.00227372761455746,0.,-0.0013704722772476));
#2744=CARTESIAN_POINT('',(-0.0025412147276171,0.,-0.00146717100705837));
#2745=CARTESIAN_POINT('',(-0.00260972955237696,0.,-0.00134849984950262));
#2746=CARTESIAN_POINT('',(-0.0026662147276171,0.,-0.00125066465611227));
#2747=CARTESIAN_POINT('',(-0.00244872761455746,0.,-0.00106736338592304));
#2748=CARTESIAN_POINT('',(-0.00257666607134153,0.,-0.000639393059629836));
#2749=CARTESIAN_POINT('',(-0.00286077193345025,0.,-0.000652952525528514));
#2750=CARTESIAN_POINT('',(-0.00289126389904109,0.,-0.000519358495415243));
#2751=CARTESIAN_POINT('',(-0.00291640216693933,0.,-0.000409220547483057));
#2752=CARTESIAN_POINT('',(-0.00265454839822623,0.,-0.000298168290366198));
#2753=CARTESIAN_POINT('',(-0.00265065644017409,0.,0.000148499037266263));
#2754=CARTESIAN_POINT('',(-0.0029261369987055,0.,0.00021928365332952));
#2755=CARTESIAN_POINT('',(-0.00291589676017277,0.,0.000355930140156996));
#2756=CARTESIAN_POINT('',(-0.00290745447530889,0.,0.000468584602624817));
#2757=CARTESIAN_POINT('',(-0.00262450090741884,0.,0.000497520366279677));
#2758=CARTESIAN_POINT('',(-0.00248912435208298,0.,0.000923196343023964));
#2759=CARTESIAN_POINT('',(-0.00273150195048505,0.,0.00107203551727876));
#2760=CARTESIAN_POINT('',(-0.00268143939796094,0.,0.00119959282080259));
#2761=CARTESIAN_POINT('',(-0.00264016669439345,0.,0.00130475395443982));
#2762=CARTESIAN_POINT('',(-0.00236125499355475,0.,0.00124900215504944));
#2763=CARTESIAN_POINT('',(-0.00210642264196702,0.,0.00161586360232356));
#2764=CARTESIAN_POINT('',(-0.00229416096696513,0.,0.00182953232096741));
#2765=CARTESIAN_POINT('',(-0.0022087243779373,0.,0.00193666641499349));
#2766=CARTESIAN_POINT('',(-0.00213828851650045,0.,0.00202499019158442));
#2767=CARTESIAN_POINT('',(-0.00188820121131645,0.,0.00188950462118738));
#2768=CARTESIAN_POINT('',(-0.00153655603622876,0.,0.00216495428945609));
#2769=CARTESIAN_POINT('',(-0.00165297371377077,0.,0.00242446714916775));
#2770=CARTESIAN_POINT('',(-0.00153975450410665,0.,0.00250165869929165));
#2771=CARTESIAN_POINT('',(-0.00144641402019178,0.,0.00256529716368366));
#2772=CARTESIAN_POINT('',(-0.00124737246521816,0.,0.00236211630977837));
#2773=CARTESIAN_POINT('',(-0.00083015968360648,0.,0.00252167928722503));
#2774=CARTESIAN_POINT('',(-0.000864912492152227,0.,0.0028039774315657));
#2775=CARTESIAN_POINT('',(-0.000733970685484774,0.,0.00284436762980936));
#2776=CARTESIAN_POINT('',(-0.000626019290705692,0.,0.00287766622516843));
#2777=CARTESIAN_POINT('',(-0.000495709201581331,0.,0.00262484359826885));
#2778=CARTESIAN_POINT('',(-5.E-5,0.,0.00265434201411675));
#2779=CARTESIAN_POINT('',(-1.0842021724855E-18,0.,0.00293434201411675));
#2780=CARTESIAN_POINT('',(0.000137029649519723,0.,0.00293434201411676));
#2781=CARTESIAN_POINT('',(0.00025,0.,0.00293434201411676));
#2782=CARTESIAN_POINT('',(0.0003,0.,0.00265434201411676));
#2783=CARTESIAN_POINT('',(0.000734602403027866,0.,0.00255115480466613));
#2784=CARTESIAN_POINT('',(0.000864912492152226,0.,0.0028039774315657));
#2785=CARTESIAN_POINT('',(0.000995854298819681,0.,0.00276358723332205));
#2786=CARTESIAN_POINT('',(0.0003,0.,0.00265434201411676));
#2787=CARTESIAN_POINT('',(0.00025,0.,0.00293434201411676));
#2788=CARTESIAN_POINT('',(0.000137029649519723,0.,0.00293434201411676));
#2789=CARTESIAN_POINT('',(-1.0842021724855E-18,0.,0.00293434201411675));
#2790=CARTESIAN_POINT('',(-5.E-5,0.,0.00265434201411675));
#2791=CARTESIAN_POINT('',(-0.000495709201581331,0.,0.00262484359826885));
#2792=CARTESIAN_POINT('',(-0.000626019290705692,0.,0.00287766622516843));
#2793=CARTESIAN_POINT('',(-0.000733970685484774,0.,0.00284436762980936));
#2794=CARTESIAN_POINT('',(-0.000864912492152227,0.,0.0028039774315657));
#2795=CARTESIAN_POINT('',(-0.00083015968360648,0.,0.00252167928722503));
#2796=CARTESIAN_POINT('',(-0.00124737246521816,0.,0.00236211630977837));
#2797=CARTESIAN_POINT('',(-0.00144641402019178,0.,0.00256529716368366));
#2798=CARTESIAN_POINT('',(-0.00153975450410665,0.,0.00250165869929165));
#2799=CARTESIAN_POINT('',(-0.00165297371377077,0.,0.00242446714916775));
#2800=CARTESIAN_POINT('',(-0.00153655603622876,0.,0.00216495428945609));
#2801=CARTESIAN_POINT('',(-0.00188820121131645,0.,0.00188950462118738));
#2802=CARTESIAN_POINT('',(-0.00213828851650045,0.,0.00202499019158442));
#2803=CARTESIAN_POINT('',(-0.0022087243779373,0.,0.00193666641499349));
#2804=CARTESIAN_POINT('',(-0.00229416096696513,0.,0.00182953232096741));
#2805=CARTESIAN_POINT('',(-0.00210642264196702,0.,0.00161586360232356));
#2806=CARTESIAN_POINT('',(-0.00236125499355475,0.,0.00124900215504944));
#2807=CARTESIAN_POINT('',(-0.00264016669439345,0.,0.00130475395443982));
#2808=CARTESIAN_POINT('',(-0.00268143939796094,0.,0.00119959282080259));
#2809=CARTESIAN_POINT('',(-0.00273150195048505,0.,0.00107203551727876));
#2810=CARTESIAN_POINT('',(-0.00248912435208298,0.,0.000923196343023964));
#2811=CARTESIAN_POINT('',(-0.00262450090741884,0.,0.000497520366279677));
#2812=CARTESIAN_POINT('',(-0.00290745447530889,0.,0.000468584602624817));
#2813=CARTESIAN_POINT('',(-0.00291589676017277,0.,0.000355930140156996));
#2814=CARTESIAN_POINT('',(-0.0029261369987055,0.,0.00021928365332952));
#2815=CARTESIAN_POINT('',(-0.00265065644017409,0.,0.000148499037266263));
#2816=CARTESIAN_POINT('',(-0.00265454839822623,0.,-0.000298168290366198));
#2817=CARTESIAN_POINT('',(-0.00291640216693933,0.,-0.000409220547483057));
#2818=CARTESIAN_POINT('',(-0.00289126389904109,0.,-0.000519358495415243));
#2819=CARTESIAN_POINT('',(-0.00286077193345025,0.,-0.000652952525528514));
#2820=CARTESIAN_POINT('',(-0.00257666607134153,0.,-0.000639393059629836));
#2821=CARTESIAN_POINT('',(-0.00244872761455746,0.,-0.00106736338592304));
#2822=CARTESIAN_POINT('',(-0.0026662147276171,0.,-0.00125066465611227));
#2823=CARTESIAN_POINT('',(-0.00260972955237696,0.,-0.00134849984950262));
#2824=CARTESIAN_POINT('',(-0.0025412147276171,0.,-0.00146717100705837));
#2825=CARTESIAN_POINT('',(-0.00227372761455746,0.,-0.0013704722772476));
#2826=CARTESIAN_POINT('',(-0.00202532663627112,0.,-0.00174171856059356));
#2827=CARTESIAN_POINT('',(-0.00217912240925548,0.,-0.00198098172159446));
#2828=CARTESIAN_POINT('',(-0.00209630928237465,0.,-0.00205782107416757));
#2829=CARTESIAN_POINT('',(-0.00199585944129803,0.,-0.00215102490603719));
#2830=CARTESIAN_POINT('',(-0.00176875848113068,0.,-0.00197977901881338));
#2831=CARTESIAN_POINT('',(-0.00142196649835253,0.,-0.00226131439774933));
#2832=CARTESIAN_POINT('',(-0.00149840550191033,0.,-0.00253527986771789));
#2833=CARTESIAN_POINT('',(-0.00139662273313157,0.,-0.00258429586579369));
#2834=CARTESIAN_POINT('',(-0.00127316328493472,0.,-0.00264375080249728));
#2835=CARTESIAN_POINT('',(-0.00110662739458668,0.,-0.00241317370644047));
#2836=CARTESIAN_POINT('',(-0.000692258396858131,0.,-0.00257998252705029));
#2837=CARTESIAN_POINT('',(-0.000684548690076204,0.,-0.00286430727170214));
#2838=CARTESIAN_POINT('',(-0.000572840125071849,0.,-0.00288114462874843));
#2839=CARTESIAN_POINT('',(-0.00043734098351992,0.,-0.00290156783824618));
#2840=CARTESIAN_POINT('',(-0.000346167607679335,0.,-0.00263214732021195));
#2841=CARTESIAN_POINT('',(9.89599011230529E-5,0.,-0.00266940788675599));
#2842=CARTESIAN_POINT('',(0.000190133276963638,0.,-0.00293882840479022));
#2843=CARTESIAN_POINT('',(0.000301841841967993,0.,-0.00292199104774392));
#2844=CARTESIAN_POINT('',(0.000437340983519921,0.,-0.00290156783824618));
#2845=CARTESIAN_POINT('',(0.000445050690301849,0.,-0.00261724309359433));
#2846=CARTESIAN_POINT('',(0.000881385177611082,0.,-0.00252164464121986));
#2847=CARTESIAN_POINT('',(0.00104792106795912,0.,-0.00275222173727667));
#2848=CARTESIAN_POINT('',(0.00114970383673787,0.,-0.00270320573920086));
#2849=CARTESIAN_POINT('',(0.00127316328493472,0.,-0.00264375080249727));
#2850=CARTESIAN_POINT('',(0.00119672428137693,0.,-0.00236978533252872));
#2851=CARTESIAN_POINT('',(0.00158549551317322,0.,-0.00214982220325612));
#2852=CARTESIAN_POINT('',(0.00181259647334057,0.,-0.00232106809047992));
#2853=CARTESIAN_POINT('',(0.00189540960022141,0.,-0.00224422873790681));
#2854=CARTESIAN_POINT('',(0.00199585944129803,0.,-0.00215102490603719));
#2855=CARTESIAN_POINT('',(0.00184206366831366,0.,-0.00191176174503629));
#2856=CARTESIAN_POINT('',(0.00214872761455746,0.,-0.00158697862819371));
#2857=CARTESIAN_POINT('',(0.0024162147276171,0.,-0.00168367735800449));
#2858=CARTESIAN_POINT('',(0.00247269990285724,0.,-0.00158584216461414));
#2859=CARTESIAN_POINT('',(0.0025412147276171,0.,-0.00146717100705837));
#2860=CARTESIAN_POINT('',(0.00232372761455746,0.,-0.00128386973686915));
#2861=CARTESIAN_POINT('',(0.00252103583785245,0.,-0.000883125037675292));
#2862=CARTESIAN_POINT('',(0.00280514169996118,0.,-0.000896684503573969));
#2863=CARTESIAN_POINT('',(0.00283027996785942,0.,-0.000786546555641783));
#2864=CARTESIAN_POINT('',(0.00286077193345025,0.,-0.000652952525528511));
#2865=CARTESIAN_POINT('',(0.00259891816473716,0.,-0.000541900268411652));
#2866=CARTESIAN_POINT('',(0.00266933896357069,0.,-0.000100801912029032));
#2867=CARTESIAN_POINT('',(0.00294481952210211,0.,-3.00172959657735E-5));
#2868=CARTESIAN_POINT('',(0.00293637723723823,0.,8.26371665020477E-5));
#2869=CARTESIAN_POINT('',(0.0029261369987055,0.,0.000219283653329522));
#2870=CARTESIAN_POINT('',(0.00264318343081544,0.,0.000248219416984382));
#2871=CARTESIAN_POINT('',(0.00258045960817459,0.,0.000690477905862913));
#2872=CARTESIAN_POINT('',(0.00282283720657665,0.,0.000839317080117715));
#2873=CARTESIAN_POINT('',(0.00278156450300915,0.,0.00094447821375494));
#2874=CARTESIAN_POINT('',(0.00273150195048505,0.,0.00107203551727876));
#2875=CARTESIAN_POINT('',(0.00245259024964635,0.,0.00101628371788838));
#2876=CARTESIAN_POINT('',(0.0022622950924317,0.,0.00142040573170656));
#2877=CARTESIAN_POINT('',(0.00245003341742981,0.,0.00163407445035041));
#2878=CARTESIAN_POINT('',(0.00237959755599295,0.,0.00172239822694133));
#2879=CARTESIAN_POINT('',(0.00229416096696512,0.,0.00182953232096741));
#2880=CARTESIAN_POINT('',(0.00204407366178114,0.,0.00169404675057037));
#2881=CARTESIAN_POINT('',(0.00174311572980776,0.,0.00202412427494019));
#2882=CARTESIAN_POINT('',(0.00185953340734977,0.,0.00228363713465185));
#2883=CARTESIAN_POINT('',(0.0017661929234349,0.,0.00234727559904387));
#2884=CARTESIAN_POINT('',(0.00165297371377077,0.,0.00242446714916775));
#2885=CARTESIAN_POINT('',(0.00145393215879716,0.,0.00222128629526245));
#2886=CARTESIAN_POINT('',(0.00106905288505302,0.,0.00244799049362231));
#2887=CARTESIAN_POINT('',(0.00110380569359876,0.,0.00273028863796297));
#2888=CARTESIAN_POINT('',(0.000995854298819681,0.,0.00276358723332205));
#2889=CARTESIAN_POINT('',(0.000864912492152226,0.,0.0028039774315657));
#2890=CARTESIAN_POINT('',(0.000734602403027866,0.,0.00255115480466613));
#2891=CARTESIAN_POINT('',(0.,0.013,7.65404249467096E-20));
#2892=MECHANICAL_DESIGN_GEOMETRIC_PRESENTATION_REPRESENTATION('',(#1763),
#2893);
#2893=(
GEOMETRIC_REPRESENTATION_CONTEXT(3)
GLOBAL_UNCERTAINTY_ASSIGNED_CONTEXT((#2894))
GLOBAL_UNIT_ASSIGNED_CONTEXT((#2897,#2896,#2895))
REPRESENTATION_CONTEXT('gear','TOP_LEVEL_ASSEMBLY_PART')
);
#2894=UNCERTAINTY_MEASURE_WITH_UNIT(LENGTH_MEASURE(1.E-8),#2897,
'DISTANCE_ACCURACY_VALUE','Maximum Tolerance applied to model');
#2895=(
NAMED_UNIT(*)
SI_UNIT($,.STERADIAN.)
SOLID_ANGLE_UNIT()
);
#2896=(
NAMED_UNIT(*)
PLANE_ANGLE_UNIT()
SI_UNIT($,.RADIAN.)
);
#2897=(
LENGTH_UNIT()
NAMED_UNIT(*)
SI_UNIT($,.METRE.)
);
#2898=PRODUCT_DEFINITION_SHAPE('','',#2899);
#2899=PRODUCT_DEFINITION('','',#2901,#2900);
#2900=PRODUCT_DEFINITION_CONTEXT('',#2907,'design');
#2901=PRODUCT_DEFINITION_FORMATION_WITH_SPECIFIED_SOURCE('','',#2903,
 .NOT_KNOWN.);
#2902=PRODUCT_RELATED_PRODUCT_CATEGORY('','',(#2903));
#2903=PRODUCT('gear','gear','gear',(#2905));
#2904=PRODUCT_CATEGORY('','');
#2905=PRODUCT_CONTEXT('',#2907,'mechanical');
#2906=APPLICATION_PROTOCOL_DEFINITION('international standard',
'ap242_managed_model_based_3d_engineering',2020,#2907);
#2907=APPLICATION_CONTEXT('managed model based 3d engineering');
ENDSEC;
END-ISO-10303-21;
