ISO-10303-21;
HEADER;
/* Generated by software containing ST-Developer
 * from STEP Tools, Inc. (www.steptools.com) 
 */
/* OPTION: using custom renumber hook */

FILE_DESCRIPTION(
/* description */ ('STEP AP242 Edition 2',
'CAx-IF Rec.Pracs.---Representation and Presentation of Product Manufa
cturing Information (PMI)---4.0---2014-10-13',
'CAx-IF Rec.Pracs.---3D Tessellated Geometry---0.4---2014-09-14','2;1',
'CAx-IF Rec.Pracs.---User Defined Attributes---1.5---2016-08-15'),
/* implementation_level */ '2;1');

FILE_NAME(
/* name */ 'Part Studio 3',
/* time_stamp */ '2026-05-31T13:24:06Z',
/* author */ (''),
/* organization */ (''),
/* preprocessor_version */ 'ST-DEVELOPER v20',
/* originating_system */ 'ONSHAPE BY PTC INC, 1.215',
/* authorisation */ '  ');

FILE_SCHEMA (('AP242_MANAGED_MODEL_BASED_3D_ENGINEERING_MIM_LF { 1 0 10303 442 3 1 4 }'));
ENDSEC;

DATA;
#10=ADVANCED_BREP_SHAPE_REPRESENTATION('',(#616),#3807);
#11=ADVANCED_BREP_SHAPE_REPRESENTATION('',(#617),#3808);
#12=B_SPLINE_CURVE_WITH_KNOTS('',3,(#3700,#3701,#3702,#3703,#3704),
 .UNSPECIFIED.,.F.,.F.,(4,1,4),(0.,0.000783873238768493,0.00156774647753699),
 .UNSPECIFIED.);
#13=B_SPLINE_CURVE_WITH_KNOTS('',3,(#3706,#3707,#3708,#3709,#3710),
 .UNSPECIFIED.,.F.,.F.,(4,1,4),(0.,0.000783873238768486,0.00156774647753697),
 .UNSPECIFIED.);
#14=B_SPLINE_CURVE_WITH_KNOTS('',3,(#3748,#3749,#3750,#3751,#3752),
 .UNSPECIFIED.,.F.,.F.,(4,1,4),(0.000523755152154093,0.00210974341231536,
0.00369573167247662),.UNSPECIFIED.);
#15=B_SPLINE_CURVE_WITH_KNOTS('',3,(#3754,#3755,#3756,#3757,#3758),
 .UNSPECIFIED.,.F.,.F.,(4,1,4),(-6.82443601583329E-6,0.00157977372591381,
0.00316637188784345),.UNSPECIFIED.);
#16=B_SPLINE_CURVE_WITH_KNOTS('',3,(#3760,#3761,#3762,#3763,#3764),
 .UNSPECIFIED.,.F.,.F.,(4,1,4),(0.000523755152154074,0.00210974341231534,
0.00369573167247661),.UNSPECIFIED.);
#17=B_SPLINE_CURVE_WITH_KNOTS('',3,(#3766,#3767,#3768,#3769,#3770),
 .UNSPECIFIED.,.F.,.F.,(4,1,4),(-6.82443601572258E-6,0.00157977372591388,
0.00316637188784348),.UNSPECIFIED.);
#18=B_SPLINE_CURVE_WITH_KNOTS('',3,(#3775,#3776,#3777,#3778,#3779),
 .UNSPECIFIED.,.F.,.F.,(4,1,4),(-6.82443601582345E-6,0.00157977372591384,
0.0031663718878435),.UNSPECIFIED.);
#19=B_SPLINE_CURVE_WITH_KNOTS('',3,(#3783,#3784,#3785,#3786,#3787),
 .UNSPECIFIED.,.F.,.F.,(4,1,4),(0.000523755152154054,0.00210974341231536,
0.00369573167247667),.UNSPECIFIED.);
#20=B_SPLINE_CURVE_WITH_KNOTS('',3,(#3791,#3792,#3793,#3794,#3795),
 .UNSPECIFIED.,.F.,.F.,(4,1,4),(0.000523755152154039,0.00210974341231532,
0.00369573167247659),.UNSPECIFIED.);
#21=B_SPLINE_CURVE_WITH_KNOTS('',3,(#3797,#3798,#3799,#3800,#3801),
 .UNSPECIFIED.,.F.,.F.,(4,1,4),(-6.82443601572547E-6,0.00157977372591388,
0.00316637188784348),.UNSPECIFIED.);
#22=TOROIDAL_SURFACE('',#2464,0.0035,0.001);
#23=TOROIDAL_SURFACE('',#2469,0.00358851641757517,0.001);
#24=TOROIDAL_SURFACE('',#2481,0.00205,0.001);
#25=TOROIDAL_SURFACE('',#2482,0.00205,0.001);
#26=TOROIDAL_SURFACE('',#2488,0.00205,0.001);
#27=TOROIDAL_SURFACE('',#2492,0.00205,0.001);
#28=SPHERICAL_SURFACE('',#2415,0.001);
#29=SPHERICAL_SURFACE('',#2424,0.001);
#30=SPHERICAL_SURFACE('',#2440,0.001);
#31=ELLIPSE('',#2371,0.00141421356237309,0.001);
#32=ELLIPSE('',#2372,0.00141421356237309,0.001);
#33=ELLIPSE('',#2374,0.00141421356237309,0.001);
#34=ELLIPSE('',#2376,0.00141421356237309,0.001);
#35=ELLIPSE('',#2407,0.00141421356237309,0.001);
#36=ELLIPSE('',#2409,0.00141421356237309,0.001);
#37=ELLIPSE('',#2421,0.00141421356237309,0.001);
#38=ELLIPSE('',#2423,0.00141421356237309,0.001);
#39=ELLIPSE('',#2427,0.00141421356237309,0.001);
#40=ELLIPSE('',#2429,0.00141421356237309,0.001);
#41=ELLIPSE('',#2431,0.00141421356237309,0.001);
#42=ELLIPSE('',#2433,0.00141421356237309,0.001);
#43=ELLIPSE('',#2435,0.00141421356237309,0.001);
#44=ELLIPSE('',#2484,0.00141421356237309,0.001);
#45=ELLIPSE('',#2485,0.00141421356237309,0.001);
#46=ELLIPSE('',#2487,0.00141421356237309,0.001);
#47=ELLIPSE('',#2490,0.00141421356237309,0.001);
#48=LINE('',#3129,#289);
#49=LINE('',#3133,#290);
#50=LINE('',#3134,#291);
#51=LINE('',#3137,#292);
#52=LINE('',#3139,#293);
#53=LINE('',#3141,#294);
#54=LINE('',#3143,#295);
#55=LINE('',#3145,#296);
#56=LINE('',#3147,#297);
#57=LINE('',#3149,#298);
#58=LINE('',#3151,#299);
#59=LINE('',#3153,#300);
#60=LINE('',#3155,#301);
#61=LINE('',#3157,#302);
#62=LINE('',#3159,#303);
#63=LINE('',#3161,#304);
#64=LINE('',#3163,#305);
#65=LINE('',#3165,#306);
#66=LINE('',#3167,#307);
#67=LINE('',#3169,#308);
#68=LINE('',#3172,#309);
#69=LINE('',#3174,#310);
#70=LINE('',#3176,#311);
#71=LINE('',#3178,#312);
#72=LINE('',#3182,#313);
#73=LINE('',#3184,#314);
#74=LINE('',#3187,#315);
#75=LINE('',#3189,#316);
#76=LINE('',#3191,#317);
#77=LINE('',#3193,#318);
#78=LINE('',#3196,#319);
#79=LINE('',#3200,#320);
#80=LINE('',#3204,#321);
#81=LINE('',#3206,#322);
#82=LINE('',#3211,#323);
#83=LINE('',#3213,#324);
#84=LINE('',#3215,#325);
#85=LINE('',#3217,#326);
#86=LINE('',#3220,#327);
#87=LINE('',#3222,#328);
#88=LINE('',#3224,#329);
#89=LINE('',#3225,#330);
#90=LINE('',#3227,#331);
#91=LINE('',#3228,#332);
#92=LINE('',#3230,#333);
#93=LINE('',#3232,#334);
#94=LINE('',#3234,#335);
#95=LINE('',#3236,#336);
#96=LINE('',#3238,#337);
#97=LINE('',#3240,#338);
#98=LINE('',#3242,#339);
#99=LINE('',#3244,#340);
#100=LINE('',#3245,#341);
#101=LINE('',#3248,#342);
#102=LINE('',#3250,#343);
#103=LINE('',#3252,#344);
#104=LINE('',#3254,#345);
#105=LINE('',#3259,#346);
#106=LINE('',#3262,#347);
#107=LINE('',#3265,#348);
#108=LINE('',#3267,#349);
#109=LINE('',#3269,#350);
#110=LINE('',#3270,#351);
#111=LINE('',#3273,#352);
#112=LINE('',#3275,#353);
#113=LINE('',#3277,#354);
#114=LINE('',#3279,#355);
#115=LINE('',#3282,#356);
#116=LINE('',#3284,#357);
#117=LINE('',#3286,#358);
#118=LINE('',#3288,#359);
#119=LINE('',#3290,#360);
#120=LINE('',#3292,#361);
#121=LINE('',#3293,#362);
#122=LINE('',#3294,#363);
#123=LINE('',#3295,#364);
#124=LINE('',#3296,#365);
#125=LINE('',#3299,#366);
#126=LINE('',#3301,#367);
#127=LINE('',#3303,#368);
#128=LINE('',#3304,#369);
#129=LINE('',#3307,#370);
#130=LINE('',#3309,#371);
#131=LINE('',#3311,#372);
#132=LINE('',#3312,#373);
#133=LINE('',#3315,#374);
#134=LINE('',#3317,#375);
#135=LINE('',#3319,#376);
#136=LINE('',#3320,#377);
#137=LINE('',#3323,#378);
#138=LINE('',#3325,#379);
#139=LINE('',#3327,#380);
#140=LINE('',#3328,#381);
#141=LINE('',#3330,#382);
#142=LINE('',#3332,#383);
#143=LINE('',#3334,#384);
#144=LINE('',#3336,#385);
#145=LINE('',#3338,#386);
#146=LINE('',#3340,#387);
#147=LINE('',#3342,#388);
#148=LINE('',#3344,#389);
#149=LINE('',#3346,#390);
#150=LINE('',#3348,#391);
#151=LINE('',#3351,#392);
#152=LINE('',#3353,#393);
#153=LINE('',#3355,#394);
#154=LINE('',#3358,#395);
#155=LINE('',#3359,#396);
#156=LINE('',#3361,#397);
#157=LINE('',#3363,#398);
#158=LINE('',#3365,#399);
#159=LINE('',#3367,#400);
#160=LINE('',#3369,#401);
#161=LINE('',#3372,#402);
#162=LINE('',#3374,#403);
#163=LINE('',#3376,#404);
#164=LINE('',#3378,#405);
#165=LINE('',#3380,#406);
#166=LINE('',#3382,#407);
#167=LINE('',#3384,#408);
#168=LINE('',#3386,#409);
#169=LINE('',#3388,#410);
#170=LINE('',#3390,#411);
#171=LINE('',#3392,#412);
#172=LINE('',#3394,#413);
#173=LINE('',#3396,#414);
#174=LINE('',#3398,#415);
#175=LINE('',#3400,#416);
#176=LINE('',#3402,#417);
#177=LINE('',#3404,#418);
#178=LINE('',#3406,#419);
#179=LINE('',#3407,#420);
#180=LINE('',#3411,#421);
#181=LINE('',#3413,#422);
#182=LINE('',#3415,#423);
#183=LINE('',#3417,#424);
#184=LINE('',#3420,#425);
#185=LINE('',#3421,#426);
#186=LINE('',#3422,#427);
#187=LINE('',#3425,#428);
#188=LINE('',#3428,#429);
#189=LINE('',#3429,#430);
#190=LINE('',#3432,#431);
#191=LINE('',#3435,#432);
#192=LINE('',#3437,#433);
#193=LINE('',#3439,#434);
#194=LINE('',#3441,#435);
#195=LINE('',#3443,#436);
#196=LINE('',#3445,#437);
#197=LINE('',#3448,#438);
#198=LINE('',#3450,#439);
#199=LINE('',#3452,#440);
#200=LINE('',#3454,#441);
#201=LINE('',#3456,#442);
#202=LINE('',#3458,#443);
#203=LINE('',#3460,#444);
#204=LINE('',#3462,#445);
#205=LINE('',#3465,#446);
#206=LINE('',#3467,#447);
#207=LINE('',#3469,#448);
#208=LINE('',#3471,#449);
#209=LINE('',#3473,#450);
#210=LINE('',#3475,#451);
#211=LINE('',#3479,#452);
#212=LINE('',#3481,#453);
#213=LINE('',#3483,#454);
#214=LINE('',#3485,#455);
#215=LINE('',#3487,#456);
#216=LINE('',#3490,#457);
#217=LINE('',#3497,#458);
#218=LINE('',#3499,#459);
#219=LINE('',#3501,#460);
#220=LINE('',#3503,#461);
#221=LINE('',#3505,#462);
#222=LINE('',#3507,#463);
#223=LINE('',#3509,#464);
#224=LINE('',#3511,#465);
#225=LINE('',#3535,#466);
#226=LINE('',#3539,#467);
#227=LINE('',#3541,#468);
#228=LINE('',#3542,#469);
#229=LINE('',#3544,#470);
#230=LINE('',#3546,#471);
#231=LINE('',#3549,#472);
#232=LINE('',#3550,#473);
#233=LINE('',#3552,#474);
#234=LINE('',#3555,#475);
#235=LINE('',#3556,#476);
#236=LINE('',#3558,#477);
#237=LINE('',#3559,#478);
#238=LINE('',#3564,#479);
#239=LINE('',#3568,#480);
#240=LINE('',#3570,#481);
#241=LINE('',#3573,#482);
#242=LINE('',#3574,#483);
#243=LINE('',#3576,#484);
#244=LINE('',#3578,#485);
#245=LINE('',#3618,#486);
#246=LINE('',#3620,#487);
#247=LINE('',#3622,#488);
#248=LINE('',#3624,#489);
#249=LINE('',#3626,#490);
#250=LINE('',#3628,#491);
#251=LINE('',#3630,#492);
#252=LINE('',#3632,#493);
#253=LINE('',#3635,#494);
#254=LINE('',#3637,#495);
#255=LINE('',#3639,#496);
#256=LINE('',#3641,#497);
#257=LINE('',#3643,#498);
#258=LINE('',#3645,#499);
#259=LINE('',#3647,#500);
#260=LINE('',#3649,#501);
#261=LINE('',#3651,#502);
#262=LINE('',#3653,#503);
#263=LINE('',#3654,#504);
#264=LINE('',#3656,#505);
#265=LINE('',#3660,#506);
#266=LINE('',#3662,#507);
#267=LINE('',#3664,#508);
#268=LINE('',#3666,#509);
#269=LINE('',#3668,#510);
#270=LINE('',#3670,#511);
#271=LINE('',#3672,#512);
#272=LINE('',#3674,#513);
#273=LINE('',#3676,#514);
#274=LINE('',#3678,#515);
#275=LINE('',#3681,#516);
#276=LINE('',#3683,#517);
#277=LINE('',#3685,#518);
#278=LINE('',#3687,#519);
#279=LINE('',#3691,#520);
#280=LINE('',#3693,#521);
#281=LINE('',#3717,#522);
#282=LINE('',#3721,#523);
#283=LINE('',#3725,#524);
#284=LINE('',#3729,#525);
#285=LINE('',#3739,#526);
#286=LINE('',#3742,#527);
#287=LINE('',#3744,#528);
#288=LINE('',#3746,#529);
#289=VECTOR('',#2507,1.);
#290=VECTOR('',#2510,1.);
#291=VECTOR('',#2511,1.);
#292=VECTOR('',#2512,1.);
#293=VECTOR('',#2513,1.);
#294=VECTOR('',#2514,1.);
#295=VECTOR('',#2515,1.);
#296=VECTOR('',#2516,1.);
#297=VECTOR('',#2517,1.);
#298=VECTOR('',#2518,1.);
#299=VECTOR('',#2519,1.);
#300=VECTOR('',#2520,1.);
#301=VECTOR('',#2521,1.);
#302=VECTOR('',#2522,1.);
#303=VECTOR('',#2523,1.);
#304=VECTOR('',#2524,1.);
#305=VECTOR('',#2527,1.);
#306=VECTOR('',#2528,1.);
#307=VECTOR('',#2529,1.);
#308=VECTOR('',#2532,1.);
#309=VECTOR('',#2533,1.);
#310=VECTOR('',#2534,1.);
#311=VECTOR('',#2535,1.);
#312=VECTOR('',#2536,1.);
#313=VECTOR('',#2539,1.);
#314=VECTOR('',#2542,1.);
#315=VECTOR('',#2543,1.);
#316=VECTOR('',#2544,1.);
#317=VECTOR('',#2545,1.);
#318=VECTOR('',#2548,1.);
#319=VECTOR('',#2549,1.);
#320=VECTOR('',#2552,1.);
#321=VECTOR('',#2555,1.);
#322=VECTOR('',#2558,1.);
#323=VECTOR('',#2561,1.);
#324=VECTOR('',#2562,1.);
#325=VECTOR('',#2563,1.);
#326=VECTOR('',#2566,1.);
#327=VECTOR('',#2567,1.);
#328=VECTOR('',#2568,1.);
#329=VECTOR('',#2569,1.);
#330=VECTOR('',#2570,1.);
#331=VECTOR('',#2571,1.);
#332=VECTOR('',#2572,1.);
#333=VECTOR('',#2573,1.);
#334=VECTOR('',#2576,1.);
#335=VECTOR('',#2577,1.);
#336=VECTOR('',#2578,1.);
#337=VECTOR('',#2579,1.);
#338=VECTOR('',#2580,1.);
#339=VECTOR('',#2581,1.);
#340=VECTOR('',#2582,1.);
#341=VECTOR('',#2583,1.);
#342=VECTOR('',#2584,1.);
#343=VECTOR('',#2585,1.);
#344=VECTOR('',#2586,1.);
#345=VECTOR('',#2589,1.);
#346=VECTOR('',#2592,1.);
#347=VECTOR('',#2595,1.);
#348=VECTOR('',#2596,1.);
#349=VECTOR('',#2597,1.);
#350=VECTOR('',#2598,1.);
#351=VECTOR('',#2599,1.);
#352=VECTOR('',#2600,1.);
#353=VECTOR('',#2601,1.);
#354=VECTOR('',#2602,1.);
#355=VECTOR('',#2605,1.);
#356=VECTOR('',#2606,1.);
#357=VECTOR('',#2607,1.);
#358=VECTOR('',#2608,1.);
#359=VECTOR('',#2611,1.);
#360=VECTOR('',#2612,1.);
#361=VECTOR('',#2613,1.);
#362=VECTOR('',#2614,1.);
#363=VECTOR('',#2615,1.);
#364=VECTOR('',#2616,1.);
#365=VECTOR('',#2617,1.);
#366=VECTOR('',#2618,1.);
#367=VECTOR('',#2619,1.);
#368=VECTOR('',#2620,1.);
#369=VECTOR('',#2621,1.);
#370=VECTOR('',#2622,1.);
#371=VECTOR('',#2623,1.);
#372=VECTOR('',#2624,1.);
#373=VECTOR('',#2625,1.);
#374=VECTOR('',#2626,1.);
#375=VECTOR('',#2627,1.);
#376=VECTOR('',#2628,1.);
#377=VECTOR('',#2629,1.);
#378=VECTOR('',#2630,1.);
#379=VECTOR('',#2631,1.);
#380=VECTOR('',#2632,1.);
#381=VECTOR('',#2633,1.);
#382=VECTOR('',#2634,1.);
#383=VECTOR('',#2635,1.);
#384=VECTOR('',#2638,1.);
#385=VECTOR('',#2639,1.);
#386=VECTOR('',#2640,1.);
#387=VECTOR('',#2643,1.);
#388=VECTOR('',#2644,1.);
#389=VECTOR('',#2647,1.);
#390=VECTOR('',#2648,1.);
#391=VECTOR('',#2651,1.);
#392=VECTOR('',#2656,1.);
#393=VECTOR('',#2657,1.);
#394=VECTOR('',#2660,1.);
#395=VECTOR('',#2661,1.);
#396=VECTOR('',#2662,1.);
#397=VECTOR('',#2665,1.);
#398=VECTOR('',#2666,1.);
#399=VECTOR('',#2669,1.);
#400=VECTOR('',#2672,1.);
#401=VECTOR('',#2675,1.);
#402=VECTOR('',#2676,1.);
#403=VECTOR('',#2677,1.);
#404=VECTOR('',#2678,1.);
#405=VECTOR('',#2681,1.);
#406=VECTOR('',#2682,1.);
#407=VECTOR('',#2683,1.);
#408=VECTOR('',#2686,1.);
#409=VECTOR('',#2687,1.);
#410=VECTOR('',#2688,1.);
#411=VECTOR('',#2691,1.);
#412=VECTOR('',#2692,1.);
#413=VECTOR('',#2693,1.);
#414=VECTOR('',#2696,1.);
#415=VECTOR('',#2697,1.);
#416=VECTOR('',#2700,1.);
#417=VECTOR('',#2701,1.);
#418=VECTOR('',#2704,1.);
#419=VECTOR('',#2707,1.);
#420=VECTOR('',#2708,1.);
#421=VECTOR('',#2715,1.);
#422=VECTOR('',#2716,1.);
#423=VECTOR('',#2717,1.);
#424=VECTOR('',#2720,1.);
#425=VECTOR('',#2721,1.);
#426=VECTOR('',#2722,1.);
#427=VECTOR('',#2723,1.);
#428=VECTOR('',#2728,1.);
#429=VECTOR('',#2731,1.);
#430=VECTOR('',#2732,1.);
#431=VECTOR('',#2735,1.);
#432=VECTOR('',#2740,1.);
#433=VECTOR('',#2741,1.);
#434=VECTOR('',#2742,1.);
#435=VECTOR('',#2743,1.);
#436=VECTOR('',#2744,1.);
#437=VECTOR('',#2747,1.);
#438=VECTOR('',#2748,1.);
#439=VECTOR('',#2749,1.);
#440=VECTOR('',#2750,1.);
#441=VECTOR('',#2751,1.);
#442=VECTOR('',#2752,1.);
#443=VECTOR('',#2753,1.);
#444=VECTOR('',#2754,1.);
#445=VECTOR('',#2757,1.);
#446=VECTOR('',#2758,1.);
#447=VECTOR('',#2759,1.);
#448=VECTOR('',#2760,1.);
#449=VECTOR('',#2763,1.);
#450=VECTOR('',#2764,1.);
#451=VECTOR('',#2765,1.);
#452=VECTOR('',#2770,1.);
#453=VECTOR('',#2771,1.);
#454=VECTOR('',#2774,1.);
#455=VECTOR('',#2775,1.);
#456=VECTOR('',#2778,1.);
#457=VECTOR('',#2783,1.);
#458=VECTOR('',#2794,1.);
#459=VECTOR('',#2795,1.);
#460=VECTOR('',#2796,1.);
#461=VECTOR('',#2799,1.);
#462=VECTOR('',#2800,1.);
#463=VECTOR('',#2803,1.);
#464=VECTOR('',#2804,1.);
#465=VECTOR('',#2807,1.);
#466=VECTOR('',#2850,1.);
#467=VECTOR('',#2853,1.);
#468=VECTOR('',#2856,1.);
#469=VECTOR('',#2857,1.);
#470=VECTOR('',#2858,1.);
#471=VECTOR('',#2861,1.);
#472=VECTOR('',#2862,1.);
#473=VECTOR('',#2863,1.);
#474=VECTOR('',#2866,1.);
#475=VECTOR('',#2867,1.);
#476=VECTOR('',#2868,1.);
#477=VECTOR('',#2871,1.);
#478=VECTOR('',#2872,1.);
#479=VECTOR('',#2879,1.);
#480=VECTOR('',#2882,1.);
#481=VECTOR('',#2885,1.);
#482=VECTOR('',#2886,1.);
#483=VECTOR('',#2887,1.);
#484=VECTOR('',#2890,1.);
#485=VECTOR('',#2893,1.);
#486=VECTOR('',#2972,1.);
#487=VECTOR('',#2973,1.);
#488=VECTOR('',#2974,1.);
#489=VECTOR('',#2977,1.);
#490=VECTOR('',#2978,1.);
#491=VECTOR('',#2981,1.);
#492=VECTOR('',#2982,1.);
#493=VECTOR('',#2985,1.);
#494=VECTOR('',#2986,1.);
#495=VECTOR('',#2987,1.);
#496=VECTOR('',#2988,1.);
#497=VECTOR('',#2991,1.);
#498=VECTOR('',#2992,1.);
#499=VECTOR('',#2993,1.);
#500=VECTOR('',#2996,1.);
#501=VECTOR('',#2997,1.);
#502=VECTOR('',#2998,1.);
#503=VECTOR('',#3001,1.);
#504=VECTOR('',#3002,1.);
#505=VECTOR('',#3005,1.);
#506=VECTOR('',#3012,1.);
#507=VECTOR('',#3013,1.);
#508=VECTOR('',#3016,1.);
#509=VECTOR('',#3017,1.);
#510=VECTOR('',#3020,1.);
#511=VECTOR('',#3023,1.);
#512=VECTOR('',#3024,1.);
#513=VECTOR('',#3027,1.);
#514=VECTOR('',#3028,1.);
#515=VECTOR('',#3031,1.);
#516=VECTOR('',#3036,1.);
#517=VECTOR('',#3037,1.);
#518=VECTOR('',#3038,1.);
#519=VECTOR('',#3041,1.);
#520=VECTOR('',#3046,1.);
#521=VECTOR('',#3047,1.);
#522=VECTOR('',#3070,1.);
#523=VECTOR('',#3073,1.);
#524=VECTOR('',#3076,1.);
#525=VECTOR('',#3079,1.);
#526=VECTOR('',#3090,1.);
#527=VECTOR('',#3091,1.);
#528=VECTOR('',#3092,1.);
#529=VECTOR('',#3093,1.);
#530=PLANE('',#2306);
#531=PLANE('',#2309);
#532=PLANE('',#2310);
#533=PLANE('',#2312);
#534=PLANE('',#2313);
#535=PLANE('',#2316);
#536=PLANE('',#2318);
#537=PLANE('',#2319);
#538=PLANE('',#2320);
#539=PLANE('',#2323);
#540=PLANE('',#2324);
#541=PLANE('',#2325);
#542=PLANE('',#2326);
#543=PLANE('',#2327);
#544=PLANE('',#2328);
#545=PLANE('',#2329);
#546=PLANE('',#2330);
#547=PLANE('',#2331);
#548=PLANE('',#2332);
#549=PLANE('',#2333);
#550=PLANE('',#2334);
#551=PLANE('',#2335);
#552=PLANE('',#2336);
#553=PLANE('',#2337);
#554=PLANE('',#2338);
#555=PLANE('',#2339);
#556=PLANE('',#2340);
#557=PLANE('',#2341);
#558=PLANE('',#2342);
#559=PLANE('',#2343);
#560=PLANE('',#2344);
#561=PLANE('',#2345);
#562=PLANE('',#2346);
#563=PLANE('',#2347);
#564=PLANE('',#2352);
#565=PLANE('',#2353);
#566=PLANE('',#2354);
#567=PLANE('',#2355);
#568=PLANE('',#2356);
#569=PLANE('',#2358);
#570=PLANE('',#2359);
#571=PLANE('',#2360);
#572=PLANE('',#2361);
#573=PLANE('',#2362);
#574=PLANE('',#2365);
#575=PLANE('',#2366);
#576=PLANE('',#2367);
#577=PLANE('',#2368);
#578=PLANE('',#2369);
#579=PLANE('',#2380);
#580=PLANE('',#2383);
#581=PLANE('',#2386);
#582=PLANE('',#2389);
#583=PLANE('',#2390);
#584=PLANE('',#2392);
#585=PLANE('',#2393);
#586=PLANE('',#2394);
#587=PLANE('',#2395);
#588=PLANE('',#2397);
#589=PLANE('',#2400);
#590=PLANE('',#2401);
#591=PLANE('',#2402);
#592=PLANE('',#2403);
#593=PLANE('',#2441);
#594=PLANE('',#2442);
#595=PLANE('',#2443);
#596=PLANE('',#2444);
#597=PLANE('',#2445);
#598=PLANE('',#2446);
#599=PLANE('',#2447);
#600=PLANE('',#2448);
#601=PLANE('',#2449);
#602=PLANE('',#2450);
#603=PLANE('',#2451);
#604=PLANE('',#2452);
#605=PLANE('',#2453);
#606=PLANE('',#2454);
#607=PLANE('',#2455);
#608=PLANE('',#2456);
#609=PLANE('',#2457);
#610=PLANE('',#2458);
#611=PLANE('',#2461);
#612=PLANE('',#2471);
#613=PLANE('',#2476);
#614=CLOSED_SHELL('',(#2144,#2145,#2146,#2147,#2148,#2149,#2150,#2151,#2152,
#2153,#2154,#2155,#2156,#2157,#2158,#2159,#2160,#2161,#2162,#2163,#2164,
#2165,#2166,#2167,#2168,#2169,#2170,#2171,#2172,#2173,#2174,#2175,#2176,
#2177,#2178,#2179,#2180,#2181,#2182,#2183,#2184,#2185,#2186,#2187,#2188,
#2189,#2190,#2191,#2192,#2193,#2194,#2195,#2196,#2197,#2198,#2199,#2200,
#2201,#2202,#2203,#2204,#2205,#2206,#2207,#2208,#2209,#2210,#2211,#2212,
#2213,#2214,#2215,#2216,#2217,#2218,#2219,#2220,#2221,#2222,#2223,#2224,
#2225,#2226,#2227,#2228,#2229,#2230,#2231,#2232,#2233,#2234,#2235,#2236,
#2237,#2238,#2239,#2240,#2241,#2242,#2243,#2244,#2245,#2246,#2247,#2248,
#2249,#2250,#2251,#2252,#2253,#2254,#2255,#2256,#2257,#2258));
#615=CLOSED_SHELL('',(#2259,#2260,#2261,#2262,#2263,#2264,#2265,#2266,#2267,
#2268));
#616=MANIFOLD_SOLID_BREP('Part 1',#614);
#617=MANIFOLD_SOLID_BREP('Part 2',#615);
#618=SHAPE_REPRESENTATION_RELATIONSHIP('','',#2298,#621);
#619=SHAPE_REPRESENTATION_RELATIONSHIP('','',#2299,#10);
#620=SHAPE_REPRESENTATION_RELATIONSHIP('','',#2300,#11);
#621=MANIFOLD_SURFACE_SHAPE_REPRESENTATION('',(#2294),#3806);
#622=ORIENTED_EDGE('',*,*,#1248,.T.);
#623=ORIENTED_EDGE('',*,*,#1249,.F.);
#624=ORIENTED_EDGE('',*,*,#1250,.F.);
#625=ORIENTED_EDGE('',*,*,#1251,.F.);
#626=ORIENTED_EDGE('',*,*,#1252,.F.);
#627=ORIENTED_EDGE('',*,*,#1253,.T.);
#628=ORIENTED_EDGE('',*,*,#1254,.F.);
#629=ORIENTED_EDGE('',*,*,#1255,.T.);
#630=ORIENTED_EDGE('',*,*,#1256,.T.);
#631=ORIENTED_EDGE('',*,*,#1257,.T.);
#632=ORIENTED_EDGE('',*,*,#1258,.F.);
#633=ORIENTED_EDGE('',*,*,#1259,.F.);
#634=ORIENTED_EDGE('',*,*,#1260,.F.);
#635=ORIENTED_EDGE('',*,*,#1261,.F.);
#636=ORIENTED_EDGE('',*,*,#1262,.T.);
#637=ORIENTED_EDGE('',*,*,#1263,.T.);
#638=ORIENTED_EDGE('',*,*,#1264,.F.);
#639=ORIENTED_EDGE('',*,*,#1265,.T.);
#640=ORIENTED_EDGE('',*,*,#1266,.T.);
#641=ORIENTED_EDGE('',*,*,#1267,.T.);
#642=ORIENTED_EDGE('',*,*,#1267,.F.);
#643=ORIENTED_EDGE('',*,*,#1268,.T.);
#644=ORIENTED_EDGE('',*,*,#1269,.F.);
#645=ORIENTED_EDGE('',*,*,#1270,.F.);
#646=ORIENTED_EDGE('',*,*,#1271,.T.);
#647=ORIENTED_EDGE('',*,*,#1272,.T.);
#648=ORIENTED_EDGE('',*,*,#1273,.F.);
#649=ORIENTED_EDGE('',*,*,#1274,.T.);
#650=ORIENTED_EDGE('',*,*,#1275,.T.);
#651=ORIENTED_EDGE('',*,*,#1276,.T.);
#652=ORIENTED_EDGE('',*,*,#1277,.F.);
#653=ORIENTED_EDGE('',*,*,#1278,.F.);
#654=ORIENTED_EDGE('',*,*,#1279,.T.);
#655=ORIENTED_EDGE('',*,*,#1280,.F.);
#656=ORIENTED_EDGE('',*,*,#1281,.F.);
#657=ORIENTED_EDGE('',*,*,#1282,.T.);
#658=ORIENTED_EDGE('',*,*,#1283,.T.);
#659=ORIENTED_EDGE('',*,*,#1284,.F.);
#660=ORIENTED_EDGE('',*,*,#1285,.F.);
#661=ORIENTED_EDGE('',*,*,#1286,.F.);
#662=ORIENTED_EDGE('',*,*,#1287,.T.);
#663=ORIENTED_EDGE('',*,*,#1288,.F.);
#664=ORIENTED_EDGE('',*,*,#1289,.T.);
#665=ORIENTED_EDGE('',*,*,#1290,.F.);
#666=ORIENTED_EDGE('',*,*,#1291,.T.);
#667=ORIENTED_EDGE('',*,*,#1292,.T.);
#668=ORIENTED_EDGE('',*,*,#1293,.T.);
#669=ORIENTED_EDGE('',*,*,#1294,.T.);
#670=ORIENTED_EDGE('',*,*,#1295,.T.);
#671=ORIENTED_EDGE('',*,*,#1296,.T.);
#672=ORIENTED_EDGE('',*,*,#1297,.F.);
#673=ORIENTED_EDGE('',*,*,#1298,.T.);
#674=ORIENTED_EDGE('',*,*,#1282,.F.);
#675=ORIENTED_EDGE('',*,*,#1299,.T.);
#676=ORIENTED_EDGE('',*,*,#1300,.T.);
#677=ORIENTED_EDGE('',*,*,#1275,.F.);
#678=ORIENTED_EDGE('',*,*,#1301,.F.);
#679=ORIENTED_EDGE('',*,*,#1302,.T.);
#680=ORIENTED_EDGE('',*,*,#1303,.T.);
#681=ORIENTED_EDGE('',*,*,#1304,.F.);
#682=ORIENTED_EDGE('',*,*,#1305,.F.);
#683=ORIENTED_EDGE('',*,*,#1306,.T.);
#684=ORIENTED_EDGE('',*,*,#1307,.F.);
#685=ORIENTED_EDGE('',*,*,#1285,.T.);
#686=ORIENTED_EDGE('',*,*,#1308,.T.);
#687=ORIENTED_EDGE('',*,*,#1309,.T.);
#688=ORIENTED_EDGE('',*,*,#1310,.F.);
#689=ORIENTED_EDGE('',*,*,#1311,.F.);
#690=ORIENTED_EDGE('',*,*,#1312,.T.);
#691=ORIENTED_EDGE('',*,*,#1313,.T.);
#692=ORIENTED_EDGE('',*,*,#1314,.T.);
#693=ORIENTED_EDGE('',*,*,#1315,.T.);
#694=ORIENTED_EDGE('',*,*,#1316,.T.);
#695=ORIENTED_EDGE('',*,*,#1317,.T.);
#696=ORIENTED_EDGE('',*,*,#1318,.T.);
#697=ORIENTED_EDGE('',*,*,#1319,.T.);
#698=ORIENTED_EDGE('',*,*,#1320,.F.);
#699=ORIENTED_EDGE('',*,*,#1321,.T.);
#700=ORIENTED_EDGE('',*,*,#1322,.T.);
#701=ORIENTED_EDGE('',*,*,#1323,.F.);
#702=ORIENTED_EDGE('',*,*,#1324,.F.);
#703=ORIENTED_EDGE('',*,*,#1325,.F.);
#704=ORIENTED_EDGE('',*,*,#1326,.T.);
#705=ORIENTED_EDGE('',*,*,#1327,.T.);
#706=ORIENTED_EDGE('',*,*,#1328,.F.);
#707=ORIENTED_EDGE('',*,*,#1329,.F.);
#708=ORIENTED_EDGE('',*,*,#1330,.T.);
#709=ORIENTED_EDGE('',*,*,#1263,.F.);
#710=ORIENTED_EDGE('',*,*,#1331,.F.);
#711=ORIENTED_EDGE('',*,*,#1304,.T.);
#712=ORIENTED_EDGE('',*,*,#1332,.T.);
#713=ORIENTED_EDGE('',*,*,#1323,.T.);
#714=ORIENTED_EDGE('',*,*,#1333,.F.);
#715=ORIENTED_EDGE('',*,*,#1257,.F.);
#716=ORIENTED_EDGE('',*,*,#1334,.T.);
#717=ORIENTED_EDGE('',*,*,#1335,.T.);
#718=ORIENTED_EDGE('',*,*,#1336,.F.);
#719=ORIENTED_EDGE('',*,*,#1337,.F.);
#720=ORIENTED_EDGE('',*,*,#1338,.T.);
#721=ORIENTED_EDGE('',*,*,#1339,.T.);
#722=ORIENTED_EDGE('',*,*,#1340,.F.);
#723=ORIENTED_EDGE('',*,*,#1341,.F.);
#724=ORIENTED_EDGE('',*,*,#1342,.F.);
#725=ORIENTED_EDGE('',*,*,#1343,.T.);
#726=ORIENTED_EDGE('',*,*,#1344,.T.);
#727=ORIENTED_EDGE('',*,*,#1345,.F.);
#728=ORIENTED_EDGE('',*,*,#1346,.F.);
#729=ORIENTED_EDGE('',*,*,#1347,.T.);
#730=ORIENTED_EDGE('',*,*,#1348,.F.);
#731=ORIENTED_EDGE('',*,*,#1349,.F.);
#732=ORIENTED_EDGE('',*,*,#1327,.F.);
#733=ORIENTED_EDGE('',*,*,#1350,.T.);
#734=ORIENTED_EDGE('',*,*,#1351,.T.);
#735=ORIENTED_EDGE('',*,*,#1352,.F.);
#736=ORIENTED_EDGE('',*,*,#1343,.F.);
#737=ORIENTED_EDGE('',*,*,#1353,.F.);
#738=ORIENTED_EDGE('',*,*,#1354,.T.);
#739=ORIENTED_EDGE('',*,*,#1355,.T.);
#740=ORIENTED_EDGE('',*,*,#1353,.T.);
#741=ORIENTED_EDGE('',*,*,#1342,.T.);
#742=ORIENTED_EDGE('',*,*,#1356,.F.);
#743=ORIENTED_EDGE('',*,*,#1357,.F.);
#744=ORIENTED_EDGE('',*,*,#1356,.T.);
#745=ORIENTED_EDGE('',*,*,#1345,.T.);
#746=ORIENTED_EDGE('',*,*,#1358,.F.);
#747=ORIENTED_EDGE('',*,*,#1359,.F.);
#748=ORIENTED_EDGE('',*,*,#1344,.F.);
#749=ORIENTED_EDGE('',*,*,#1355,.F.);
#750=ORIENTED_EDGE('',*,*,#1360,.T.);
#751=ORIENTED_EDGE('',*,*,#1358,.T.);
#752=ORIENTED_EDGE('',*,*,#1354,.F.);
#753=ORIENTED_EDGE('',*,*,#1357,.T.);
#754=ORIENTED_EDGE('',*,*,#1359,.T.);
#755=ORIENTED_EDGE('',*,*,#1360,.F.);
#756=ORIENTED_EDGE('',*,*,#1350,.F.);
#757=ORIENTED_EDGE('',*,*,#1326,.F.);
#758=ORIENTED_EDGE('',*,*,#1361,.T.);
#759=ORIENTED_EDGE('',*,*,#1362,.T.);
#760=ORIENTED_EDGE('',*,*,#1363,.F.);
#761=ORIENTED_EDGE('',*,*,#1364,.T.);
#762=ORIENTED_EDGE('',*,*,#1346,.T.);
#763=ORIENTED_EDGE('',*,*,#1365,.F.);
#764=ORIENTED_EDGE('',*,*,#1365,.T.);
#765=ORIENTED_EDGE('',*,*,#1352,.T.);
#766=ORIENTED_EDGE('',*,*,#1366,.F.);
#767=ORIENTED_EDGE('',*,*,#1367,.F.);
#768=ORIENTED_EDGE('',*,*,#1351,.F.);
#769=ORIENTED_EDGE('',*,*,#1362,.F.);
#770=ORIENTED_EDGE('',*,*,#1368,.T.);
#771=ORIENTED_EDGE('',*,*,#1366,.T.);
#772=ORIENTED_EDGE('',*,*,#1361,.F.);
#773=ORIENTED_EDGE('',*,*,#1325,.T.);
#774=ORIENTED_EDGE('',*,*,#1369,.T.);
#775=ORIENTED_EDGE('',*,*,#1363,.T.);
#776=ORIENTED_EDGE('',*,*,#1367,.T.);
#777=ORIENTED_EDGE('',*,*,#1368,.F.);
#778=ORIENTED_EDGE('',*,*,#1370,.F.);
#779=ORIENTED_EDGE('',*,*,#1371,.F.);
#780=ORIENTED_EDGE('',*,*,#1372,.T.);
#781=ORIENTED_EDGE('',*,*,#1373,.T.);
#782=ORIENTED_EDGE('',*,*,#1374,.T.);
#783=ORIENTED_EDGE('',*,*,#1375,.F.);
#784=ORIENTED_EDGE('',*,*,#1376,.F.);
#785=ORIENTED_EDGE('',*,*,#1371,.T.);
#786=ORIENTED_EDGE('',*,*,#1377,.T.);
#787=ORIENTED_EDGE('',*,*,#1378,.F.);
#788=ORIENTED_EDGE('',*,*,#1379,.F.);
#789=ORIENTED_EDGE('',*,*,#1375,.T.);
#790=ORIENTED_EDGE('',*,*,#1338,.F.);
#791=ORIENTED_EDGE('',*,*,#1380,.F.);
#792=ORIENTED_EDGE('',*,*,#1381,.T.);
#793=ORIENTED_EDGE('',*,*,#1382,.T.);
#794=ORIENTED_EDGE('',*,*,#1341,.T.);
#795=ORIENTED_EDGE('',*,*,#1383,.F.);
#796=ORIENTED_EDGE('',*,*,#1384,.F.);
#797=ORIENTED_EDGE('',*,*,#1380,.T.);
#798=ORIENTED_EDGE('',*,*,#1340,.T.);
#799=ORIENTED_EDGE('',*,*,#1385,.F.);
#800=ORIENTED_EDGE('',*,*,#1386,.F.);
#801=ORIENTED_EDGE('',*,*,#1383,.T.);
#802=ORIENTED_EDGE('',*,*,#1339,.F.);
#803=ORIENTED_EDGE('',*,*,#1382,.F.);
#804=ORIENTED_EDGE('',*,*,#1387,.T.);
#805=ORIENTED_EDGE('',*,*,#1385,.T.);
#806=ORIENTED_EDGE('',*,*,#1388,.F.);
#807=ORIENTED_EDGE('',*,*,#1373,.F.);
#808=ORIENTED_EDGE('',*,*,#1389,.T.);
#809=ORIENTED_EDGE('',*,*,#1378,.T.);
#810=ORIENTED_EDGE('',*,*,#1381,.F.);
#811=ORIENTED_EDGE('',*,*,#1384,.T.);
#812=ORIENTED_EDGE('',*,*,#1386,.T.);
#813=ORIENTED_EDGE('',*,*,#1387,.F.);
#814=ORIENTED_EDGE('',*,*,#1372,.F.);
#815=ORIENTED_EDGE('',*,*,#1376,.T.);
#816=ORIENTED_EDGE('',*,*,#1379,.T.);
#817=ORIENTED_EDGE('',*,*,#1389,.F.);
#818=ORIENTED_EDGE('',*,*,#1370,.T.);
#819=ORIENTED_EDGE('',*,*,#1388,.T.);
#820=ORIENTED_EDGE('',*,*,#1377,.F.);
#821=ORIENTED_EDGE('',*,*,#1374,.F.);
#822=ORIENTED_EDGE('',*,*,#1390,.F.);
#823=ORIENTED_EDGE('',*,*,#1391,.T.);
#824=ORIENTED_EDGE('',*,*,#1392,.F.);
#825=ORIENTED_EDGE('',*,*,#1305,.T.);
#826=ORIENTED_EDGE('',*,*,#1331,.T.);
#827=ORIENTED_EDGE('',*,*,#1262,.F.);
#828=ORIENTED_EDGE('',*,*,#1393,.F.);
#829=ORIENTED_EDGE('',*,*,#1394,.T.);
#830=ORIENTED_EDGE('',*,*,#1260,.T.);
#831=ORIENTED_EDGE('',*,*,#1395,.T.);
#832=ORIENTED_EDGE('',*,*,#1320,.T.);
#833=ORIENTED_EDGE('',*,*,#1332,.F.);
#834=ORIENTED_EDGE('',*,*,#1303,.F.);
#835=ORIENTED_EDGE('',*,*,#1396,.T.);
#836=ORIENTED_EDGE('',*,*,#1397,.F.);
#837=ORIENTED_EDGE('',*,*,#1398,.T.);
#838=ORIENTED_EDGE('',*,*,#1399,.F.);
#839=ORIENTED_EDGE('',*,*,#1400,.T.);
#840=ORIENTED_EDGE('',*,*,#1316,.F.);
#841=ORIENTED_EDGE('',*,*,#1401,.T.);
#842=ORIENTED_EDGE('',*,*,#1402,.F.);
#843=ORIENTED_EDGE('',*,*,#1403,.T.);
#844=ORIENTED_EDGE('',*,*,#1404,.F.);
#845=ORIENTED_EDGE('',*,*,#1390,.T.);
#846=ORIENTED_EDGE('',*,*,#1261,.T.);
#847=ORIENTED_EDGE('',*,*,#1394,.F.);
#848=ORIENTED_EDGE('',*,*,#1405,.F.);
#849=ORIENTED_EDGE('',*,*,#1277,.T.);
#850=ORIENTED_EDGE('',*,*,#1406,.T.);
#851=ORIENTED_EDGE('',*,*,#1407,.T.);
#852=ORIENTED_EDGE('',*,*,#1408,.T.);
#853=ORIENTED_EDGE('',*,*,#1409,.T.);
#854=ORIENTED_EDGE('',*,*,#1410,.T.);
#855=ORIENTED_EDGE('',*,*,#1411,.T.);
#856=ORIENTED_EDGE('',*,*,#1412,.T.);
#857=ORIENTED_EDGE('',*,*,#1413,.T.);
#858=ORIENTED_EDGE('',*,*,#1414,.T.);
#859=ORIENTED_EDGE('',*,*,#1415,.T.);
#860=ORIENTED_EDGE('',*,*,#1416,.T.);
#861=ORIENTED_EDGE('',*,*,#1417,.T.);
#862=ORIENTED_EDGE('',*,*,#1418,.T.);
#863=ORIENTED_EDGE('',*,*,#1419,.T.);
#864=ORIENTED_EDGE('',*,*,#1420,.T.);
#865=ORIENTED_EDGE('',*,*,#1421,.T.);
#866=ORIENTED_EDGE('',*,*,#1369,.F.);
#867=ORIENTED_EDGE('',*,*,#1422,.F.);
#868=ORIENTED_EDGE('',*,*,#1423,.T.);
#869=ORIENTED_EDGE('',*,*,#1424,.T.);
#870=ORIENTED_EDGE('',*,*,#1425,.F.);
#871=ORIENTED_EDGE('',*,*,#1349,.T.);
#872=ORIENTED_EDGE('',*,*,#1426,.F.);
#873=ORIENTED_EDGE('',*,*,#1427,.F.);
#874=ORIENTED_EDGE('',*,*,#1422,.T.);
#875=ORIENTED_EDGE('',*,*,#1324,.T.);
#876=ORIENTED_EDGE('',*,*,#1348,.T.);
#877=ORIENTED_EDGE('',*,*,#1428,.F.);
#878=ORIENTED_EDGE('',*,*,#1429,.F.);
#879=ORIENTED_EDGE('',*,*,#1426,.T.);
#880=ORIENTED_EDGE('',*,*,#1347,.F.);
#881=ORIENTED_EDGE('',*,*,#1364,.F.);
#882=ORIENTED_EDGE('',*,*,#1424,.F.);
#883=ORIENTED_EDGE('',*,*,#1430,.T.);
#884=ORIENTED_EDGE('',*,*,#1428,.T.);
#885=ORIENTED_EDGE('',*,*,#1423,.F.);
#886=ORIENTED_EDGE('',*,*,#1427,.T.);
#887=ORIENTED_EDGE('',*,*,#1429,.T.);
#888=ORIENTED_EDGE('',*,*,#1430,.F.);
#889=ORIENTED_EDGE('',*,*,#1259,.T.);
#890=ORIENTED_EDGE('',*,*,#1431,.T.);
#891=ORIENTED_EDGE('',*,*,#1321,.F.);
#892=ORIENTED_EDGE('',*,*,#1395,.F.);
#893=ORIENTED_EDGE('',*,*,#1258,.T.);
#894=ORIENTED_EDGE('',*,*,#1333,.T.);
#895=ORIENTED_EDGE('',*,*,#1322,.F.);
#896=ORIENTED_EDGE('',*,*,#1431,.F.);
#897=ORIENTED_EDGE('',*,*,#1432,.F.);
#898=ORIENTED_EDGE('',*,*,#1425,.T.);
#899=ORIENTED_EDGE('',*,*,#1432,.T.);
#900=ORIENTED_EDGE('',*,*,#1433,.T.);
#901=ORIENTED_EDGE('',*,*,#1434,.T.);
#902=ORIENTED_EDGE('',*,*,#1435,.F.);
#903=ORIENTED_EDGE('',*,*,#1309,.F.);
#904=ORIENTED_EDGE('',*,*,#1435,.T.);
#905=ORIENTED_EDGE('',*,*,#1436,.T.);
#906=ORIENTED_EDGE('',*,*,#1437,.F.);
#907=ORIENTED_EDGE('',*,*,#1310,.T.);
#908=ORIENTED_EDGE('',*,*,#1437,.T.);
#909=ORIENTED_EDGE('',*,*,#1438,.T.);
#910=ORIENTED_EDGE('',*,*,#1439,.F.);
#911=ORIENTED_EDGE('',*,*,#1311,.T.);
#912=ORIENTED_EDGE('',*,*,#1439,.T.);
#913=ORIENTED_EDGE('',*,*,#1440,.T.);
#914=ORIENTED_EDGE('',*,*,#1433,.F.);
#915=ORIENTED_EDGE('',*,*,#1308,.F.);
#916=ORIENTED_EDGE('',*,*,#1441,.F.);
#917=ORIENTED_EDGE('',*,*,#1436,.F.);
#918=ORIENTED_EDGE('',*,*,#1442,.F.);
#919=ORIENTED_EDGE('',*,*,#1296,.F.);
#920=ORIENTED_EDGE('',*,*,#1442,.T.);
#921=ORIENTED_EDGE('',*,*,#1434,.F.);
#922=ORIENTED_EDGE('',*,*,#1443,.F.);
#923=ORIENTED_EDGE('',*,*,#1293,.F.);
#924=ORIENTED_EDGE('',*,*,#1441,.T.);
#925=ORIENTED_EDGE('',*,*,#1295,.F.);
#926=ORIENTED_EDGE('',*,*,#1444,.F.);
#927=ORIENTED_EDGE('',*,*,#1438,.F.);
#928=ORIENTED_EDGE('',*,*,#1443,.T.);
#929=ORIENTED_EDGE('',*,*,#1440,.F.);
#930=ORIENTED_EDGE('',*,*,#1444,.T.);
#931=ORIENTED_EDGE('',*,*,#1294,.F.);
#932=ORIENTED_EDGE('',*,*,#1445,.F.);
#933=ORIENTED_EDGE('',*,*,#1399,.T.);
#934=ORIENTED_EDGE('',*,*,#1445,.T.);
#935=ORIENTED_EDGE('',*,*,#1446,.F.);
#936=ORIENTED_EDGE('',*,*,#1402,.T.);
#937=ORIENTED_EDGE('',*,*,#1446,.T.);
#938=ORIENTED_EDGE('',*,*,#1301,.T.);
#939=ORIENTED_EDGE('',*,*,#1284,.T.);
#940=ORIENTED_EDGE('',*,*,#1397,.T.);
#941=ORIENTED_EDGE('',*,*,#1393,.T.);
#942=ORIENTED_EDGE('',*,*,#1447,.F.);
#943=ORIENTED_EDGE('',*,*,#1447,.T.);
#944=ORIENTED_EDGE('',*,*,#1396,.F.);
#945=ORIENTED_EDGE('',*,*,#1302,.F.);
#946=ORIENTED_EDGE('',*,*,#1307,.T.);
#947=ORIENTED_EDGE('',*,*,#1448,.F.);
#948=ORIENTED_EDGE('',*,*,#1391,.F.);
#949=ORIENTED_EDGE('',*,*,#1404,.T.);
#950=ORIENTED_EDGE('',*,*,#1286,.T.);
#951=ORIENTED_EDGE('',*,*,#1392,.T.);
#952=ORIENTED_EDGE('',*,*,#1448,.T.);
#953=ORIENTED_EDGE('',*,*,#1306,.F.);
#954=ORIENTED_EDGE('',*,*,#1449,.T.);
#955=ORIENTED_EDGE('',*,*,#1450,.T.);
#956=ORIENTED_EDGE('',*,*,#1271,.F.);
#957=ORIENTED_EDGE('',*,*,#1405,.T.);
#958=ORIENTED_EDGE('',*,*,#1451,.T.);
#959=ORIENTED_EDGE('',*,*,#1290,.T.);
#960=ORIENTED_EDGE('',*,*,#1452,.T.);
#961=ORIENTED_EDGE('',*,*,#1297,.T.);
#962=ORIENTED_EDGE('',*,*,#1274,.F.);
#963=ORIENTED_EDGE('',*,*,#1453,.T.);
#964=ORIENTED_EDGE('',*,*,#1454,.T.);
#965=ORIENTED_EDGE('',*,*,#1455,.F.);
#966=ORIENTED_EDGE('',*,*,#1456,.T.);
#967=ORIENTED_EDGE('',*,*,#1288,.T.);
#968=ORIENTED_EDGE('',*,*,#1457,.T.);
#969=ORIENTED_EDGE('',*,*,#1458,.T.);
#970=ORIENTED_EDGE('',*,*,#1459,.T.);
#971=ORIENTED_EDGE('',*,*,#1449,.F.);
#972=ORIENTED_EDGE('',*,*,#1460,.T.);
#973=ORIENTED_EDGE('',*,*,#1458,.F.);
#974=ORIENTED_EDGE('',*,*,#1461,.T.);
#975=ORIENTED_EDGE('',*,*,#1278,.T.);
#976=ORIENTED_EDGE('',*,*,#1462,.T.);
#977=ORIENTED_EDGE('',*,*,#1463,.T.);
#978=ORIENTED_EDGE('',*,*,#1280,.T.);
#979=ORIENTED_EDGE('',*,*,#1464,.T.);
#980=ORIENTED_EDGE('',*,*,#1455,.T.);
#981=ORIENTED_EDGE('',*,*,#1465,.F.);
#982=ORIENTED_EDGE('',*,*,#1466,.T.);
#983=ORIENTED_EDGE('',*,*,#1467,.F.);
#984=ORIENTED_EDGE('',*,*,#1468,.F.);
#985=ORIENTED_EDGE('',*,*,#1469,.T.);
#986=ORIENTED_EDGE('',*,*,#1465,.T.);
#987=ORIENTED_EDGE('',*,*,#1457,.F.);
#988=ORIENTED_EDGE('',*,*,#1292,.F.);
#989=ORIENTED_EDGE('',*,*,#1470,.F.);
#990=ORIENTED_EDGE('',*,*,#1467,.T.);
#991=ORIENTED_EDGE('',*,*,#1471,.T.);
#992=ORIENTED_EDGE('',*,*,#1462,.F.);
#993=ORIENTED_EDGE('',*,*,#1281,.T.);
#994=ORIENTED_EDGE('',*,*,#1291,.F.);
#995=ORIENTED_EDGE('',*,*,#1454,.F.);
#996=ORIENTED_EDGE('',*,*,#1472,.T.);
#997=ORIENTED_EDGE('',*,*,#1470,.T.);
#998=ORIENTED_EDGE('',*,*,#1273,.T.);
#999=ORIENTED_EDGE('',*,*,#1473,.T.);
#1000=ORIENTED_EDGE('',*,*,#1468,.T.);
#1001=ORIENTED_EDGE('',*,*,#1472,.F.);
#1002=ORIENTED_EDGE('',*,*,#1453,.F.);
#1003=ORIENTED_EDGE('',*,*,#1418,.F.);
#1004=ORIENTED_EDGE('',*,*,#1474,.T.);
#1005=ORIENTED_EDGE('',*,*,#1299,.F.);
#1006=ORIENTED_EDGE('',*,*,#1475,.F.);
#1007=ORIENTED_EDGE('',*,*,#1403,.F.);
#1008=ORIENTED_EDGE('',*,*,#1401,.F.);
#1009=ORIENTED_EDGE('',*,*,#1476,.F.);
#1010=ORIENTED_EDGE('',*,*,#1419,.F.);
#1011=ORIENTED_EDGE('',*,*,#1475,.T.);
#1012=ORIENTED_EDGE('',*,*,#1287,.F.);
#1013=ORIENTED_EDGE('',*,*,#1407,.F.);
#1014=ORIENTED_EDGE('',*,*,#1477,.T.);
#1015=ORIENTED_EDGE('',*,*,#1421,.F.);
#1016=ORIENTED_EDGE('',*,*,#1478,.T.);
#1017=ORIENTED_EDGE('',*,*,#1319,.F.);
#1018=ORIENTED_EDGE('',*,*,#1479,.T.);
#1019=ORIENTED_EDGE('',*,*,#1420,.F.);
#1020=ORIENTED_EDGE('',*,*,#1476,.T.);
#1021=ORIENTED_EDGE('',*,*,#1478,.F.);
#1022=ORIENTED_EDGE('',*,*,#1479,.F.);
#1023=ORIENTED_EDGE('',*,*,#1480,.F.);
#1024=ORIENTED_EDGE('',*,*,#1480,.T.);
#1025=ORIENTED_EDGE('',*,*,#1318,.F.);
#1026=ORIENTED_EDGE('',*,*,#1481,.F.);
#1027=ORIENTED_EDGE('',*,*,#1408,.F.);
#1028=ORIENTED_EDGE('',*,*,#1482,.F.);
#1029=ORIENTED_EDGE('',*,*,#1417,.F.);
#1030=ORIENTED_EDGE('',*,*,#1483,.F.);
#1031=ORIENTED_EDGE('',*,*,#1409,.F.);
#1032=ORIENTED_EDGE('',*,*,#1483,.T.);
#1033=ORIENTED_EDGE('',*,*,#1416,.F.);
#1034=ORIENTED_EDGE('',*,*,#1484,.F.);
#1035=ORIENTED_EDGE('',*,*,#1451,.F.);
#1036=ORIENTED_EDGE('',*,*,#1482,.T.);
#1037=ORIENTED_EDGE('',*,*,#1481,.T.);
#1038=ORIENTED_EDGE('',*,*,#1485,.F.);
#1039=ORIENTED_EDGE('',*,*,#1484,.T.);
#1040=ORIENTED_EDGE('',*,*,#1415,.F.);
#1041=ORIENTED_EDGE('',*,*,#1486,.F.);
#1042=ORIENTED_EDGE('',*,*,#1460,.F.);
#1043=ORIENTED_EDGE('',*,*,#1485,.T.);
#1044=ORIENTED_EDGE('',*,*,#1317,.F.);
#1045=ORIENTED_EDGE('',*,*,#1487,.F.);
#1046=ORIENTED_EDGE('',*,*,#1410,.F.);
#1047=ORIENTED_EDGE('',*,*,#1486,.T.);
#1048=ORIENTED_EDGE('',*,*,#1414,.F.);
#1049=ORIENTED_EDGE('',*,*,#1488,.F.);
#1050=ORIENTED_EDGE('',*,*,#1461,.F.);
#1051=ORIENTED_EDGE('',*,*,#1398,.F.);
#1052=ORIENTED_EDGE('',*,*,#1283,.F.);
#1053=ORIENTED_EDGE('',*,*,#1489,.F.);
#1054=ORIENTED_EDGE('',*,*,#1411,.F.);
#1055=ORIENTED_EDGE('',*,*,#1487,.T.);
#1056=ORIENTED_EDGE('',*,*,#1400,.F.);
#1057=ORIENTED_EDGE('',*,*,#1488,.T.);
#1058=ORIENTED_EDGE('',*,*,#1413,.F.);
#1059=ORIENTED_EDGE('',*,*,#1490,.F.);
#1060=ORIENTED_EDGE('',*,*,#1452,.F.);
#1061=ORIENTED_EDGE('',*,*,#1289,.F.);
#1062=ORIENTED_EDGE('',*,*,#1456,.F.);
#1063=ORIENTED_EDGE('',*,*,#1464,.F.);
#1064=ORIENTED_EDGE('',*,*,#1279,.F.);
#1065=ORIENTED_EDGE('',*,*,#1489,.T.);
#1066=ORIENTED_EDGE('',*,*,#1298,.F.);
#1067=ORIENTED_EDGE('',*,*,#1490,.T.);
#1068=ORIENTED_EDGE('',*,*,#1412,.F.);
#1069=ORIENTED_EDGE('',*,*,#1473,.F.);
#1070=ORIENTED_EDGE('',*,*,#1272,.F.);
#1071=ORIENTED_EDGE('',*,*,#1450,.F.);
#1072=ORIENTED_EDGE('',*,*,#1459,.F.);
#1073=ORIENTED_EDGE('',*,*,#1463,.F.);
#1074=ORIENTED_EDGE('',*,*,#1471,.F.);
#1075=ORIENTED_EDGE('',*,*,#1466,.F.);
#1076=ORIENTED_EDGE('',*,*,#1469,.F.);
#1077=ORIENTED_EDGE('',*,*,#1276,.F.);
#1078=ORIENTED_EDGE('',*,*,#1300,.F.);
#1079=ORIENTED_EDGE('',*,*,#1491,.F.);
#1080=ORIENTED_EDGE('',*,*,#1406,.F.);
#1081=ORIENTED_EDGE('',*,*,#1491,.T.);
#1082=ORIENTED_EDGE('',*,*,#1474,.F.);
#1083=ORIENTED_EDGE('',*,*,#1477,.F.);
#1084=ORIENTED_EDGE('',*,*,#1334,.F.);
#1085=ORIENTED_EDGE('',*,*,#1492,.F.);
#1086=ORIENTED_EDGE('',*,*,#1493,.T.);
#1087=ORIENTED_EDGE('',*,*,#1494,.T.);
#1088=ORIENTED_EDGE('',*,*,#1337,.T.);
#1089=ORIENTED_EDGE('',*,*,#1495,.F.);
#1090=ORIENTED_EDGE('',*,*,#1496,.F.);
#1091=ORIENTED_EDGE('',*,*,#1492,.T.);
#1092=ORIENTED_EDGE('',*,*,#1336,.T.);
#1093=ORIENTED_EDGE('',*,*,#1497,.F.);
#1094=ORIENTED_EDGE('',*,*,#1498,.F.);
#1095=ORIENTED_EDGE('',*,*,#1495,.T.);
#1096=ORIENTED_EDGE('',*,*,#1499,.F.);
#1097=ORIENTED_EDGE('',*,*,#1500,.F.);
#1098=ORIENTED_EDGE('',*,*,#1501,.T.);
#1099=ORIENTED_EDGE('',*,*,#1502,.T.);
#1100=ORIENTED_EDGE('',*,*,#1503,.T.);
#1101=ORIENTED_EDGE('',*,*,#1504,.F.);
#1102=ORIENTED_EDGE('',*,*,#1505,.F.);
#1103=ORIENTED_EDGE('',*,*,#1500,.T.);
#1104=ORIENTED_EDGE('',*,*,#1506,.T.);
#1105=ORIENTED_EDGE('',*,*,#1507,.F.);
#1106=ORIENTED_EDGE('',*,*,#1508,.F.);
#1107=ORIENTED_EDGE('',*,*,#1504,.T.);
#1108=ORIENTED_EDGE('',*,*,#1509,.F.);
#1109=ORIENTED_EDGE('',*,*,#1502,.F.);
#1110=ORIENTED_EDGE('',*,*,#1510,.T.);
#1111=ORIENTED_EDGE('',*,*,#1507,.T.);
#1112=ORIENTED_EDGE('',*,*,#1335,.F.);
#1113=ORIENTED_EDGE('',*,*,#1494,.F.);
#1114=ORIENTED_EDGE('',*,*,#1511,.T.);
#1115=ORIENTED_EDGE('',*,*,#1497,.T.);
#1116=ORIENTED_EDGE('',*,*,#1501,.F.);
#1117=ORIENTED_EDGE('',*,*,#1505,.T.);
#1118=ORIENTED_EDGE('',*,*,#1508,.T.);
#1119=ORIENTED_EDGE('',*,*,#1510,.F.);
#1120=ORIENTED_EDGE('',*,*,#1493,.F.);
#1121=ORIENTED_EDGE('',*,*,#1496,.T.);
#1122=ORIENTED_EDGE('',*,*,#1498,.T.);
#1123=ORIENTED_EDGE('',*,*,#1511,.F.);
#1124=ORIENTED_EDGE('',*,*,#1499,.T.);
#1125=ORIENTED_EDGE('',*,*,#1509,.T.);
#1126=ORIENTED_EDGE('',*,*,#1506,.F.);
#1127=ORIENTED_EDGE('',*,*,#1503,.F.);
#1128=ORIENTED_EDGE('',*,*,#1270,.T.);
#1129=ORIENTED_EDGE('',*,*,#1512,.F.);
#1130=ORIENTED_EDGE('',*,*,#1513,.F.);
#1131=ORIENTED_EDGE('',*,*,#1254,.T.);
#1132=ORIENTED_EDGE('',*,*,#1269,.T.);
#1133=ORIENTED_EDGE('',*,*,#1514,.F.);
#1134=ORIENTED_EDGE('',*,*,#1515,.F.);
#1135=ORIENTED_EDGE('',*,*,#1512,.T.);
#1136=ORIENTED_EDGE('',*,*,#1268,.F.);
#1137=ORIENTED_EDGE('',*,*,#1266,.F.);
#1138=ORIENTED_EDGE('',*,*,#1516,.T.);
#1139=ORIENTED_EDGE('',*,*,#1514,.T.);
#1140=ORIENTED_EDGE('',*,*,#1330,.F.);
#1141=ORIENTED_EDGE('',*,*,#1517,.F.);
#1142=ORIENTED_EDGE('',*,*,#1518,.T.);
#1143=ORIENTED_EDGE('',*,*,#1264,.T.);
#1144=ORIENTED_EDGE('',*,*,#1329,.T.);
#1145=ORIENTED_EDGE('',*,*,#1519,.F.);
#1146=ORIENTED_EDGE('',*,*,#1520,.F.);
#1147=ORIENTED_EDGE('',*,*,#1517,.T.);
#1148=ORIENTED_EDGE('',*,*,#1328,.T.);
#1149=ORIENTED_EDGE('',*,*,#1256,.F.);
#1150=ORIENTED_EDGE('',*,*,#1521,.F.);
#1151=ORIENTED_EDGE('',*,*,#1519,.T.);
#1152=ORIENTED_EDGE('',*,*,#1255,.F.);
#1153=ORIENTED_EDGE('',*,*,#1513,.T.);
#1154=ORIENTED_EDGE('',*,*,#1515,.T.);
#1155=ORIENTED_EDGE('',*,*,#1516,.F.);
#1156=ORIENTED_EDGE('',*,*,#1265,.F.);
#1157=ORIENTED_EDGE('',*,*,#1518,.F.);
#1158=ORIENTED_EDGE('',*,*,#1520,.T.);
#1159=ORIENTED_EDGE('',*,*,#1521,.T.);
#1160=ORIENTED_EDGE('',*,*,#1522,.F.);
#1161=ORIENTED_EDGE('',*,*,#1523,.T.);
#1162=ORIENTED_EDGE('',*,*,#1524,.T.);
#1163=ORIENTED_EDGE('',*,*,#1251,.T.);
#1164=ORIENTED_EDGE('',*,*,#1525,.F.);
#1165=ORIENTED_EDGE('',*,*,#1526,.T.);
#1166=ORIENTED_EDGE('',*,*,#1522,.T.);
#1167=ORIENTED_EDGE('',*,*,#1250,.T.);
#1168=ORIENTED_EDGE('',*,*,#1527,.F.);
#1169=ORIENTED_EDGE('',*,*,#1528,.T.);
#1170=ORIENTED_EDGE('',*,*,#1525,.T.);
#1171=ORIENTED_EDGE('',*,*,#1253,.F.);
#1172=ORIENTED_EDGE('',*,*,#1524,.F.);
#1173=ORIENTED_EDGE('',*,*,#1529,.T.);
#1174=ORIENTED_EDGE('',*,*,#1527,.T.);
#1175=ORIENTED_EDGE('',*,*,#1252,.T.);
#1176=ORIENTED_EDGE('',*,*,#1530,.F.);
#1177=ORIENTED_EDGE('',*,*,#1315,.F.);
#1178=ORIENTED_EDGE('',*,*,#1531,.F.);
#1179=ORIENTED_EDGE('',*,*,#1529,.F.);
#1180=ORIENTED_EDGE('',*,*,#1531,.T.);
#1181=ORIENTED_EDGE('',*,*,#1314,.F.);
#1182=ORIENTED_EDGE('',*,*,#1532,.F.);
#1183=ORIENTED_EDGE('',*,*,#1528,.F.);
#1184=ORIENTED_EDGE('',*,*,#1530,.T.);
#1185=ORIENTED_EDGE('',*,*,#1523,.F.);
#1186=ORIENTED_EDGE('',*,*,#1533,.F.);
#1187=ORIENTED_EDGE('',*,*,#1312,.F.);
#1188=ORIENTED_EDGE('',*,*,#1532,.T.);
#1189=ORIENTED_EDGE('',*,*,#1313,.F.);
#1190=ORIENTED_EDGE('',*,*,#1533,.T.);
#1191=ORIENTED_EDGE('',*,*,#1526,.F.);
#1192=ORIENTED_EDGE('',*,*,#1534,.T.);
#1193=ORIENTED_EDGE('',*,*,#1535,.T.);
#1194=ORIENTED_EDGE('',*,*,#1536,.T.);
#1195=ORIENTED_EDGE('',*,*,#1537,.T.);
#1196=ORIENTED_EDGE('',*,*,#1538,.T.);
#1197=ORIENTED_EDGE('',*,*,#1539,.T.);
#1198=ORIENTED_EDGE('',*,*,#1540,.T.);
#1199=ORIENTED_EDGE('',*,*,#1541,.T.);
#1200=ORIENTED_EDGE('',*,*,#1542,.T.);
#1201=ORIENTED_EDGE('',*,*,#1543,.T.);
#1202=ORIENTED_EDGE('',*,*,#1544,.T.);
#1203=ORIENTED_EDGE('',*,*,#1545,.T.);
#1204=ORIENTED_EDGE('',*,*,#1546,.T.);
#1205=ORIENTED_EDGE('',*,*,#1547,.T.);
#1206=ORIENTED_EDGE('',*,*,#1548,.F.);
#1207=ORIENTED_EDGE('',*,*,#1549,.F.);
#1208=ORIENTED_EDGE('',*,*,#1544,.F.);
#1209=ORIENTED_EDGE('',*,*,#1550,.F.);
#1210=ORIENTED_EDGE('',*,*,#1538,.F.);
#1211=ORIENTED_EDGE('',*,*,#1551,.F.);
#1212=ORIENTED_EDGE('',*,*,#1543,.F.);
#1213=ORIENTED_EDGE('',*,*,#1552,.F.);
#1214=ORIENTED_EDGE('',*,*,#1536,.F.);
#1215=ORIENTED_EDGE('',*,*,#1553,.F.);
#1216=ORIENTED_EDGE('',*,*,#1554,.F.);
#1217=ORIENTED_EDGE('',*,*,#1549,.T.);
#1218=ORIENTED_EDGE('',*,*,#1555,.F.);
#1219=ORIENTED_EDGE('',*,*,#1551,.T.);
#1220=ORIENTED_EDGE('',*,*,#1537,.F.);
#1221=ORIENTED_EDGE('',*,*,#1552,.T.);
#1222=ORIENTED_EDGE('',*,*,#1556,.F.);
#1223=ORIENTED_EDGE('',*,*,#1539,.F.);
#1224=ORIENTED_EDGE('',*,*,#1550,.T.);
#1225=ORIENTED_EDGE('',*,*,#1555,.T.);
#1226=ORIENTED_EDGE('',*,*,#1548,.T.);
#1227=ORIENTED_EDGE('',*,*,#1557,.F.);
#1228=ORIENTED_EDGE('',*,*,#1545,.F.);
#1229=ORIENTED_EDGE('',*,*,#1540,.F.);
#1230=ORIENTED_EDGE('',*,*,#1556,.T.);
#1231=ORIENTED_EDGE('',*,*,#1558,.F.);
#1232=ORIENTED_EDGE('',*,*,#1559,.F.);
#1233=ORIENTED_EDGE('',*,*,#1546,.F.);
#1234=ORIENTED_EDGE('',*,*,#1554,.T.);
#1235=ORIENTED_EDGE('',*,*,#1553,.T.);
#1236=ORIENTED_EDGE('',*,*,#1535,.F.);
#1237=ORIENTED_EDGE('',*,*,#1560,.F.);
#1238=ORIENTED_EDGE('',*,*,#1547,.F.);
#1239=ORIENTED_EDGE('',*,*,#1559,.T.);
#1240=ORIENTED_EDGE('',*,*,#1561,.F.);
#1241=ORIENTED_EDGE('',*,*,#1541,.F.);
#1242=ORIENTED_EDGE('',*,*,#1558,.T.);
#1243=ORIENTED_EDGE('',*,*,#1557,.T.);
#1244=ORIENTED_EDGE('',*,*,#1561,.T.);
#1245=ORIENTED_EDGE('',*,*,#1560,.T.);
#1246=ORIENTED_EDGE('',*,*,#1534,.F.);
#1247=ORIENTED_EDGE('',*,*,#1542,.F.);
#1248=EDGE_CURVE('',#1562,#1562,#1764,.T.);
#1249=EDGE_CURVE('',#1563,#1563,#1765,.T.);
#1250=EDGE_CURVE('',#1564,#1565,#1766,.T.);
#1251=EDGE_CURVE('',#1566,#1564,#48,.T.);
#1252=EDGE_CURVE('',#1567,#1566,#1767,.T.);
#1253=EDGE_CURVE('',#1567,#1565,#49,.T.);
#1254=EDGE_CURVE('',#1568,#1569,#50,.T.);
#1255=EDGE_CURVE('',#1568,#1570,#51,.T.);
#1256=EDGE_CURVE('',#1570,#1571,#52,.T.);
#1257=EDGE_CURVE('',#1571,#1572,#53,.T.);
#1258=EDGE_CURVE('',#1573,#1572,#54,.T.);
#1259=EDGE_CURVE('',#1574,#1573,#55,.T.);
#1260=EDGE_CURVE('',#1575,#1574,#56,.T.);
#1261=EDGE_CURVE('',#1576,#1575,#57,.T.);
#1262=EDGE_CURVE('',#1576,#1577,#58,.T.);
#1263=EDGE_CURVE('',#1577,#1578,#59,.T.);
#1264=EDGE_CURVE('',#1579,#1578,#60,.T.);
#1265=EDGE_CURVE('',#1579,#1580,#61,.T.);
#1266=EDGE_CURVE('',#1580,#1581,#62,.T.);
#1267=EDGE_CURVE('',#1581,#1569,#63,.T.);
#1268=EDGE_CURVE('',#1581,#1582,#64,.T.);
#1269=EDGE_CURVE('',#1583,#1582,#65,.T.);
#1270=EDGE_CURVE('',#1569,#1583,#66,.T.);
#1271=EDGE_CURVE('',#1584,#1585,#67,.T.);
#1272=EDGE_CURVE('',#1585,#1586,#68,.F.);
#1273=EDGE_CURVE('',#1587,#1586,#69,.T.);
#1274=EDGE_CURVE('',#1587,#1588,#70,.T.);
#1275=EDGE_CURVE('',#1588,#1589,#71,.T.);
#1276=EDGE_CURVE('',#1589,#1590,#1768,.F.);
#1277=EDGE_CURVE('',#1584,#1590,#72,.T.);
#1278=EDGE_CURVE('',#1591,#1592,#73,.T.);
#1279=EDGE_CURVE('',#1591,#1593,#74,.T.);
#1280=EDGE_CURVE('',#1594,#1593,#75,.T.);
#1281=EDGE_CURVE('',#1592,#1594,#76,.T.);
#1282=EDGE_CURVE('',#1595,#1596,#77,.T.);
#1283=EDGE_CURVE('',#1596,#1597,#78,.T.);
#1284=EDGE_CURVE('',#1598,#1597,#1769,.T.);
#1285=EDGE_CURVE('',#1599,#1598,#79,.T.);
#1286=EDGE_CURVE('',#1600,#1599,#1770,.T.);
#1287=EDGE_CURVE('',#1600,#1595,#80,.F.);
#1288=EDGE_CURVE('',#1601,#1602,#81,.T.);
#1289=EDGE_CURVE('',#1601,#1603,#1771,.T.);
#1290=EDGE_CURVE('',#1604,#1603,#82,.T.);
#1291=EDGE_CURVE('',#1604,#1605,#83,.T.);
#1292=EDGE_CURVE('',#1605,#1602,#84,.T.);
#1293=EDGE_CURVE('',#1606,#1607,#85,.T.);
#1294=EDGE_CURVE('',#1607,#1608,#86,.T.);
#1295=EDGE_CURVE('',#1608,#1609,#87,.F.);
#1296=EDGE_CURVE('',#1609,#1606,#88,.F.);
#1297=EDGE_CURVE('',#1610,#1588,#89,.T.);
#1298=EDGE_CURVE('',#1610,#1596,#90,.F.);
#1299=EDGE_CURVE('',#1595,#1611,#91,.T.);
#1300=EDGE_CURVE('',#1611,#1589,#92,.T.);
#1301=EDGE_CURVE('',#1612,#1598,#93,.T.);
#1302=EDGE_CURVE('',#1612,#1613,#94,.T.);
#1303=EDGE_CURVE('',#1613,#1614,#95,.T.);
#1304=EDGE_CURVE('',#1615,#1614,#96,.T.);
#1305=EDGE_CURVE('',#1616,#1615,#97,.T.);
#1306=EDGE_CURVE('',#1616,#1617,#98,.T.);
#1307=EDGE_CURVE('',#1599,#1617,#99,.F.);
#1308=EDGE_CURVE('',#1618,#1619,#100,.T.);
#1309=EDGE_CURVE('',#1619,#1620,#101,.T.);
#1310=EDGE_CURVE('',#1621,#1620,#102,.T.);
#1311=EDGE_CURVE('',#1618,#1621,#103,.T.);
#1312=EDGE_CURVE('',#1622,#1623,#104,.F.);
#1313=EDGE_CURVE('',#1623,#1624,#1772,.F.);
#1314=EDGE_CURVE('',#1624,#1625,#105,.T.);
#1315=EDGE_CURVE('',#1625,#1622,#1773,.F.);
#1316=EDGE_CURVE('',#1626,#1627,#106,.T.);
#1317=EDGE_CURVE('',#1627,#1628,#107,.T.);
#1318=EDGE_CURVE('',#1628,#1629,#108,.F.);
#1319=EDGE_CURVE('',#1629,#1626,#109,.F.);
#1320=EDGE_CURVE('',#1630,#1631,#110,.T.);
#1321=EDGE_CURVE('',#1630,#1632,#111,.T.);
#1322=EDGE_CURVE('',#1632,#1633,#112,.T.);
#1323=EDGE_CURVE('',#1631,#1633,#113,.T.);
#1324=EDGE_CURVE('',#1634,#1635,#114,.T.);
#1325=EDGE_CURVE('',#1636,#1634,#115,.T.);
#1326=EDGE_CURVE('',#1636,#1637,#116,.T.);
#1327=EDGE_CURVE('',#1637,#1635,#117,.T.);
#1328=EDGE_CURVE('',#1638,#1571,#118,.T.);
#1329=EDGE_CURVE('',#1639,#1638,#119,.T.);
#1330=EDGE_CURVE('',#1639,#1578,#120,.T.);
#1331=EDGE_CURVE('',#1615,#1577,#121,.T.);
#1332=EDGE_CURVE('',#1614,#1631,#122,.T.);
#1333=EDGE_CURVE('',#1572,#1633,#123,.T.);
#1334=EDGE_CURVE('',#1640,#1641,#124,.T.);
#1335=EDGE_CURVE('',#1641,#1642,#125,.T.);
#1336=EDGE_CURVE('',#1643,#1642,#126,.T.);
#1337=EDGE_CURVE('',#1640,#1643,#127,.T.);
#1338=EDGE_CURVE('',#1644,#1645,#128,.T.);
#1339=EDGE_CURVE('',#1645,#1646,#129,.T.);
#1340=EDGE_CURVE('',#1647,#1646,#130,.T.);
#1341=EDGE_CURVE('',#1644,#1647,#131,.T.);
#1342=EDGE_CURVE('',#1648,#1649,#132,.T.);
#1343=EDGE_CURVE('',#1648,#1650,#133,.T.);
#1344=EDGE_CURVE('',#1650,#1651,#134,.T.);
#1345=EDGE_CURVE('',#1649,#1651,#135,.T.);
#1346=EDGE_CURVE('',#1652,#1653,#136,.T.);
#1347=EDGE_CURVE('',#1652,#1654,#137,.T.);
#1348=EDGE_CURVE('',#1655,#1654,#138,.T.);
#1349=EDGE_CURVE('',#1635,#1655,#139,.T.);
#1350=EDGE_CURVE('',#1637,#1656,#140,.T.);
#1351=EDGE_CURVE('',#1656,#1657,#141,.T.);
#1352=EDGE_CURVE('',#1653,#1657,#142,.T.);
#1353=EDGE_CURVE('',#1658,#1648,#143,.T.);
#1354=EDGE_CURVE('',#1658,#1659,#144,.T.);
#1355=EDGE_CURVE('',#1659,#1650,#145,.T.);
#1356=EDGE_CURVE('',#1660,#1649,#146,.T.);
#1357=EDGE_CURVE('',#1658,#1660,#147,.T.);
#1358=EDGE_CURVE('',#1661,#1651,#148,.T.);
#1359=EDGE_CURVE('',#1660,#1661,#149,.T.);
#1360=EDGE_CURVE('',#1659,#1661,#150,.T.);
#1361=EDGE_CURVE('',#1636,#1662,#151,.T.);
#1362=EDGE_CURVE('',#1662,#1656,#152,.T.);
#1363=EDGE_CURVE('',#1663,#1664,#153,.T.);
#1364=EDGE_CURVE('',#1663,#1652,#154,.T.);
#1365=EDGE_CURVE('',#1664,#1653,#155,.T.);
#1366=EDGE_CURVE('',#1665,#1657,#156,.T.);
#1367=EDGE_CURVE('',#1664,#1665,#157,.T.);
#1368=EDGE_CURVE('',#1662,#1665,#158,.T.);
#1369=EDGE_CURVE('',#1634,#1663,#159,.T.);
#1370=EDGE_CURVE('',#1666,#1667,#160,.T.);
#1371=EDGE_CURVE('',#1668,#1666,#161,.T.);
#1372=EDGE_CURVE('',#1668,#1669,#162,.T.);
#1373=EDGE_CURVE('',#1669,#1667,#163,.T.);
#1374=EDGE_CURVE('',#1666,#1670,#164,.T.);
#1375=EDGE_CURVE('',#1671,#1670,#165,.T.);
#1376=EDGE_CURVE('',#1668,#1671,#166,.T.);
#1377=EDGE_CURVE('',#1670,#1672,#167,.T.);
#1378=EDGE_CURVE('',#1673,#1672,#168,.T.);
#1379=EDGE_CURVE('',#1671,#1673,#169,.T.);
#1380=EDGE_CURVE('',#1674,#1644,#170,.T.);
#1381=EDGE_CURVE('',#1674,#1675,#171,.T.);
#1382=EDGE_CURVE('',#1675,#1645,#172,.T.);
#1383=EDGE_CURVE('',#1676,#1647,#173,.T.);
#1384=EDGE_CURVE('',#1674,#1676,#174,.T.);
#1385=EDGE_CURVE('',#1677,#1646,#175,.T.);
#1386=EDGE_CURVE('',#1676,#1677,#176,.T.);
#1387=EDGE_CURVE('',#1675,#1677,#177,.T.);
#1388=EDGE_CURVE('',#1667,#1672,#178,.T.);
#1389=EDGE_CURVE('',#1669,#1673,#179,.T.);
#1390=EDGE_CURVE('',#1678,#1576,#180,.T.);
#1391=EDGE_CURVE('',#1678,#1679,#181,.F.);
#1392=EDGE_CURVE('',#1616,#1679,#182,.T.);
#1393=EDGE_CURVE('',#1680,#1681,#183,.F.);
#1394=EDGE_CURVE('',#1680,#1575,#184,.T.);
#1395=EDGE_CURVE('',#1574,#1630,#185,.T.);
#1396=EDGE_CURVE('',#1613,#1681,#186,.T.);
#1397=EDGE_CURVE('',#1597,#1680,#1774,.T.);
#1398=EDGE_CURVE('',#1597,#1682,#187,.T.);
#1399=EDGE_CURVE('',#1682,#1682,#1775,.T.);
#1400=EDGE_CURVE('',#1682,#1627,#188,.T.);
#1401=EDGE_CURVE('',#1626,#1683,#189,.F.);
#1402=EDGE_CURVE('',#1683,#1683,#1776,.T.);
#1403=EDGE_CURVE('',#1683,#1600,#190,.F.);
#1404=EDGE_CURVE('',#1678,#1600,#1777,.T.);
#1405=EDGE_CURVE('',#1584,#1684,#191,.T.);
#1406=EDGE_CURVE('',#1590,#1685,#192,.F.);
#1407=EDGE_CURVE('',#1685,#1686,#193,.T.);
#1408=EDGE_CURVE('',#1686,#1687,#194,.T.);
#1409=EDGE_CURVE('',#1687,#1684,#195,.F.);
#1410=EDGE_CURVE('',#1688,#1689,#196,.F.);
#1411=EDGE_CURVE('',#1689,#1690,#197,.F.);
#1412=EDGE_CURVE('',#1690,#1691,#198,.T.);
#1413=EDGE_CURVE('',#1691,#1692,#199,.F.);
#1414=EDGE_CURVE('',#1692,#1693,#200,.T.);
#1415=EDGE_CURVE('',#1693,#1694,#201,.T.);
#1416=EDGE_CURVE('',#1694,#1695,#202,.F.);
#1417=EDGE_CURVE('',#1695,#1688,#203,.T.);
#1418=EDGE_CURVE('',#1696,#1697,#204,.F.);
#1419=EDGE_CURVE('',#1697,#1698,#205,.T.);
#1420=EDGE_CURVE('',#1698,#1699,#206,.T.);
#1421=EDGE_CURVE('',#1699,#1696,#207,.F.);
#1422=EDGE_CURVE('',#1700,#1634,#208,.T.);
#1423=EDGE_CURVE('',#1700,#1701,#209,.T.);
#1424=EDGE_CURVE('',#1701,#1663,#210,.T.);
#1425=EDGE_CURVE('',#1702,#1702,#1778,.T.);
#1426=EDGE_CURVE('',#1703,#1655,#211,.T.);
#1427=EDGE_CURVE('',#1700,#1703,#212,.T.);
#1428=EDGE_CURVE('',#1704,#1654,#213,.T.);
#1429=EDGE_CURVE('',#1703,#1704,#214,.T.);
#1430=EDGE_CURVE('',#1701,#1704,#215,.T.);
#1431=EDGE_CURVE('',#1573,#1632,#216,.T.);
#1432=EDGE_CURVE('',#1705,#1705,#1779,.T.);
#1433=EDGE_CURVE('',#1619,#1706,#217,.T.);
#1434=EDGE_CURVE('',#1706,#1707,#218,.F.);
#1435=EDGE_CURVE('',#1620,#1707,#219,.T.);
#1436=EDGE_CURVE('',#1707,#1708,#220,.T.);
#1437=EDGE_CURVE('',#1621,#1708,#221,.T.);
#1438=EDGE_CURVE('',#1708,#1709,#222,.T.);
#1439=EDGE_CURVE('',#1618,#1709,#223,.T.);
#1440=EDGE_CURVE('',#1709,#1706,#224,.F.);
#1441=EDGE_CURVE('',#1708,#1609,#31,.T.);
#1442=EDGE_CURVE('',#1606,#1707,#32,.F.);
#1443=EDGE_CURVE('',#1607,#1706,#33,.F.);
#1444=EDGE_CURVE('',#1709,#1608,#34,.T.);
#1445=EDGE_CURVE('',#1710,#1710,#1780,.T.);
#1446=EDGE_CURVE('',#1711,#1711,#1781,.T.);
#1447=EDGE_CURVE('',#1612,#1681,#1782,.T.);
#1448=EDGE_CURVE('',#1679,#1617,#1783,.T.);
#1449=EDGE_CURVE('',#1712,#1713,#225,.T.);
#1450=EDGE_CURVE('',#1713,#1585,#1784,.F.);
#1451=EDGE_CURVE('',#1684,#1712,#226,.T.);
#1452=EDGE_CURVE('',#1603,#1610,#227,.T.);
#1453=EDGE_CURVE('',#1587,#1714,#228,.T.);
#1454=EDGE_CURVE('',#1714,#1604,#229,.T.);
#1455=EDGE_CURVE('',#1715,#1716,#230,.T.);
#1456=EDGE_CURVE('',#1715,#1601,#231,.T.);
#1457=EDGE_CURVE('',#1602,#1716,#232,.T.);
#1458=EDGE_CURVE('',#1717,#1718,#233,.T.);
#1459=EDGE_CURVE('',#1718,#1713,#234,.T.);
#1460=EDGE_CURVE('',#1712,#1717,#235,.F.);
#1461=EDGE_CURVE('',#1717,#1591,#236,.F.);
#1462=EDGE_CURVE('',#1592,#1719,#237,.T.);
#1463=EDGE_CURVE('',#1719,#1718,#1785,.T.);
#1464=EDGE_CURVE('',#1593,#1715,#1786,.F.);
#1465=EDGE_CURVE('',#1720,#1716,#238,.T.);
#1466=EDGE_CURVE('',#1720,#1721,#1787,.F.);
#1467=EDGE_CURVE('',#1594,#1721,#239,.T.);
#1468=EDGE_CURVE('',#1722,#1723,#240,.T.);
#1469=EDGE_CURVE('',#1722,#1720,#241,.F.);
#1470=EDGE_CURVE('',#1723,#1605,#242,.T.);
#1471=EDGE_CURVE('',#1721,#1719,#243,.F.);
#1472=EDGE_CURVE('',#1714,#1723,#244,.T.);
#1473=EDGE_CURVE('',#1586,#1722,#1788,.T.);
#1474=EDGE_CURVE('',#1696,#1611,#1789,.T.);
#1475=EDGE_CURVE('',#1697,#1595,#35,.T.);
#1476=EDGE_CURVE('',#1698,#1626,#36,.T.);
#1477=EDGE_CURVE('',#1685,#1696,#1790,.F.);
#1478=EDGE_CURVE('',#1699,#1686,#1791,.T.);
#1479=EDGE_CURVE('',#1629,#1699,#1792,.F.);
#1480=EDGE_CURVE('',#1686,#1629,#1793,.T.);
#1481=EDGE_CURVE('',#1687,#1628,#1794,.T.);
#1482=EDGE_CURVE('',#1688,#1687,#1795,.T.);
#1483=EDGE_CURVE('',#1684,#1695,#37,.F.);
#1484=EDGE_CURVE('',#1712,#1694,#38,.T.);
#1485=EDGE_CURVE('',#1688,#1628,#1796,.F.);
#1486=EDGE_CURVE('',#1717,#1693,#39,.T.);
#1487=EDGE_CURVE('',#1689,#1627,#40,.T.);
#1488=EDGE_CURVE('',#1591,#1692,#41,.T.);
#1489=EDGE_CURVE('',#1690,#1596,#42,.T.);
#1490=EDGE_CURVE('',#1610,#1691,#43,.F.);
#1491=EDGE_CURVE('',#1685,#1611,#1797,.T.);
#1492=EDGE_CURVE('',#1724,#1640,#245,.T.);
#1493=EDGE_CURVE('',#1724,#1725,#246,.T.);
#1494=EDGE_CURVE('',#1725,#1641,#247,.T.);
#1495=EDGE_CURVE('',#1726,#1643,#248,.T.);
#1496=EDGE_CURVE('',#1724,#1726,#249,.T.);
#1497=EDGE_CURVE('',#1727,#1642,#250,.T.);
#1498=EDGE_CURVE('',#1726,#1727,#251,.T.);
#1499=EDGE_CURVE('',#1728,#1729,#252,.T.);
#1500=EDGE_CURVE('',#1730,#1728,#253,.T.);
#1501=EDGE_CURVE('',#1730,#1731,#254,.T.);
#1502=EDGE_CURVE('',#1731,#1729,#255,.T.);
#1503=EDGE_CURVE('',#1728,#1732,#256,.T.);
#1504=EDGE_CURVE('',#1733,#1732,#257,.T.);
#1505=EDGE_CURVE('',#1730,#1733,#258,.T.);
#1506=EDGE_CURVE('',#1732,#1734,#259,.T.);
#1507=EDGE_CURVE('',#1735,#1734,#260,.T.);
#1508=EDGE_CURVE('',#1733,#1735,#261,.T.);
#1509=EDGE_CURVE('',#1729,#1734,#262,.T.);
#1510=EDGE_CURVE('',#1731,#1735,#263,.T.);
#1511=EDGE_CURVE('',#1725,#1727,#264,.T.);
#1512=EDGE_CURVE('',#1736,#1583,#265,.T.);
#1513=EDGE_CURVE('',#1568,#1736,#266,.T.);
#1514=EDGE_CURVE('',#1737,#1582,#267,.T.);
#1515=EDGE_CURVE('',#1736,#1737,#268,.T.);
#1516=EDGE_CURVE('',#1580,#1737,#269,.T.);
#1517=EDGE_CURVE('',#1738,#1639,#270,.T.);
#1518=EDGE_CURVE('',#1738,#1579,#271,.T.);
#1519=EDGE_CURVE('',#1739,#1638,#272,.T.);
#1520=EDGE_CURVE('',#1738,#1739,#273,.T.);
#1521=EDGE_CURVE('',#1739,#1570,#274,.T.);
#1522=EDGE_CURVE('',#1740,#1564,#275,.T.);
#1523=EDGE_CURVE('',#1740,#1741,#276,.T.);
#1524=EDGE_CURVE('',#1741,#1566,#277,.T.);
#1525=EDGE_CURVE('',#1742,#1565,#278,.T.);
#1526=EDGE_CURVE('',#1742,#1740,#1798,.T.);
#1527=EDGE_CURVE('',#1743,#1567,#279,.T.);
#1528=EDGE_CURVE('',#1743,#1742,#280,.F.);
#1529=EDGE_CURVE('',#1741,#1743,#1799,.T.);
#1530=EDGE_CURVE('',#1622,#1741,#1800,.T.);
#1531=EDGE_CURVE('',#1743,#1625,#1801,.T.);
#1532=EDGE_CURVE('',#1742,#1624,#12,.T.);
#1533=EDGE_CURVE('',#1623,#1740,#13,.F.);
#1534=EDGE_CURVE('',#1744,#1745,#1802,.F.);
#1535=EDGE_CURVE('',#1745,#1746,#281,.F.);
#1536=EDGE_CURVE('',#1746,#1747,#1803,.F.);
#1537=EDGE_CURVE('',#1747,#1748,#282,.T.);
#1538=EDGE_CURVE('',#1748,#1749,#1804,.F.);
#1539=EDGE_CURVE('',#1749,#1750,#283,.T.);
#1540=EDGE_CURVE('',#1750,#1751,#1805,.F.);
#1541=EDGE_CURVE('',#1751,#1744,#284,.F.);
#1542=EDGE_CURVE('',#1752,#1752,#1806,.T.);
#1543=EDGE_CURVE('',#1753,#1753,#1807,.T.);
#1544=EDGE_CURVE('',#1754,#1754,#1808,.T.);
#1545=EDGE_CURVE('',#1755,#1755,#1809,.T.);
#1546=EDGE_CURVE('',#1756,#1757,#285,.T.);
#1547=EDGE_CURVE('',#1757,#1758,#286,.T.);
#1548=EDGE_CURVE('',#1759,#1758,#287,.T.);
#1549=EDGE_CURVE('',#1756,#1759,#288,.T.);
#1550=EDGE_CURVE('',#1749,#1760,#14,.F.);
#1551=EDGE_CURVE('',#1760,#1748,#15,.F.);
#1552=EDGE_CURVE('',#1747,#1761,#16,.F.);
#1553=EDGE_CURVE('',#1761,#1746,#17,.F.);
#1554=EDGE_CURVE('',#1756,#1761,#44,.T.);
#1555=EDGE_CURVE('',#1760,#1759,#45,.F.);
#1556=EDGE_CURVE('',#1750,#1762,#18,.T.);
#1557=EDGE_CURVE('',#1762,#1758,#46,.F.);
#1558=EDGE_CURVE('',#1751,#1762,#19,.F.);
#1559=EDGE_CURVE('',#1757,#1763,#47,.T.);
#1560=EDGE_CURVE('',#1763,#1745,#20,.T.);
#1561=EDGE_CURVE('',#1744,#1763,#21,.T.);
#1562=VERTEX_POINT('',#3121);
#1563=VERTEX_POINT('',#3123);
#1564=VERTEX_POINT('',#3127);
#1565=VERTEX_POINT('',#3128);
#1566=VERTEX_POINT('',#3130);
#1567=VERTEX_POINT('',#3132);
#1568=VERTEX_POINT('',#3135);
#1569=VERTEX_POINT('',#3136);
#1570=VERTEX_POINT('',#3138);
#1571=VERTEX_POINT('',#3140);
#1572=VERTEX_POINT('',#3142);
#1573=VERTEX_POINT('',#3144);
#1574=VERTEX_POINT('',#3146);
#1575=VERTEX_POINT('',#3148);
#1576=VERTEX_POINT('',#3150);
#1577=VERTEX_POINT('',#3152);
#1578=VERTEX_POINT('',#3154);
#1579=VERTEX_POINT('',#3156);
#1580=VERTEX_POINT('',#3158);
#1581=VERTEX_POINT('',#3160);
#1582=VERTEX_POINT('',#3164);
#1583=VERTEX_POINT('',#3166);
#1584=VERTEX_POINT('',#3170);
#1585=VERTEX_POINT('',#3171);
#1586=VERTEX_POINT('',#3173);
#1587=VERTEX_POINT('',#3175);
#1588=VERTEX_POINT('',#3177);
#1589=VERTEX_POINT('',#3179);
#1590=VERTEX_POINT('',#3181);
#1591=VERTEX_POINT('',#3185);
#1592=VERTEX_POINT('',#3186);
#1593=VERTEX_POINT('',#3188);
#1594=VERTEX_POINT('',#3190);
#1595=VERTEX_POINT('',#3194);
#1596=VERTEX_POINT('',#3195);
#1597=VERTEX_POINT('',#3197);
#1598=VERTEX_POINT('',#3199);
#1599=VERTEX_POINT('',#3201);
#1600=VERTEX_POINT('',#3203);
#1601=VERTEX_POINT('',#3207);
#1602=VERTEX_POINT('',#3208);
#1603=VERTEX_POINT('',#3210);
#1604=VERTEX_POINT('',#3212);
#1605=VERTEX_POINT('',#3214);
#1606=VERTEX_POINT('',#3218);
#1607=VERTEX_POINT('',#3219);
#1608=VERTEX_POINT('',#3221);
#1609=VERTEX_POINT('',#3223);
#1610=VERTEX_POINT('',#3226);
#1611=VERTEX_POINT('',#3229);
#1612=VERTEX_POINT('',#3233);
#1613=VERTEX_POINT('',#3235);
#1614=VERTEX_POINT('',#3237);
#1615=VERTEX_POINT('',#3239);
#1616=VERTEX_POINT('',#3241);
#1617=VERTEX_POINT('',#3243);
#1618=VERTEX_POINT('',#3246);
#1619=VERTEX_POINT('',#3247);
#1620=VERTEX_POINT('',#3249);
#1621=VERTEX_POINT('',#3251);
#1622=VERTEX_POINT('',#3255);
#1623=VERTEX_POINT('',#3256);
#1624=VERTEX_POINT('',#3258);
#1625=VERTEX_POINT('',#3260);
#1626=VERTEX_POINT('',#3263);
#1627=VERTEX_POINT('',#3264);
#1628=VERTEX_POINT('',#3266);
#1629=VERTEX_POINT('',#3268);
#1630=VERTEX_POINT('',#3271);
#1631=VERTEX_POINT('',#3272);
#1632=VERTEX_POINT('',#3274);
#1633=VERTEX_POINT('',#3276);
#1634=VERTEX_POINT('',#3280);
#1635=VERTEX_POINT('',#3281);
#1636=VERTEX_POINT('',#3283);
#1637=VERTEX_POINT('',#3285);
#1638=VERTEX_POINT('',#3289);
#1639=VERTEX_POINT('',#3291);
#1640=VERTEX_POINT('',#3297);
#1641=VERTEX_POINT('',#3298);
#1642=VERTEX_POINT('',#3300);
#1643=VERTEX_POINT('',#3302);
#1644=VERTEX_POINT('',#3305);
#1645=VERTEX_POINT('',#3306);
#1646=VERTEX_POINT('',#3308);
#1647=VERTEX_POINT('',#3310);
#1648=VERTEX_POINT('',#3313);
#1649=VERTEX_POINT('',#3314);
#1650=VERTEX_POINT('',#3316);
#1651=VERTEX_POINT('',#3318);
#1652=VERTEX_POINT('',#3321);
#1653=VERTEX_POINT('',#3322);
#1654=VERTEX_POINT('',#3324);
#1655=VERTEX_POINT('',#3326);
#1656=VERTEX_POINT('',#3329);
#1657=VERTEX_POINT('',#3331);
#1658=VERTEX_POINT('',#3335);
#1659=VERTEX_POINT('',#3337);
#1660=VERTEX_POINT('',#3341);
#1661=VERTEX_POINT('',#3345);
#1662=VERTEX_POINT('',#3352);
#1663=VERTEX_POINT('',#3356);
#1664=VERTEX_POINT('',#3357);
#1665=VERTEX_POINT('',#3362);
#1666=VERTEX_POINT('',#3370);
#1667=VERTEX_POINT('',#3371);
#1668=VERTEX_POINT('',#3373);
#1669=VERTEX_POINT('',#3375);
#1670=VERTEX_POINT('',#3379);
#1671=VERTEX_POINT('',#3381);
#1672=VERTEX_POINT('',#3385);
#1673=VERTEX_POINT('',#3387);
#1674=VERTEX_POINT('',#3391);
#1675=VERTEX_POINT('',#3393);
#1676=VERTEX_POINT('',#3397);
#1677=VERTEX_POINT('',#3401);
#1678=VERTEX_POINT('',#3412);
#1679=VERTEX_POINT('',#3414);
#1680=VERTEX_POINT('',#3418);
#1681=VERTEX_POINT('',#3419);
#1682=VERTEX_POINT('',#3426);
#1683=VERTEX_POINT('',#3430);
#1684=VERTEX_POINT('',#3436);
#1685=VERTEX_POINT('',#3438);
#1686=VERTEX_POINT('',#3440);
#1687=VERTEX_POINT('',#3442);
#1688=VERTEX_POINT('',#3446);
#1689=VERTEX_POINT('',#3447);
#1690=VERTEX_POINT('',#3449);
#1691=VERTEX_POINT('',#3451);
#1692=VERTEX_POINT('',#3453);
#1693=VERTEX_POINT('',#3455);
#1694=VERTEX_POINT('',#3457);
#1695=VERTEX_POINT('',#3459);
#1696=VERTEX_POINT('',#3463);
#1697=VERTEX_POINT('',#3464);
#1698=VERTEX_POINT('',#3466);
#1699=VERTEX_POINT('',#3468);
#1700=VERTEX_POINT('',#3472);
#1701=VERTEX_POINT('',#3474);
#1702=VERTEX_POINT('',#3478);
#1703=VERTEX_POINT('',#3480);
#1704=VERTEX_POINT('',#3484);
#1705=VERTEX_POINT('',#3494);
#1706=VERTEX_POINT('',#3498);
#1707=VERTEX_POINT('',#3500);
#1708=VERTEX_POINT('',#3504);
#1709=VERTEX_POINT('',#3508);
#1710=VERTEX_POINT('',#3522);
#1711=VERTEX_POINT('',#3526);
#1712=VERTEX_POINT('',#3536);
#1713=VERTEX_POINT('',#3537);
#1714=VERTEX_POINT('',#3543);
#1715=VERTEX_POINT('',#3547);
#1716=VERTEX_POINT('',#3548);
#1717=VERTEX_POINT('',#3553);
#1718=VERTEX_POINT('',#3554);
#1719=VERTEX_POINT('',#3560);
#1720=VERTEX_POINT('',#3565);
#1721=VERTEX_POINT('',#3567);
#1722=VERTEX_POINT('',#3571);
#1723=VERTEX_POINT('',#3572);
#1724=VERTEX_POINT('',#3619);
#1725=VERTEX_POINT('',#3621);
#1726=VERTEX_POINT('',#3625);
#1727=VERTEX_POINT('',#3629);
#1728=VERTEX_POINT('',#3633);
#1729=VERTEX_POINT('',#3634);
#1730=VERTEX_POINT('',#3636);
#1731=VERTEX_POINT('',#3638);
#1732=VERTEX_POINT('',#3642);
#1733=VERTEX_POINT('',#3644);
#1734=VERTEX_POINT('',#3648);
#1735=VERTEX_POINT('',#3650);
#1736=VERTEX_POINT('',#3661);
#1737=VERTEX_POINT('',#3665);
#1738=VERTEX_POINT('',#3671);
#1739=VERTEX_POINT('',#3675);
#1740=VERTEX_POINT('',#3682);
#1741=VERTEX_POINT('',#3684);
#1742=VERTEX_POINT('',#3688);
#1743=VERTEX_POINT('',#3692);
#1744=VERTEX_POINT('',#3715);
#1745=VERTEX_POINT('',#3716);
#1746=VERTEX_POINT('',#3718);
#1747=VERTEX_POINT('',#3720);
#1748=VERTEX_POINT('',#3722);
#1749=VERTEX_POINT('',#3724);
#1750=VERTEX_POINT('',#3726);
#1751=VERTEX_POINT('',#3728);
#1752=VERTEX_POINT('',#3732);
#1753=VERTEX_POINT('',#3734);
#1754=VERTEX_POINT('',#3736);
#1755=VERTEX_POINT('',#3738);
#1756=VERTEX_POINT('',#3740);
#1757=VERTEX_POINT('',#3741);
#1758=VERTEX_POINT('',#3743);
#1759=VERTEX_POINT('',#3745);
#1760=VERTEX_POINT('',#3753);
#1761=VERTEX_POINT('',#3765);
#1762=VERTEX_POINT('',#3780);
#1763=VERTEX_POINT('',#3790);
#1764=CIRCLE('',#2303,0.0013);
#1765=CIRCLE('',#2304,0.0013);
#1766=CIRCLE('',#2307,0.00258851641757517);
#1767=CIRCLE('',#2308,0.0025);
#1768=CIRCLE('',#2311,0.001);
#1769=CIRCLE('',#2314,0.00105);
#1770=CIRCLE('',#2315,0.00105);
#1771=CIRCLE('',#2317,0.001);
#1772=CIRCLE('',#2321,0.00358851641757517);
#1773=CIRCLE('',#2322,0.0035);
#1774=CIRCLE('',#2348,0.00105);
#1775=CIRCLE('',#2349,0.00105);
#1776=CIRCLE('',#2350,0.00105);
#1777=CIRCLE('',#2351,0.00105);
#1778=CIRCLE('',#2357,0.001);
#1779=CIRCLE('',#2364,0.001);
#1780=CIRCLE('',#2379,0.00105);
#1781=CIRCLE('',#2382,0.00105);
#1782=CIRCLE('',#2385,0.00105);
#1783=CIRCLE('',#2388,0.00105);
#1784=CIRCLE('',#2391,0.001);
#1785=CIRCLE('',#2396,0.001);
#1786=CIRCLE('',#2398,0.001);
#1787=CIRCLE('',#2399,0.001);
#1788=CIRCLE('',#2404,0.001);
#1789=CIRCLE('',#2406,0.001);
#1790=CIRCLE('',#2411,0.001);
#1791=CIRCLE('',#2412,0.001);
#1792=CIRCLE('',#2414,0.001);
#1793=CIRCLE('',#2416,0.001);
#1794=CIRCLE('',#2418,0.001);
#1795=CIRCLE('',#2420,0.001);
#1796=CIRCLE('',#2425,0.001);
#1797=CIRCLE('',#2439,0.001);
#1798=CIRCLE('',#2460,0.00258851641757517);
#1799=CIRCLE('',#2463,0.0025);
#1800=CIRCLE('',#2465,0.001);
#1801=CIRCLE('',#2466,0.001);
#1802=CIRCLE('',#2472,0.00205);
#1803=CIRCLE('',#2473,0.00205);
#1804=CIRCLE('',#2474,0.00205);
#1805=CIRCLE('',#2475,0.00205);
#1806=CIRCLE('',#2477,0.00105);
#1807=CIRCLE('',#2478,0.00105);
#1808=CIRCLE('',#2479,0.00105);
#1809=CIRCLE('',#2480,0.00105);
#1810=EDGE_LOOP('',(#622));
#1811=EDGE_LOOP('',(#623));
#1812=EDGE_LOOP('',(#624,#625,#626,#627));
#1813=EDGE_LOOP('',(#628,#629,#630,#631,#632,#633,#634,#635,#636,#637,#638,
#639,#640,#641));
#1814=EDGE_LOOP('',(#642,#643,#644,#645));
#1815=EDGE_LOOP('',(#646,#647,#648,#649,#650,#651,#652));
#1816=EDGE_LOOP('',(#653,#654,#655,#656));
#1817=EDGE_LOOP('',(#657,#658,#659,#660,#661,#662));
#1818=EDGE_LOOP('',(#663,#664,#665,#666,#667));
#1819=EDGE_LOOP('',(#668,#669,#670,#671));
#1820=EDGE_LOOP('',(#672,#673,#674,#675,#676,#677));
#1821=EDGE_LOOP('',(#678,#679,#680,#681,#682,#683,#684,#685));
#1822=EDGE_LOOP('',(#686,#687,#688,#689));
#1823=EDGE_LOOP('',(#690,#691,#692,#693));
#1824=EDGE_LOOP('',(#694,#695,#696,#697));
#1825=EDGE_LOOP('',(#698,#699,#700,#701));
#1826=EDGE_LOOP('',(#702,#703,#704,#705));
#1827=EDGE_LOOP('',(#706,#707,#708,#709,#710,#711,#712,#713,#714,#715));
#1828=EDGE_LOOP('',(#716,#717,#718,#719));
#1829=EDGE_LOOP('',(#720,#721,#722,#723));
#1830=EDGE_LOOP('',(#724,#725,#726,#727));
#1831=EDGE_LOOP('',(#728,#729,#730,#731,#732,#733,#734,#735));
#1832=EDGE_LOOP('',(#736,#737,#738,#739));
#1833=EDGE_LOOP('',(#740,#741,#742,#743));
#1834=EDGE_LOOP('',(#744,#745,#746,#747));
#1835=EDGE_LOOP('',(#748,#749,#750,#751));
#1836=EDGE_LOOP('',(#752,#753,#754,#755));
#1837=EDGE_LOOP('',(#756,#757,#758,#759));
#1838=EDGE_LOOP('',(#760,#761,#762,#763));
#1839=EDGE_LOOP('',(#764,#765,#766,#767));
#1840=EDGE_LOOP('',(#768,#769,#770,#771));
#1841=EDGE_LOOP('',(#772,#773,#774,#775,#776,#777));
#1842=EDGE_LOOP('',(#778,#779,#780,#781));
#1843=EDGE_LOOP('',(#782,#783,#784,#785));
#1844=EDGE_LOOP('',(#786,#787,#788,#789));
#1845=EDGE_LOOP('',(#790,#791,#792,#793));
#1846=EDGE_LOOP('',(#794,#795,#796,#797));
#1847=EDGE_LOOP('',(#798,#799,#800,#801));
#1848=EDGE_LOOP('',(#802,#803,#804,#805));
#1849=EDGE_LOOP('',(#806,#807,#808,#809));
#1850=EDGE_LOOP('',(#810,#811,#812,#813));
#1851=EDGE_LOOP('',(#814,#815,#816,#817));
#1852=EDGE_LOOP('',(#818,#819,#820,#821));
#1853=EDGE_LOOP('',(#822,#823,#824,#825,#826,#827));
#1854=EDGE_LOOP('',(#828,#829,#830,#831,#832,#833,#834,#835));
#1855=EDGE_LOOP('',(#836,#837,#838,#839,#840,#841,#842,#843,#844,#845,#846,
#847));
#1856=EDGE_LOOP('',(#848,#849,#850,#851,#852,#853));
#1857=EDGE_LOOP('',(#854,#855,#856,#857,#858,#859,#860,#861));
#1858=EDGE_LOOP('',(#862,#863,#864,#865));
#1859=EDGE_LOOP('',(#866,#867,#868,#869));
#1860=EDGE_LOOP('',(#870));
#1861=EDGE_LOOP('',(#871,#872,#873,#874,#875));
#1862=EDGE_LOOP('',(#876,#877,#878,#879));
#1863=EDGE_LOOP('',(#880,#881,#882,#883,#884));
#1864=EDGE_LOOP('',(#885,#886,#887,#888));
#1865=EDGE_LOOP('',(#889,#890,#891,#892));
#1866=EDGE_LOOP('',(#893,#894,#895,#896));
#1867=EDGE_LOOP('',(#897));
#1868=EDGE_LOOP('',(#898));
#1869=EDGE_LOOP('',(#899));
#1870=EDGE_LOOP('',(#900,#901,#902,#903));
#1871=EDGE_LOOP('',(#904,#905,#906,#907));
#1872=EDGE_LOOP('',(#908,#909,#910,#911));
#1873=EDGE_LOOP('',(#912,#913,#914,#915));
#1874=EDGE_LOOP('',(#916,#917,#918,#919));
#1875=EDGE_LOOP('',(#920,#921,#922,#923));
#1876=EDGE_LOOP('',(#924,#925,#926,#927));
#1877=EDGE_LOOP('',(#928,#929,#930,#931));
#1878=EDGE_LOOP('',(#932));
#1879=EDGE_LOOP('',(#933));
#1880=EDGE_LOOP('',(#934));
#1881=EDGE_LOOP('',(#935));
#1882=EDGE_LOOP('',(#936));
#1883=EDGE_LOOP('',(#937));
#1884=EDGE_LOOP('',(#938,#939,#940,#941,#942));
#1885=EDGE_LOOP('',(#943,#944,#945));
#1886=EDGE_LOOP('',(#946,#947,#948,#949,#950));
#1887=EDGE_LOOP('',(#951,#952,#953));
#1888=EDGE_LOOP('',(#954,#955,#956,#957,#958));
#1889=EDGE_LOOP('',(#959,#960,#961,#962,#963,#964));
#1890=EDGE_LOOP('',(#965,#966,#967,#968));
#1891=EDGE_LOOP('',(#969,#970,#971,#972));
#1892=EDGE_LOOP('',(#973,#974,#975,#976,#977));
#1893=EDGE_LOOP('',(#978,#979,#980,#981,#982,#983));
#1894=EDGE_LOOP('',(#984,#985,#986,#987,#988,#989));
#1895=EDGE_LOOP('',(#990,#991,#992,#993));
#1896=EDGE_LOOP('',(#994,#995,#996,#997));
#1897=EDGE_LOOP('',(#998,#999,#1000,#1001,#1002));
#1898=EDGE_LOOP('',(#1003,#1004,#1005,#1006));
#1899=EDGE_LOOP('',(#1007,#1008,#1009,#1010,#1011,#1012));
#1900=EDGE_LOOP('',(#1013,#1014,#1015,#1016));
#1901=EDGE_LOOP('',(#1017,#1018,#1019,#1020));
#1902=EDGE_LOOP('',(#1021,#1022,#1023));
#1903=EDGE_LOOP('',(#1024,#1025,#1026,#1027));
#1904=EDGE_LOOP('',(#1028,#1029,#1030,#1031));
#1905=EDGE_LOOP('',(#1032,#1033,#1034,#1035));
#1906=EDGE_LOOP('',(#1036,#1037,#1038));
#1907=EDGE_LOOP('',(#1039,#1040,#1041,#1042));
#1908=EDGE_LOOP('',(#1043,#1044,#1045,#1046));
#1909=EDGE_LOOP('',(#1047,#1048,#1049,#1050));
#1910=EDGE_LOOP('',(#1051,#1052,#1053,#1054,#1055,#1056));
#1911=EDGE_LOOP('',(#1057,#1058,#1059,#1060,#1061,#1062,#1063,#1064));
#1912=EDGE_LOOP('',(#1065,#1066,#1067,#1068));
#1913=EDGE_LOOP('',(#1069,#1070,#1071,#1072,#1073,#1074,#1075,#1076));
#1914=EDGE_LOOP('',(#1077,#1078,#1079,#1080));
#1915=EDGE_LOOP('',(#1081,#1082,#1083));
#1916=EDGE_LOOP('',(#1084,#1085,#1086,#1087));
#1917=EDGE_LOOP('',(#1088,#1089,#1090,#1091));
#1918=EDGE_LOOP('',(#1092,#1093,#1094,#1095));
#1919=EDGE_LOOP('',(#1096,#1097,#1098,#1099));
#1920=EDGE_LOOP('',(#1100,#1101,#1102,#1103));
#1921=EDGE_LOOP('',(#1104,#1105,#1106,#1107));
#1922=EDGE_LOOP('',(#1108,#1109,#1110,#1111));
#1923=EDGE_LOOP('',(#1112,#1113,#1114,#1115));
#1924=EDGE_LOOP('',(#1116,#1117,#1118,#1119));
#1925=EDGE_LOOP('',(#1120,#1121,#1122,#1123));
#1926=EDGE_LOOP('',(#1124,#1125,#1126,#1127));
#1927=EDGE_LOOP('',(#1128,#1129,#1130,#1131));
#1928=EDGE_LOOP('',(#1132,#1133,#1134,#1135));
#1929=EDGE_LOOP('',(#1136,#1137,#1138,#1139));
#1930=EDGE_LOOP('',(#1140,#1141,#1142,#1143));
#1931=EDGE_LOOP('',(#1144,#1145,#1146,#1147));
#1932=EDGE_LOOP('',(#1148,#1149,#1150,#1151));
#1933=EDGE_LOOP('',(#1152,#1153,#1154,#1155,#1156,#1157,#1158,#1159));
#1934=EDGE_LOOP('',(#1160,#1161,#1162,#1163));
#1935=EDGE_LOOP('',(#1164,#1165,#1166,#1167));
#1936=EDGE_LOOP('',(#1168,#1169,#1170,#1171));
#1937=EDGE_LOOP('',(#1172,#1173,#1174,#1175));
#1938=EDGE_LOOP('',(#1176,#1177,#1178,#1179));
#1939=EDGE_LOOP('',(#1180,#1181,#1182,#1183));
#1940=EDGE_LOOP('',(#1184,#1185,#1186,#1187));
#1941=EDGE_LOOP('',(#1188,#1189,#1190,#1191));
#1942=EDGE_LOOP('',(#1192,#1193,#1194,#1195,#1196,#1197,#1198,#1199));
#1943=EDGE_LOOP('',(#1200));
#1944=EDGE_LOOP('',(#1201));
#1945=EDGE_LOOP('',(#1202));
#1946=EDGE_LOOP('',(#1203));
#1947=EDGE_LOOP('',(#1204,#1205,#1206,#1207));
#1948=EDGE_LOOP('',(#1208));
#1949=EDGE_LOOP('',(#1209,#1210,#1211));
#1950=EDGE_LOOP('',(#1212));
#1951=EDGE_LOOP('',(#1213,#1214,#1215));
#1952=EDGE_LOOP('',(#1216,#1217,#1218,#1219,#1220,#1221));
#1953=EDGE_LOOP('',(#1222,#1223,#1224,#1225,#1226,#1227));
#1954=EDGE_LOOP('',(#1228));
#1955=EDGE_LOOP('',(#1229,#1230,#1231));
#1956=EDGE_LOOP('',(#1232,#1233,#1234,#1235,#1236,#1237));
#1957=EDGE_LOOP('',(#1238,#1239,#1240,#1241,#1242,#1243));
#1958=EDGE_LOOP('',(#1244,#1245,#1246));
#1959=EDGE_LOOP('',(#1247));
#1960=FACE_BOUND('',#1810,.T.);
#1961=FACE_BOUND('',#1811,.T.);
#1962=FACE_BOUND('',#1812,.T.);
#1963=FACE_BOUND('',#1813,.T.);
#1964=FACE_BOUND('',#1814,.T.);
#1965=FACE_BOUND('',#1815,.T.);
#1966=FACE_BOUND('',#1816,.T.);
#1967=FACE_BOUND('',#1817,.T.);
#1968=FACE_BOUND('',#1818,.T.);
#1969=FACE_BOUND('',#1819,.T.);
#1970=FACE_BOUND('',#1820,.T.);
#1971=FACE_BOUND('',#1821,.T.);
#1972=FACE_BOUND('',#1822,.T.);
#1973=FACE_BOUND('',#1823,.T.);
#1974=FACE_BOUND('',#1824,.T.);
#1975=FACE_BOUND('',#1825,.T.);
#1976=FACE_BOUND('',#1826,.T.);
#1977=FACE_BOUND('',#1827,.T.);
#1978=FACE_BOUND('',#1828,.T.);
#1979=FACE_BOUND('',#1829,.T.);
#1980=FACE_BOUND('',#1830,.T.);
#1981=FACE_BOUND('',#1831,.T.);
#1982=FACE_BOUND('',#1832,.T.);
#1983=FACE_BOUND('',#1833,.T.);
#1984=FACE_BOUND('',#1834,.T.);
#1985=FACE_BOUND('',#1835,.T.);
#1986=FACE_BOUND('',#1836,.T.);
#1987=FACE_BOUND('',#1837,.T.);
#1988=FACE_BOUND('',#1838,.T.);
#1989=FACE_BOUND('',#1839,.T.);
#1990=FACE_BOUND('',#1840,.T.);
#1991=FACE_BOUND('',#1841,.T.);
#1992=FACE_BOUND('',#1842,.T.);
#1993=FACE_BOUND('',#1843,.T.);
#1994=FACE_BOUND('',#1844,.T.);
#1995=FACE_BOUND('',#1845,.T.);
#1996=FACE_BOUND('',#1846,.T.);
#1997=FACE_BOUND('',#1847,.T.);
#1998=FACE_BOUND('',#1848,.T.);
#1999=FACE_BOUND('',#1849,.T.);
#2000=FACE_BOUND('',#1850,.T.);
#2001=FACE_BOUND('',#1851,.T.);
#2002=FACE_BOUND('',#1852,.T.);
#2003=FACE_BOUND('',#1853,.T.);
#2004=FACE_BOUND('',#1854,.T.);
#2005=FACE_BOUND('',#1855,.T.);
#2006=FACE_BOUND('',#1856,.T.);
#2007=FACE_BOUND('',#1857,.T.);
#2008=FACE_BOUND('',#1858,.T.);
#2009=FACE_BOUND('',#1859,.T.);
#2010=FACE_BOUND('',#1860,.T.);
#2011=FACE_BOUND('',#1861,.T.);
#2012=FACE_BOUND('',#1862,.T.);
#2013=FACE_BOUND('',#1863,.T.);
#2014=FACE_BOUND('',#1864,.T.);
#2015=FACE_BOUND('',#1865,.T.);
#2016=FACE_BOUND('',#1866,.T.);
#2017=FACE_BOUND('',#1867,.T.);
#2018=FACE_BOUND('',#1868,.T.);
#2019=FACE_BOUND('',#1869,.T.);
#2020=FACE_BOUND('',#1870,.T.);
#2021=FACE_BOUND('',#1871,.T.);
#2022=FACE_BOUND('',#1872,.T.);
#2023=FACE_BOUND('',#1873,.T.);
#2024=FACE_BOUND('',#1874,.T.);
#2025=FACE_BOUND('',#1875,.T.);
#2026=FACE_BOUND('',#1876,.T.);
#2027=FACE_BOUND('',#1877,.T.);
#2028=FACE_BOUND('',#1878,.T.);
#2029=FACE_BOUND('',#1879,.T.);
#2030=FACE_BOUND('',#1880,.T.);
#2031=FACE_BOUND('',#1881,.T.);
#2032=FACE_BOUND('',#1882,.T.);
#2033=FACE_BOUND('',#1883,.T.);
#2034=FACE_BOUND('',#1884,.T.);
#2035=FACE_BOUND('',#1885,.T.);
#2036=FACE_BOUND('',#1886,.T.);
#2037=FACE_BOUND('',#1887,.T.);
#2038=FACE_BOUND('',#1888,.T.);
#2039=FACE_BOUND('',#1889,.T.);
#2040=FACE_BOUND('',#1890,.T.);
#2041=FACE_BOUND('',#1891,.T.);
#2042=FACE_BOUND('',#1892,.T.);
#2043=FACE_BOUND('',#1893,.T.);
#2044=FACE_BOUND('',#1894,.T.);
#2045=FACE_BOUND('',#1895,.T.);
#2046=FACE_BOUND('',#1896,.T.);
#2047=FACE_BOUND('',#1897,.T.);
#2048=FACE_BOUND('',#1898,.T.);
#2049=FACE_BOUND('',#1899,.T.);
#2050=FACE_BOUND('',#1900,.T.);
#2051=FACE_BOUND('',#1901,.T.);
#2052=FACE_BOUND('',#1902,.T.);
#2053=FACE_BOUND('',#1903,.T.);
#2054=FACE_BOUND('',#1904,.T.);
#2055=FACE_BOUND('',#1905,.T.);
#2056=FACE_BOUND('',#1906,.T.);
#2057=FACE_BOUND('',#1907,.T.);
#2058=FACE_BOUND('',#1908,.T.);
#2059=FACE_BOUND('',#1909,.T.);
#2060=FACE_BOUND('',#1910,.T.);
#2061=FACE_BOUND('',#1911,.T.);
#2062=FACE_BOUND('',#1912,.T.);
#2063=FACE_BOUND('',#1913,.T.);
#2064=FACE_BOUND('',#1914,.T.);
#2065=FACE_BOUND('',#1915,.T.);
#2066=FACE_BOUND('',#1916,.T.);
#2067=FACE_BOUND('',#1917,.T.);
#2068=FACE_BOUND('',#1918,.T.);
#2069=FACE_BOUND('',#1919,.T.);
#2070=FACE_BOUND('',#1920,.T.);
#2071=FACE_BOUND('',#1921,.T.);
#2072=FACE_BOUND('',#1922,.T.);
#2073=FACE_BOUND('',#1923,.T.);
#2074=FACE_BOUND('',#1924,.T.);
#2075=FACE_BOUND('',#1925,.T.);
#2076=FACE_BOUND('',#1926,.T.);
#2077=FACE_BOUND('',#1927,.T.);
#2078=FACE_BOUND('',#1928,.T.);
#2079=FACE_BOUND('',#1929,.T.);
#2080=FACE_BOUND('',#1930,.T.);
#2081=FACE_BOUND('',#1931,.T.);
#2082=FACE_BOUND('',#1932,.T.);
#2083=FACE_BOUND('',#1933,.T.);
#2084=FACE_BOUND('',#1934,.T.);
#2085=FACE_BOUND('',#1935,.T.);
#2086=FACE_BOUND('',#1936,.T.);
#2087=FACE_BOUND('',#1937,.T.);
#2088=FACE_BOUND('',#1938,.T.);
#2089=FACE_BOUND('',#1939,.T.);
#2090=FACE_BOUND('',#1940,.T.);
#2091=FACE_BOUND('',#1941,.T.);
#2092=FACE_BOUND('',#1942,.T.);
#2093=FACE_BOUND('',#1943,.T.);
#2094=FACE_BOUND('',#1944,.T.);
#2095=FACE_BOUND('',#1945,.T.);
#2096=FACE_BOUND('',#1946,.T.);
#2097=FACE_BOUND('',#1947,.T.);
#2098=FACE_BOUND('',#1948,.T.);
#2099=FACE_BOUND('',#1949,.T.);
#2100=FACE_BOUND('',#1950,.T.);
#2101=FACE_BOUND('',#1951,.T.);
#2102=FACE_BOUND('',#1952,.T.);
#2103=FACE_BOUND('',#1953,.T.);
#2104=FACE_BOUND('',#1954,.T.);
#2105=FACE_BOUND('',#1955,.T.);
#2106=FACE_BOUND('',#1956,.T.);
#2107=FACE_BOUND('',#1957,.T.);
#2108=FACE_BOUND('',#1958,.T.);
#2109=FACE_BOUND('',#1959,.T.);
#2110=CYLINDRICAL_SURFACE('',#2302,0.0013);
#2111=CYLINDRICAL_SURFACE('',#2363,0.001);
#2112=CYLINDRICAL_SURFACE('',#2370,0.001);
#2113=CYLINDRICAL_SURFACE('',#2373,0.001);
#2114=CYLINDRICAL_SURFACE('',#2375,0.001);
#2115=CYLINDRICAL_SURFACE('',#2377,0.001);
#2116=CYLINDRICAL_SURFACE('',#2378,0.00105);
#2117=CYLINDRICAL_SURFACE('',#2381,0.00105);
#2118=CYLINDRICAL_SURFACE('',#2384,0.00105);
#2119=CYLINDRICAL_SURFACE('',#2387,0.00105);
#2120=CYLINDRICAL_SURFACE('',#2405,0.001);
#2121=CYLINDRICAL_SURFACE('',#2408,0.001);
#2122=CYLINDRICAL_SURFACE('',#2410,0.001);
#2123=CYLINDRICAL_SURFACE('',#2413,0.001);
#2124=CYLINDRICAL_SURFACE('',#2417,0.001);
#2125=CYLINDRICAL_SURFACE('',#2419,0.001);
#2126=CYLINDRICAL_SURFACE('',#2422,0.001);
#2127=CYLINDRICAL_SURFACE('',#2426,0.001);
#2128=CYLINDRICAL_SURFACE('',#2428,0.001);
#2129=CYLINDRICAL_SURFACE('',#2430,0.001);
#2130=CYLINDRICAL_SURFACE('',#2432,0.001);
#2131=CYLINDRICAL_SURFACE('',#2434,0.001);
#2132=CYLINDRICAL_SURFACE('',#2436,0.001);
#2133=CYLINDRICAL_SURFACE('',#2437,0.001);
#2134=CYLINDRICAL_SURFACE('',#2438,0.001);
#2135=CYLINDRICAL_SURFACE('',#2459,0.00258851641757517);
#2136=CYLINDRICAL_SURFACE('',#2462,0.0025);
#2137=CYLINDRICAL_SURFACE('',#2467,0.001);
#2138=CYLINDRICAL_SURFACE('',#2468,0.001);
#2139=CYLINDRICAL_SURFACE('',#2483,0.001);
#2140=CYLINDRICAL_SURFACE('',#2486,0.001);
#2141=CYLINDRICAL_SURFACE('',#2489,0.001);
#2142=CYLINDRICAL_SURFACE('',#2491,0.001);
#2143=ADVANCED_FACE('',(#1960,#1961),#2110,.T.);
#2144=ADVANCED_FACE('',(#1962,#1963),#530,.F.);
#2145=ADVANCED_FACE('',(#1964),#531,.T.);
#2146=ADVANCED_FACE('',(#1965),#532,.T.);
#2147=ADVANCED_FACE('',(#1966),#533,.F.);
#2148=ADVANCED_FACE('',(#1967),#534,.T.);
#2149=ADVANCED_FACE('',(#1968),#535,.T.);
#2150=ADVANCED_FACE('',(#1969,#1970),#536,.F.);
#2151=ADVANCED_FACE('',(#1971,#1972),#537,.T.);
#2152=ADVANCED_FACE('',(#1973,#1974,#1975),#538,.T.);
#2153=ADVANCED_FACE('',(#1976),#539,.F.);
#2154=ADVANCED_FACE('',(#1977,#1978,#1979,#1980,#1981),#540,.T.);
#2155=ADVANCED_FACE('',(#1982),#541,.T.);
#2156=ADVANCED_FACE('',(#1983),#542,.F.);
#2157=ADVANCED_FACE('',(#1984),#543,.F.);
#2158=ADVANCED_FACE('',(#1985),#544,.T.);
#2159=ADVANCED_FACE('',(#1986),#545,.T.);
#2160=ADVANCED_FACE('',(#1987),#546,.T.);
#2161=ADVANCED_FACE('',(#1988),#547,.F.);
#2162=ADVANCED_FACE('',(#1989),#548,.F.);
#2163=ADVANCED_FACE('',(#1990),#549,.T.);
#2164=ADVANCED_FACE('',(#1991),#550,.T.);
#2165=ADVANCED_FACE('',(#1992),#551,.T.);
#2166=ADVANCED_FACE('',(#1993),#552,.F.);
#2167=ADVANCED_FACE('',(#1994),#553,.F.);
#2168=ADVANCED_FACE('',(#1995),#554,.T.);
#2169=ADVANCED_FACE('',(#1996),#555,.F.);
#2170=ADVANCED_FACE('',(#1997),#556,.F.);
#2171=ADVANCED_FACE('',(#1998),#557,.T.);
#2172=ADVANCED_FACE('',(#1999),#558,.T.);
#2173=ADVANCED_FACE('',(#2000,#2001),#559,.T.);
#2174=ADVANCED_FACE('',(#2002),#560,.T.);
#2175=ADVANCED_FACE('',(#2003),#561,.F.);
#2176=ADVANCED_FACE('',(#2004),#562,.T.);
#2177=ADVANCED_FACE('',(#2005),#563,.T.);
#2178=ADVANCED_FACE('',(#2006),#564,.F.);
#2179=ADVANCED_FACE('',(#2007),#565,.F.);
#2180=ADVANCED_FACE('',(#2008),#566,.T.);
#2181=ADVANCED_FACE('',(#2009),#567,.T.);
#2182=ADVANCED_FACE('',(#2010,#2011),#568,.F.);
#2183=ADVANCED_FACE('',(#2012),#569,.F.);
#2184=ADVANCED_FACE('',(#2013),#570,.T.);
#2185=ADVANCED_FACE('',(#2014),#571,.T.);
#2186=ADVANCED_FACE('',(#2015),#572,.T.);
#2187=ADVANCED_FACE('',(#2016),#573,.T.);
#2188=ADVANCED_FACE('',(#2017,#2018),#2111,.F.);
#2189=ADVANCED_FACE('',(#2019),#574,.T.);
#2190=ADVANCED_FACE('',(#2020),#575,.T.);
#2191=ADVANCED_FACE('',(#2021),#576,.F.);
#2192=ADVANCED_FACE('',(#2022),#577,.F.);
#2193=ADVANCED_FACE('',(#2023),#578,.T.);
#2194=ADVANCED_FACE('',(#2024),#2112,.T.);
#2195=ADVANCED_FACE('',(#2025),#2113,.T.);
#2196=ADVANCED_FACE('',(#2026),#2114,.T.);
#2197=ADVANCED_FACE('',(#2027),#2115,.T.);
#2198=ADVANCED_FACE('',(#2028,#2029),#2116,.F.);
#2199=ADVANCED_FACE('',(#2030),#579,.T.);
#2200=ADVANCED_FACE('',(#2031,#2032),#2117,.F.);
#2201=ADVANCED_FACE('',(#2033),#580,.T.);
#2202=ADVANCED_FACE('',(#2034),#2118,.F.);
#2203=ADVANCED_FACE('',(#2035),#581,.T.);
#2204=ADVANCED_FACE('',(#2036),#2119,.F.);
#2205=ADVANCED_FACE('',(#2037),#582,.T.);
#2206=ADVANCED_FACE('',(#2038),#583,.F.);
#2207=ADVANCED_FACE('',(#2039),#584,.F.);
#2208=ADVANCED_FACE('',(#2040),#585,.F.);
#2209=ADVANCED_FACE('',(#2041),#586,.T.);
#2210=ADVANCED_FACE('',(#2042),#587,.T.);
#2211=ADVANCED_FACE('',(#2043),#588,.F.);
#2212=ADVANCED_FACE('',(#2044),#589,.T.);
#2213=ADVANCED_FACE('',(#2045),#590,.T.);
#2214=ADVANCED_FACE('',(#2046),#591,.T.);
#2215=ADVANCED_FACE('',(#2047),#592,.T.);
#2216=ADVANCED_FACE('',(#2048),#2120,.T.);
#2217=ADVANCED_FACE('',(#2049),#2121,.T.);
#2218=ADVANCED_FACE('',(#2050),#2122,.T.);
#2219=ADVANCED_FACE('',(#2051),#2123,.T.);
#2220=ADVANCED_FACE('',(#2052),#28,.T.);
#2221=ADVANCED_FACE('',(#2053),#2124,.T.);
#2222=ADVANCED_FACE('',(#2054),#2125,.T.);
#2223=ADVANCED_FACE('',(#2055),#2126,.T.);
#2224=ADVANCED_FACE('',(#2056),#29,.T.);
#2225=ADVANCED_FACE('',(#2057),#2127,.T.);
#2226=ADVANCED_FACE('',(#2058),#2128,.T.);
#2227=ADVANCED_FACE('',(#2059),#2129,.T.);
#2228=ADVANCED_FACE('',(#2060),#2130,.T.);
#2229=ADVANCED_FACE('',(#2061),#2131,.T.);
#2230=ADVANCED_FACE('',(#2062),#2132,.T.);
#2231=ADVANCED_FACE('',(#2063),#2133,.T.);
#2232=ADVANCED_FACE('',(#2064),#2134,.T.);
#2233=ADVANCED_FACE('',(#2065),#30,.T.);
#2234=ADVANCED_FACE('',(#2066),#593,.T.);
#2235=ADVANCED_FACE('',(#2067),#594,.F.);
#2236=ADVANCED_FACE('',(#2068),#595,.F.);
#2237=ADVANCED_FACE('',(#2069),#596,.T.);
#2238=ADVANCED_FACE('',(#2070),#597,.F.);
#2239=ADVANCED_FACE('',(#2071),#598,.F.);
#2240=ADVANCED_FACE('',(#2072),#599,.T.);
#2241=ADVANCED_FACE('',(#2073),#600,.T.);
#2242=ADVANCED_FACE('',(#2074,#2075),#601,.T.);
#2243=ADVANCED_FACE('',(#2076),#602,.T.);
#2244=ADVANCED_FACE('',(#2077),#603,.F.);
#2245=ADVANCED_FACE('',(#2078),#604,.F.);
#2246=ADVANCED_FACE('',(#2079),#605,.T.);
#2247=ADVANCED_FACE('',(#2080),#606,.T.);
#2248=ADVANCED_FACE('',(#2081),#607,.F.);
#2249=ADVANCED_FACE('',(#2082),#608,.F.);
#2250=ADVANCED_FACE('',(#2083),#609,.T.);
#2251=ADVANCED_FACE('',(#2084),#610,.F.);
#2252=ADVANCED_FACE('',(#2085),#2135,.F.);
#2253=ADVANCED_FACE('',(#2086),#611,.T.);
#2254=ADVANCED_FACE('',(#2087),#2136,.F.);
#2255=ADVANCED_FACE('',(#2088),#22,.T.);
#2256=ADVANCED_FACE('',(#2089),#2137,.T.);
#2257=ADVANCED_FACE('',(#2090),#2138,.T.);
#2258=ADVANCED_FACE('',(#2091),#23,.T.);
#2259=ADVANCED_FACE('',(#2092),#612,.T.);
#2260=ADVANCED_FACE('',(#2093,#2094,#2095,#2096,#2097),#613,.F.);
#2261=ADVANCED_FACE('',(#2098,#2099),#24,.T.);
#2262=ADVANCED_FACE('',(#2100,#2101),#25,.T.);
#2263=ADVANCED_FACE('',(#2102),#2139,.T.);
#2264=ADVANCED_FACE('',(#2103),#2140,.T.);
#2265=ADVANCED_FACE('',(#2104,#2105),#26,.T.);
#2266=ADVANCED_FACE('',(#2106),#2141,.T.);
#2267=ADVANCED_FACE('',(#2107),#2142,.T.);
#2268=ADVANCED_FACE('',(#2108,#2109),#27,.T.);
#2269=OPEN_SHELL('',(#2143));
#2270=STYLED_ITEM('',(#2273),#2294);
#2271=STYLED_ITEM('',(#2274),#616);
#2272=STYLED_ITEM('',(#2275),#617);
#2273=PRESENTATION_STYLE_ASSIGNMENT((#2276));
#2274=PRESENTATION_STYLE_ASSIGNMENT((#2277));
#2275=PRESENTATION_STYLE_ASSIGNMENT((#2278));
#2276=SURFACE_STYLE_USAGE(.BOTH.,#2279);
#2277=SURFACE_STYLE_USAGE(.BOTH.,#2280);
#2278=SURFACE_STYLE_USAGE(.BOTH.,#2281);
#2279=SURFACE_SIDE_STYLE('',(#2282));
#2280=SURFACE_SIDE_STYLE('',(#2283));
#2281=SURFACE_SIDE_STYLE('',(#2284));
#2282=SURFACE_STYLE_FILL_AREA(#2285);
#2283=SURFACE_STYLE_FILL_AREA(#2286);
#2284=SURFACE_STYLE_FILL_AREA(#2287);
#2285=FILL_AREA_STYLE('',(#2288));
#2286=FILL_AREA_STYLE('',(#2289));
#2287=FILL_AREA_STYLE('',(#2290));
#2288=FILL_AREA_STYLE_COLOUR('',#2291);
#2289=FILL_AREA_STYLE_COLOUR('',#2292);
#2290=FILL_AREA_STYLE_COLOUR('',#2293);
#2291=COLOUR_RGB('',0.647058823529412,0.647058823529412,0.647058823529412);
#2292=COLOUR_RGB('',0.615686274509804,0.811764705882353,0.929411764705882);
#2293=COLOUR_RGB('',0.231372549019608,0.380392156862745,0.705882352941177);
#2294=SHELL_BASED_SURFACE_MODEL('Surface 1',(#2269));
#2295=SHAPE_DEFINITION_REPRESENTATION(#3821,#2298);
#2296=SHAPE_DEFINITION_REPRESENTATION(#3822,#2299);
#2297=SHAPE_DEFINITION_REPRESENTATION(#3823,#2300);
#2298=SHAPE_REPRESENTATION('Surface 1',(#2301),#3806);
#2299=SHAPE_REPRESENTATION('Part 1',(#2305),#3807);
#2300=SHAPE_REPRESENTATION('Part 2',(#2470),#3808);
#2301=AXIS2_PLACEMENT_3D('',#3118,#2493,#2494);
#2302=AXIS2_PLACEMENT_3D('',#3119,#2495,#2496);
#2303=AXIS2_PLACEMENT_3D('',#3120,#2497,#2498);
#2304=AXIS2_PLACEMENT_3D('',#3122,#2499,#2500);
#2305=AXIS2_PLACEMENT_3D('',#3124,#2501,#2502);
#2306=AXIS2_PLACEMENT_3D('',#3125,#2503,#2504);
#2307=AXIS2_PLACEMENT_3D('',#3126,#2505,#2506);
#2308=AXIS2_PLACEMENT_3D('',#3131,#2508,#2509);
#2309=AXIS2_PLACEMENT_3D('',#3162,#2525,#2526);
#2310=AXIS2_PLACEMENT_3D('',#3168,#2530,#2531);
#2311=AXIS2_PLACEMENT_3D('',#3180,#2537,#2538);
#2312=AXIS2_PLACEMENT_3D('',#3183,#2540,#2541);
#2313=AXIS2_PLACEMENT_3D('',#3192,#2546,#2547);
#2314=AXIS2_PLACEMENT_3D('',#3198,#2550,#2551);
#2315=AXIS2_PLACEMENT_3D('',#3202,#2553,#2554);
#2316=AXIS2_PLACEMENT_3D('',#3205,#2556,#2557);
#2317=AXIS2_PLACEMENT_3D('',#3209,#2559,#2560);
#2318=AXIS2_PLACEMENT_3D('',#3216,#2564,#2565);
#2319=AXIS2_PLACEMENT_3D('',#3231,#2574,#2575);
#2320=AXIS2_PLACEMENT_3D('',#3253,#2587,#2588);
#2321=AXIS2_PLACEMENT_3D('',#3257,#2590,#2591);
#2322=AXIS2_PLACEMENT_3D('',#3261,#2593,#2594);
#2323=AXIS2_PLACEMENT_3D('',#3278,#2603,#2604);
#2324=AXIS2_PLACEMENT_3D('',#3287,#2609,#2610);
#2325=AXIS2_PLACEMENT_3D('',#3333,#2636,#2637);
#2326=AXIS2_PLACEMENT_3D('',#3339,#2641,#2642);
#2327=AXIS2_PLACEMENT_3D('',#3343,#2645,#2646);
#2328=AXIS2_PLACEMENT_3D('',#3347,#2649,#2650);
#2329=AXIS2_PLACEMENT_3D('',#3349,#2652,#2653);
#2330=AXIS2_PLACEMENT_3D('',#3350,#2654,#2655);
#2331=AXIS2_PLACEMENT_3D('',#3354,#2658,#2659);
#2332=AXIS2_PLACEMENT_3D('',#3360,#2663,#2664);
#2333=AXIS2_PLACEMENT_3D('',#3364,#2667,#2668);
#2334=AXIS2_PLACEMENT_3D('',#3366,#2670,#2671);
#2335=AXIS2_PLACEMENT_3D('',#3368,#2673,#2674);
#2336=AXIS2_PLACEMENT_3D('',#3377,#2679,#2680);
#2337=AXIS2_PLACEMENT_3D('',#3383,#2684,#2685);
#2338=AXIS2_PLACEMENT_3D('',#3389,#2689,#2690);
#2339=AXIS2_PLACEMENT_3D('',#3395,#2694,#2695);
#2340=AXIS2_PLACEMENT_3D('',#3399,#2698,#2699);
#2341=AXIS2_PLACEMENT_3D('',#3403,#2702,#2703);
#2342=AXIS2_PLACEMENT_3D('',#3405,#2705,#2706);
#2343=AXIS2_PLACEMENT_3D('',#3408,#2709,#2710);
#2344=AXIS2_PLACEMENT_3D('',#3409,#2711,#2712);
#2345=AXIS2_PLACEMENT_3D('',#3410,#2713,#2714);
#2346=AXIS2_PLACEMENT_3D('',#3416,#2718,#2719);
#2347=AXIS2_PLACEMENT_3D('',#3423,#2724,#2725);
#2348=AXIS2_PLACEMENT_3D('',#3424,#2726,#2727);
#2349=AXIS2_PLACEMENT_3D('',#3427,#2729,#2730);
#2350=AXIS2_PLACEMENT_3D('',#3431,#2733,#2734);
#2351=AXIS2_PLACEMENT_3D('',#3433,#2736,#2737);
#2352=AXIS2_PLACEMENT_3D('',#3434,#2738,#2739);
#2353=AXIS2_PLACEMENT_3D('',#3444,#2745,#2746);
#2354=AXIS2_PLACEMENT_3D('',#3461,#2755,#2756);
#2355=AXIS2_PLACEMENT_3D('',#3470,#2761,#2762);
#2356=AXIS2_PLACEMENT_3D('',#3476,#2766,#2767);
#2357=AXIS2_PLACEMENT_3D('',#3477,#2768,#2769);
#2358=AXIS2_PLACEMENT_3D('',#3482,#2772,#2773);
#2359=AXIS2_PLACEMENT_3D('',#3486,#2776,#2777);
#2360=AXIS2_PLACEMENT_3D('',#3488,#2779,#2780);
#2361=AXIS2_PLACEMENT_3D('',#3489,#2781,#2782);
#2362=AXIS2_PLACEMENT_3D('',#3491,#2784,#2785);
#2363=AXIS2_PLACEMENT_3D('',#3492,#2786,#2787);
#2364=AXIS2_PLACEMENT_3D('',#3493,#2788,#2789);
#2365=AXIS2_PLACEMENT_3D('',#3495,#2790,#2791);
#2366=AXIS2_PLACEMENT_3D('',#3496,#2792,#2793);
#2367=AXIS2_PLACEMENT_3D('',#3502,#2797,#2798);
#2368=AXIS2_PLACEMENT_3D('',#3506,#2801,#2802);
#2369=AXIS2_PLACEMENT_3D('',#3510,#2805,#2806);
#2370=AXIS2_PLACEMENT_3D('',#3512,#2808,#2809);
#2371=AXIS2_PLACEMENT_3D('',#3513,#2810,#2811);
#2372=AXIS2_PLACEMENT_3D('',#3514,#2812,#2813);
#2373=AXIS2_PLACEMENT_3D('',#3515,#2814,#2815);
#2374=AXIS2_PLACEMENT_3D('',#3516,#2816,#2817);
#2375=AXIS2_PLACEMENT_3D('',#3517,#2818,#2819);
#2376=AXIS2_PLACEMENT_3D('',#3518,#2820,#2821);
#2377=AXIS2_PLACEMENT_3D('',#3519,#2822,#2823);
#2378=AXIS2_PLACEMENT_3D('',#3520,#2824,#2825);
#2379=AXIS2_PLACEMENT_3D('',#3521,#2826,#2827);
#2380=AXIS2_PLACEMENT_3D('',#3523,#2828,#2829);
#2381=AXIS2_PLACEMENT_3D('',#3524,#2830,#2831);
#2382=AXIS2_PLACEMENT_3D('',#3525,#2832,#2833);
#2383=AXIS2_PLACEMENT_3D('',#3527,#2834,#2835);
#2384=AXIS2_PLACEMENT_3D('',#3528,#2836,#2837);
#2385=AXIS2_PLACEMENT_3D('',#3529,#2838,#2839);
#2386=AXIS2_PLACEMENT_3D('',#3530,#2840,#2841);
#2387=AXIS2_PLACEMENT_3D('',#3531,#2842,#2843);
#2388=AXIS2_PLACEMENT_3D('',#3532,#2844,#2845);
#2389=AXIS2_PLACEMENT_3D('',#3533,#2846,#2847);
#2390=AXIS2_PLACEMENT_3D('',#3534,#2848,#2849);
#2391=AXIS2_PLACEMENT_3D('',#3538,#2851,#2852);
#2392=AXIS2_PLACEMENT_3D('',#3540,#2854,#2855);
#2393=AXIS2_PLACEMENT_3D('',#3545,#2859,#2860);
#2394=AXIS2_PLACEMENT_3D('',#3551,#2864,#2865);
#2395=AXIS2_PLACEMENT_3D('',#3557,#2869,#2870);
#2396=AXIS2_PLACEMENT_3D('',#3561,#2873,#2874);
#2397=AXIS2_PLACEMENT_3D('',#3562,#2875,#2876);
#2398=AXIS2_PLACEMENT_3D('',#3563,#2877,#2878);
#2399=AXIS2_PLACEMENT_3D('',#3566,#2880,#2881);
#2400=AXIS2_PLACEMENT_3D('',#3569,#2883,#2884);
#2401=AXIS2_PLACEMENT_3D('',#3575,#2888,#2889);
#2402=AXIS2_PLACEMENT_3D('',#3577,#2891,#2892);
#2403=AXIS2_PLACEMENT_3D('',#3579,#2894,#2895);
#2404=AXIS2_PLACEMENT_3D('',#3580,#2896,#2897);
#2405=AXIS2_PLACEMENT_3D('',#3581,#2898,#2899);
#2406=AXIS2_PLACEMENT_3D('',#3582,#2900,#2901);
#2407=AXIS2_PLACEMENT_3D('',#3583,#2902,#2903);
#2408=AXIS2_PLACEMENT_3D('',#3584,#2904,#2905);
#2409=AXIS2_PLACEMENT_3D('',#3585,#2906,#2907);
#2410=AXIS2_PLACEMENT_3D('',#3586,#2908,#2909);
#2411=AXIS2_PLACEMENT_3D('',#3587,#2910,#2911);
#2412=AXIS2_PLACEMENT_3D('',#3588,#2912,#2913);
#2413=AXIS2_PLACEMENT_3D('',#3589,#2914,#2915);
#2414=AXIS2_PLACEMENT_3D('',#3590,#2916,#2917);
#2415=AXIS2_PLACEMENT_3D('',#3591,#2918,#2919);
#2416=AXIS2_PLACEMENT_3D('',#3592,#2920,#2921);
#2417=AXIS2_PLACEMENT_3D('',#3593,#2922,#2923);
#2418=AXIS2_PLACEMENT_3D('',#3594,#2924,#2925);
#2419=AXIS2_PLACEMENT_3D('',#3595,#2926,#2927);
#2420=AXIS2_PLACEMENT_3D('',#3596,#2928,#2929);
#2421=AXIS2_PLACEMENT_3D('',#3597,#2930,#2931);
#2422=AXIS2_PLACEMENT_3D('',#3598,#2932,#2933);
#2423=AXIS2_PLACEMENT_3D('',#3599,#2934,#2935);
#2424=AXIS2_PLACEMENT_3D('',#3600,#2936,#2937);
#2425=AXIS2_PLACEMENT_3D('',#3601,#2938,#2939);
#2426=AXIS2_PLACEMENT_3D('',#3602,#2940,#2941);
#2427=AXIS2_PLACEMENT_3D('',#3603,#2942,#2943);
#2428=AXIS2_PLACEMENT_3D('',#3604,#2944,#2945);
#2429=AXIS2_PLACEMENT_3D('',#3605,#2946,#2947);
#2430=AXIS2_PLACEMENT_3D('',#3606,#2948,#2949);
#2431=AXIS2_PLACEMENT_3D('',#3607,#2950,#2951);
#2432=AXIS2_PLACEMENT_3D('',#3608,#2952,#2953);
#2433=AXIS2_PLACEMENT_3D('',#3609,#2954,#2955);
#2434=AXIS2_PLACEMENT_3D('',#3610,#2956,#2957);
#2435=AXIS2_PLACEMENT_3D('',#3611,#2958,#2959);
#2436=AXIS2_PLACEMENT_3D('',#3612,#2960,#2961);
#2437=AXIS2_PLACEMENT_3D('',#3613,#2962,#2963);
#2438=AXIS2_PLACEMENT_3D('',#3614,#2964,#2965);
#2439=AXIS2_PLACEMENT_3D('',#3615,#2966,#2967);
#2440=AXIS2_PLACEMENT_3D('',#3616,#2968,#2969);
#2441=AXIS2_PLACEMENT_3D('',#3617,#2970,#2971);
#2442=AXIS2_PLACEMENT_3D('',#3623,#2975,#2976);
#2443=AXIS2_PLACEMENT_3D('',#3627,#2979,#2980);
#2444=AXIS2_PLACEMENT_3D('',#3631,#2983,#2984);
#2445=AXIS2_PLACEMENT_3D('',#3640,#2989,#2990);
#2446=AXIS2_PLACEMENT_3D('',#3646,#2994,#2995);
#2447=AXIS2_PLACEMENT_3D('',#3652,#2999,#3000);
#2448=AXIS2_PLACEMENT_3D('',#3655,#3003,#3004);
#2449=AXIS2_PLACEMENT_3D('',#3657,#3006,#3007);
#2450=AXIS2_PLACEMENT_3D('',#3658,#3008,#3009);
#2451=AXIS2_PLACEMENT_3D('',#3659,#3010,#3011);
#2452=AXIS2_PLACEMENT_3D('',#3663,#3014,#3015);
#2453=AXIS2_PLACEMENT_3D('',#3667,#3018,#3019);
#2454=AXIS2_PLACEMENT_3D('',#3669,#3021,#3022);
#2455=AXIS2_PLACEMENT_3D('',#3673,#3025,#3026);
#2456=AXIS2_PLACEMENT_3D('',#3677,#3029,#3030);
#2457=AXIS2_PLACEMENT_3D('',#3679,#3032,#3033);
#2458=AXIS2_PLACEMENT_3D('',#3680,#3034,#3035);
#2459=AXIS2_PLACEMENT_3D('',#3686,#3039,#3040);
#2460=AXIS2_PLACEMENT_3D('',#3689,#3042,#3043);
#2461=AXIS2_PLACEMENT_3D('',#3690,#3044,#3045);
#2462=AXIS2_PLACEMENT_3D('',#3694,#3048,#3049);
#2463=AXIS2_PLACEMENT_3D('',#3695,#3050,#3051);
#2464=AXIS2_PLACEMENT_3D('',#3696,#3052,#3053);
#2465=AXIS2_PLACEMENT_3D('',#3697,#3054,#3055);
#2466=AXIS2_PLACEMENT_3D('',#3698,#3056,#3057);
#2467=AXIS2_PLACEMENT_3D('',#3699,#3058,#3059);
#2468=AXIS2_PLACEMENT_3D('',#3705,#3060,#3061);
#2469=AXIS2_PLACEMENT_3D('',#3711,#3062,#3063);
#2470=AXIS2_PLACEMENT_3D('',#3712,#3064,#3065);
#2471=AXIS2_PLACEMENT_3D('',#3713,#3066,#3067);
#2472=AXIS2_PLACEMENT_3D('',#3714,#3068,#3069);
#2473=AXIS2_PLACEMENT_3D('',#3719,#3071,#3072);
#2474=AXIS2_PLACEMENT_3D('',#3723,#3074,#3075);
#2475=AXIS2_PLACEMENT_3D('',#3727,#3077,#3078);
#2476=AXIS2_PLACEMENT_3D('',#3730,#3080,#3081);
#2477=AXIS2_PLACEMENT_3D('',#3731,#3082,#3083);
#2478=AXIS2_PLACEMENT_3D('',#3733,#3084,#3085);
#2479=AXIS2_PLACEMENT_3D('',#3735,#3086,#3087);
#2480=AXIS2_PLACEMENT_3D('',#3737,#3088,#3089);
#2481=AXIS2_PLACEMENT_3D('',#3747,#3094,#3095);
#2482=AXIS2_PLACEMENT_3D('',#3759,#3096,#3097);
#2483=AXIS2_PLACEMENT_3D('',#3771,#3098,#3099);
#2484=AXIS2_PLACEMENT_3D('',#3772,#3100,#3101);
#2485=AXIS2_PLACEMENT_3D('',#3773,#3102,#3103);
#2486=AXIS2_PLACEMENT_3D('',#3774,#3104,#3105);
#2487=AXIS2_PLACEMENT_3D('',#3781,#3106,#3107);
#2488=AXIS2_PLACEMENT_3D('',#3782,#3108,#3109);
#2489=AXIS2_PLACEMENT_3D('',#3788,#3110,#3111);
#2490=AXIS2_PLACEMENT_3D('',#3789,#3112,#3113);
#2491=AXIS2_PLACEMENT_3D('',#3796,#3114,#3115);
#2492=AXIS2_PLACEMENT_3D('',#3802,#3116,#3117);
#2493=DIRECTION('',(0.,0.,1.));
#2494=DIRECTION('',(1.,0.,0.));
#2495=DIRECTION('',(0.,-1.,0.));
#2496=DIRECTION('',(0.,0.,-1.));
#2497=DIRECTION('',(0.,-1.,0.));
#2498=DIRECTION('',(1.,0.,0.));
#2499=DIRECTION('',(0.,-1.,0.));
#2500=DIRECTION('',(1.,0.,0.));
#2501=DIRECTION('',(0.,0.,1.));
#2502=DIRECTION('',(1.,0.,0.));
#2503=DIRECTION('',(-1.,0.,0.));
#2504=DIRECTION('',(0.,0.,1.));
#2505=DIRECTION('',(1.,0.,0.));
#2506=DIRECTION('',(0.,0.,-1.));
#2507=DIRECTION('',(0.,1.,0.));
#2508=DIRECTION('',(1.,0.,0.));
#2509=DIRECTION('',(0.,0.,-1.));
#2510=DIRECTION('',(0.,1.,0.));
#2511=DIRECTION('',(0.,0.,-1.));
#2512=DIRECTION('',(0.,1.,0.));
#2513=DIRECTION('',(0.,0.,-1.));
#2514=DIRECTION('',(0.,1.,0.));
#2515=DIRECTION('',(0.,0.,-1.));
#2516=DIRECTION('',(0.,-1.,1.57702134179709E-16));
#2517=DIRECTION('',(0.,0.,-1.));
#2518=DIRECTION('',(0.,1.,0.));
#2519=DIRECTION('',(0.,0.,-1.));
#2520=DIRECTION('',(0.,1.,0.));
#2521=DIRECTION('',(0.,0.,-1.));
#2522=DIRECTION('',(0.,1.,0.));
#2523=DIRECTION('',(0.,0.,-1.));
#2524=DIRECTION('',(0.,1.,0.));
#2525=DIRECTION('',(0.,0.,1.));
#2526=DIRECTION('',(1.,0.,0.));
#2527=DIRECTION('',(1.,0.,0.));
#2528=DIRECTION('',(0.,-1.,0.));
#2529=DIRECTION('',(1.,0.,0.));
#2530=DIRECTION('',(0.,-1.,0.));
#2531=DIRECTION('',(1.,0.,0.));
#2532=DIRECTION('',(0.,0.,-1.));
#2533=DIRECTION('',(-1.,0.,0.));
#2534=DIRECTION('',(0.,0.,-1.));
#2535=DIRECTION('',(-1.,0.,0.));
#2536=DIRECTION('',(0.,0.,-1.));
#2537=DIRECTION('',(0.,-1.,0.));
#2538=DIRECTION('',(0.,0.,-1.));
#2539=DIRECTION('',(-1.,0.,0.));
#2540=DIRECTION('',(0.,0.,-1.));
#2541=DIRECTION('',(-1.,0.,0.));
#2542=DIRECTION('',(0.,-1.,0.));
#2543=DIRECTION('',(-1.,0.,0.));
#2544=DIRECTION('',(0.,1.,0.));
#2545=DIRECTION('',(-1.,0.,0.));
#2546=DIRECTION('',(0.,0.,1.));
#2547=DIRECTION('',(1.,0.,0.));
#2548=DIRECTION('',(0.,1.,0.));
#2549=DIRECTION('',(-1.,0.,0.));
#2550=DIRECTION('',(0.,0.,1.));
#2551=DIRECTION('',(1.,0.,0.));
#2552=DIRECTION('',(0.,1.,0.));
#2553=DIRECTION('',(0.,0.,1.));
#2554=DIRECTION('',(1.,0.,0.));
#2555=DIRECTION('',(-1.,0.,0.));
#2556=DIRECTION('',(1.,0.,0.));
#2557=DIRECTION('',(0.,0.,-1.));
#2558=DIRECTION('',(0.,0.,-1.));
#2559=DIRECTION('',(1.,0.,0.));
#2560=DIRECTION('',(0.,0.,-1.));
#2561=DIRECTION('',(0.,1.,0.));
#2562=DIRECTION('',(0.,0.,-1.));
#2563=DIRECTION('',(0.,1.,0.));
#2564=DIRECTION('',(-1.,0.,0.));
#2565=DIRECTION('',(0.,0.,1.));
#2566=DIRECTION('',(0.,1.,0.));
#2567=DIRECTION('',(0.,0.,-1.));
#2568=DIRECTION('',(0.,1.,0.));
#2569=DIRECTION('',(0.,0.,-1.));
#2570=DIRECTION('',(0.,-1.,0.));
#2571=DIRECTION('',(0.,0.,-1.));
#2572=DIRECTION('',(0.,0.,-1.));
#2573=DIRECTION('',(0.,1.,0.));
#2574=DIRECTION('',(-1.,0.,0.));
#2575=DIRECTION('',(0.,0.,1.));
#2576=DIRECTION('',(0.,0.,1.));
#2577=DIRECTION('',(0.,1.,0.));
#2578=DIRECTION('',(0.,0.,-1.));
#2579=DIRECTION('',(0.,1.,0.));
#2580=DIRECTION('',(0.,0.,-1.));
#2581=DIRECTION('',(0.,1.,0.));
#2582=DIRECTION('',(0.,0.,1.));
#2583=DIRECTION('',(0.,0.,1.));
#2584=DIRECTION('',(0.,-1.,0.));
#2585=DIRECTION('',(0.,0.,1.));
#2586=DIRECTION('',(0.,-1.,0.));
#2587=DIRECTION('',(-1.,-9.91270557701033E-17,0.));
#2588=DIRECTION('',(9.91270557701033E-17,-1.,0.));
#2589=DIRECTION('',(9.91270557701033E-17,-1.,0.));
#2590=DIRECTION('',(-1.,-9.91270557701033E-17,0.));
#2591=DIRECTION('',(9.91270557701033E-17,-1.,0.));
#2592=DIRECTION('',(9.91270557701033E-17,-1.,0.));
#2593=DIRECTION('',(-1.,-9.91270557701033E-17,0.));
#2594=DIRECTION('',(9.91270557701033E-17,-1.,0.));
#2595=DIRECTION('',(-9.91270557701033E-17,1.,0.));
#2596=DIRECTION('',(0.,0.,-1.));
#2597=DIRECTION('',(-9.91270557701033E-17,1.,0.));
#2598=DIRECTION('',(0.,0.,-1.));
#2599=DIRECTION('',(0.,0.,-1.));
#2600=DIRECTION('',(9.91270557701033E-17,-1.,1.57702134179709E-16));
#2601=DIRECTION('',(0.,0.,-1.));
#2602=DIRECTION('',(9.91270557701033E-17,-1.,1.57702134179709E-16));
#2603=DIRECTION('',(0.,1.,0.));
#2604=DIRECTION('',(0.,0.,1.));
#2605=DIRECTION('',(0.,0.,-1.));
#2606=DIRECTION('',(1.,0.,0.));
#2607=DIRECTION('',(0.,0.,-1.));
#2608=DIRECTION('',(1.,0.,0.));
#2609=DIRECTION('',(0.,0.,1.));
#2610=DIRECTION('',(1.,0.,0.));
#2611=DIRECTION('',(-1.,0.,0.));
#2612=DIRECTION('',(0.,1.,0.));
#2613=DIRECTION('',(-1.,0.,0.));
#2614=DIRECTION('',(-1.,-1.81014623580188E-16,0.));
#2615=DIRECTION('',(-1.,0.,0.));
#2616=DIRECTION('',(-1.,-9.91270557701033E-17,0.));
#2617=DIRECTION('',(-1.,-2.10269512239613E-16,0.));
#2618=DIRECTION('',(0.,1.,0.));
#2619=DIRECTION('',(-1.,0.,0.));
#2620=DIRECTION('',(-7.30409884621813E-16,1.,0.));
#2621=DIRECTION('',(-1.,-3.79470760369927E-16,0.));
#2622=DIRECTION('',(-5.13992141030165E-16,1.,0.));
#2623=DIRECTION('',(-1.,0.,0.));
#2624=DIRECTION('',(-4.17618614587009E-16,1.,0.));
#2625=DIRECTION('',(0.,-1.,0.));
#2626=DIRECTION('',(1.,0.,0.));
#2627=DIRECTION('',(0.,-1.,0.));
#2628=DIRECTION('',(1.,0.,0.));
#2629=DIRECTION('',(1.,0.,0.));
#2630=DIRECTION('',(0.,-1.,0.));
#2631=DIRECTION('',(1.,0.,0.));
#2632=DIRECTION('',(0.,-1.,0.));
#2633=DIRECTION('',(0.,1.,0.));
#2634=DIRECTION('',(1.,0.,0.));
#2635=DIRECTION('',(0.,1.,0.));
#2636=DIRECTION('',(0.,1.,0.));
#2637=DIRECTION('',(0.,0.,1.));
#2638=DIRECTION('',(0.,0.,-1.));
#2639=DIRECTION('',(1.,0.,0.));
#2640=DIRECTION('',(0.,0.,-1.));
#2641=DIRECTION('',(1.,0.,0.));
#2642=DIRECTION('',(0.,0.,-1.));
#2643=DIRECTION('',(0.,0.,-1.));
#2644=DIRECTION('',(0.,-1.,0.));
#2645=DIRECTION('',(0.,1.,0.));
#2646=DIRECTION('',(0.,0.,1.));
#2647=DIRECTION('',(0.,0.,-1.));
#2648=DIRECTION('',(1.,0.,0.));
#2649=DIRECTION('',(1.,0.,0.));
#2650=DIRECTION('',(0.,0.,-1.));
#2651=DIRECTION('',(0.,-1.,0.));
#2652=DIRECTION('',(0.,0.,1.));
#2653=DIRECTION('',(1.,0.,0.));
#2654=DIRECTION('',(-1.,0.,0.));
#2655=DIRECTION('',(0.,0.,1.));
#2656=DIRECTION('',(0.,1.,0.));
#2657=DIRECTION('',(0.,0.,-1.));
#2658=DIRECTION('',(0.,1.,0.));
#2659=DIRECTION('',(0.,0.,1.));
#2660=DIRECTION('',(1.,0.,0.));
#2661=DIRECTION('',(0.,0.,-1.));
#2662=DIRECTION('',(0.,0.,-1.));
#2663=DIRECTION('',(-1.,0.,0.));
#2664=DIRECTION('',(0.,0.,1.));
#2665=DIRECTION('',(0.,0.,-1.));
#2666=DIRECTION('',(0.,1.,0.));
#2667=DIRECTION('',(0.,1.,0.));
#2668=DIRECTION('',(0.,0.,1.));
#2669=DIRECTION('',(1.,0.,0.));
#2670=DIRECTION('',(0.,0.,1.));
#2671=DIRECTION('',(1.,0.,0.));
#2672=DIRECTION('',(1.,0.,0.));
#2673=DIRECTION('',(-2.75352932694731E-16,1.,0.));
#2674=DIRECTION('',(-1.,-2.75352932694731E-16,0.));
#2675=DIRECTION('',(1.,2.75352932694731E-16,0.));
#2676=DIRECTION('',(0.,0.,-1.));
#2677=DIRECTION('',(1.,2.75352932694731E-16,0.));
#2678=DIRECTION('',(0.,0.,-1.));
#2679=DIRECTION('',(-1.,0.,0.));
#2680=DIRECTION('',(0.,0.,1.));
#2681=DIRECTION('',(0.,1.,0.));
#2682=DIRECTION('',(0.,0.,-1.));
#2683=DIRECTION('',(0.,1.,0.));
#2684=DIRECTION('',(-2.20282346155785E-16,1.,0.));
#2685=DIRECTION('',(-1.,-2.20282346155785E-16,0.));
#2686=DIRECTION('',(1.,2.20282346155785E-16,0.));
#2687=DIRECTION('',(0.,0.,-1.));
#2688=DIRECTION('',(1.,2.20282346155785E-16,0.));
#2689=DIRECTION('',(3.79470760369927E-16,-1.,0.));
#2690=DIRECTION('',(1.,3.79470760369927E-16,0.));
#2691=DIRECTION('',(0.,0.,-1.));
#2692=DIRECTION('',(-1.,-3.79470760369927E-16,0.));
#2693=DIRECTION('',(0.,0.,-1.));
#2694=DIRECTION('',(-1.,-4.17618614587009E-16,0.));
#2695=DIRECTION('',(4.17618614587009E-16,-1.,0.));
#2696=DIRECTION('',(0.,0.,-1.));
#2697=DIRECTION('',(-4.17618614587009E-16,1.,0.));
#2698=DIRECTION('',(0.,-1.,0.));
#2699=DIRECTION('',(0.,0.,-1.));
#2700=DIRECTION('',(0.,0.,-1.));
#2701=DIRECTION('',(-1.,0.,0.));
#2702=DIRECTION('',(-1.,-5.13992141030165E-16,0.));
#2703=DIRECTION('',(5.13992141030165E-16,-1.,0.));
#2704=DIRECTION('',(-5.13992141030165E-16,1.,0.));
#2705=DIRECTION('',(-1.,0.,0.));
#2706=DIRECTION('',(0.,0.,1.));
#2707=DIRECTION('',(0.,1.,0.));
#2708=DIRECTION('',(0.,1.,0.));
#2709=DIRECTION('',(0.,0.,1.));
#2710=DIRECTION('',(1.,0.,0.));
#2711=DIRECTION('',(0.,0.,1.));
#2712=DIRECTION('',(1.,0.,0.));
#2713=DIRECTION('',(1.81014623580188E-16,-1.,0.));
#2714=DIRECTION('',(1.,1.81014623580188E-16,0.));
#2715=DIRECTION('',(-1.,-1.81014623580188E-16,0.));
#2716=DIRECTION('',(0.,0.,1.));
#2717=DIRECTION('',(-1.,-1.81014623580188E-16,0.));
#2718=DIRECTION('',(0.,-1.,0.));
#2719=DIRECTION('',(0.,0.,-1.));
#2720=DIRECTION('',(0.,0.,1.));
#2721=DIRECTION('',(-1.,0.,0.));
#2722=DIRECTION('',(-1.,-9.91270557701033E-17,0.));
#2723=DIRECTION('',(-1.,0.,0.));
#2724=DIRECTION('',(0.,0.,1.));
#2725=DIRECTION('',(1.,0.,0.));
#2726=DIRECTION('',(0.,0.,1.));
#2727=DIRECTION('',(1.,0.,0.));
#2728=DIRECTION('',(-1.,0.,0.));
#2729=DIRECTION('',(0.,0.,1.));
#2730=DIRECTION('',(1.,0.,0.));
#2731=DIRECTION('',(-1.,0.,0.));
#2732=DIRECTION('',(-1.,0.,0.));
#2733=DIRECTION('',(0.,0.,1.));
#2734=DIRECTION('',(1.,0.,0.));
#2735=DIRECTION('',(-1.,0.,0.));
#2736=DIRECTION('',(0.,0.,1.));
#2737=DIRECTION('',(1.,0.,0.));
#2738=DIRECTION('',(0.,0.,1.));
#2739=DIRECTION('',(1.,0.,0.));
#2740=DIRECTION('',(0.,1.,0.));
#2741=DIRECTION('',(0.,1.,0.));
#2742=DIRECTION('',(-1.,0.,0.));
#2743=DIRECTION('',(-9.91270557701033E-17,1.,0.));
#2744=DIRECTION('',(-1.,0.,0.));
#2745=DIRECTION('',(0.,-1.,0.));
#2746=DIRECTION('',(0.,0.,-1.));
#2747=DIRECTION('',(0.,0.,-1.));
#2748=DIRECTION('',(-1.,0.,0.));
#2749=DIRECTION('',(0.,0.,-1.));
#2750=DIRECTION('',(-1.,0.,0.));
#2751=DIRECTION('',(0.,0.,-1.));
#2752=DIRECTION('',(-1.,0.,0.));
#2753=DIRECTION('',(0.,0.,-1.));
#2754=DIRECTION('',(-1.,0.,0.));
#2755=DIRECTION('',(0.,-1.,0.));
#2756=DIRECTION('',(0.,0.,-1.));
#2757=DIRECTION('',(0.,0.,-1.));
#2758=DIRECTION('',(-1.,0.,0.));
#2759=DIRECTION('',(0.,0.,-1.));
#2760=DIRECTION('',(-1.,0.,0.));
#2761=DIRECTION('',(0.,1.,0.));
#2762=DIRECTION('',(0.,0.,1.));
#2763=DIRECTION('',(0.,0.,-1.));
#2764=DIRECTION('',(1.,0.,0.));
#2765=DIRECTION('',(0.,0.,-1.));
#2766=DIRECTION('',(1.,0.,0.));
#2767=DIRECTION('',(0.,0.,-1.));
#2768=DIRECTION('',(-1.,0.,0.));
#2769=DIRECTION('',(0.,0.,1.));
#2770=DIRECTION('',(0.,0.,-1.));
#2771=DIRECTION('',(0.,-1.,0.));
#2772=DIRECTION('',(0.,1.,0.));
#2773=DIRECTION('',(0.,0.,1.));
#2774=DIRECTION('',(0.,0.,-1.));
#2775=DIRECTION('',(1.,0.,0.));
#2776=DIRECTION('',(1.,0.,0.));
#2777=DIRECTION('',(0.,0.,-1.));
#2778=DIRECTION('',(0.,-1.,0.));
#2779=DIRECTION('',(0.,0.,1.));
#2780=DIRECTION('',(1.,0.,0.));
#2781=DIRECTION('',(1.56325482498964E-32,-1.57702134179709E-16,-1.));
#2782=DIRECTION('',(0.,1.,-1.57702134179709E-16));
#2783=DIRECTION('',(-1.,-9.91270557701033E-17,0.));
#2784=DIRECTION('',(-9.91270557701033E-17,1.,0.));
#2785=DIRECTION('',(-1.,-9.91270557701033E-17,0.));
#2786=DIRECTION('',(-1.,0.,0.));
#2787=DIRECTION('',(0.,0.,1.));
#2788=DIRECTION('',(-1.,0.,0.));
#2789=DIRECTION('',(0.,0.,1.));
#2790=DIRECTION('',(-1.,0.,0.));
#2791=DIRECTION('',(0.,-1.,0.));
#2792=DIRECTION('',(0.,0.,-1.));
#2793=DIRECTION('',(-1.,0.,0.));
#2794=DIRECTION('',(1.,0.,0.));
#2795=DIRECTION('',(0.,1.,0.));
#2796=DIRECTION('',(1.,0.,0.));
#2797=DIRECTION('',(0.,-1.,0.));
#2798=DIRECTION('',(0.,0.,-1.));
#2799=DIRECTION('',(0.,0.,-1.));
#2800=DIRECTION('',(1.,0.,0.));
#2801=DIRECTION('',(0.,0.,-1.));
#2802=DIRECTION('',(-1.,0.,0.));
#2803=DIRECTION('',(0.,1.,0.));
#2804=DIRECTION('',(1.,0.,0.));
#2805=DIRECTION('',(0.,-1.,0.));
#2806=DIRECTION('',(0.,0.,-1.));
#2807=DIRECTION('',(0.,0.,-1.));
#2808=DIRECTION('',(0.,0.,-1.));
#2809=DIRECTION('',(-1.,0.,0.));
#2810=DIRECTION('',(0.,0.707106781186548,-0.707106781186548));
#2811=DIRECTION('',(0.,0.707106781186548,0.707106781186548));
#2812=DIRECTION('',(0.,-0.707106781186548,-0.707106781186548));
#2813=DIRECTION('',(0.,0.707106781186548,-0.707106781186548));
#2814=DIRECTION('',(0.,-1.,0.));
#2815=DIRECTION('',(0.,0.,-1.));
#2816=DIRECTION('',(0.,-0.707106781186548,0.707106781186548));
#2817=DIRECTION('',(0.,0.707106781186548,0.707106781186548));
#2818=DIRECTION('',(0.,1.,0.));
#2819=DIRECTION('',(0.,0.,1.));
#2820=DIRECTION('',(0.,0.707106781186548,0.707106781186548));
#2821=DIRECTION('',(0.,-0.707106781186548,0.707106781186548));
#2822=DIRECTION('',(0.,0.,1.));
#2823=DIRECTION('',(1.,0.,0.));
#2824=DIRECTION('',(0.,0.,1.));
#2825=DIRECTION('',(1.,0.,0.));
#2826=DIRECTION('',(0.,0.,1.));
#2827=DIRECTION('',(1.,0.,0.));
#2828=DIRECTION('',(0.,0.,1.));
#2829=DIRECTION('',(1.,0.,0.));
#2830=DIRECTION('',(0.,0.,1.));
#2831=DIRECTION('',(1.,0.,0.));
#2832=DIRECTION('',(0.,0.,1.));
#2833=DIRECTION('',(1.,0.,0.));
#2834=DIRECTION('',(0.,0.,1.));
#2835=DIRECTION('',(1.,0.,0.));
#2836=DIRECTION('',(0.,0.,1.));
#2837=DIRECTION('',(1.,0.,0.));
#2838=DIRECTION('',(0.,0.,1.));
#2839=DIRECTION('',(1.,0.,0.));
#2840=DIRECTION('',(0.,0.,1.));
#2841=DIRECTION('',(1.,0.,0.));
#2842=DIRECTION('',(0.,0.,1.));
#2843=DIRECTION('',(1.,0.,0.));
#2844=DIRECTION('',(0.,0.,1.));
#2845=DIRECTION('',(1.,0.,0.));
#2846=DIRECTION('',(0.,0.,1.));
#2847=DIRECTION('',(1.,0.,0.));
#2848=DIRECTION('',(1.,0.,0.));
#2849=DIRECTION('',(0.,1.,0.));
#2850=DIRECTION('',(0.,-1.,0.));
#2851=DIRECTION('',(1.,0.,0.));
#2852=DIRECTION('',(0.,0.,-1.));
#2853=DIRECTION('',(0.,0.,-1.));
#2854=DIRECTION('',(0.,0.,-1.));
#2855=DIRECTION('',(-1.,0.,0.));
#2856=DIRECTION('',(-1.,0.,0.));
#2857=DIRECTION('',(0.,1.,0.));
#2858=DIRECTION('',(-1.,0.,0.));
#2859=DIRECTION('',(0.,1.,0.));
#2860=DIRECTION('',(0.,0.,1.));
#2861=DIRECTION('',(0.,0.,-1.));
#2862=DIRECTION('',(-1.,0.,0.));
#2863=DIRECTION('',(1.,0.,0.));
#2864=DIRECTION('',(0.,0.,-1.));
#2865=DIRECTION('',(-1.,0.,0.));
#2866=DIRECTION('',(0.,-1.,0.));
#2867=DIRECTION('',(-1.,0.,0.));
#2868=DIRECTION('',(-1.,0.,0.));
#2869=DIRECTION('',(1.,0.,0.));
#2870=DIRECTION('',(0.,1.,0.));
#2871=DIRECTION('',(0.,0.,-1.));
#2872=DIRECTION('',(0.,0.,-1.));
#2873=DIRECTION('',(1.,0.,0.));
#2874=DIRECTION('',(0.,0.,-1.));
#2875=DIRECTION('',(1.,0.,0.));
#2876=DIRECTION('',(0.,0.,-1.));
#2877=DIRECTION('',(1.,0.,0.));
#2878=DIRECTION('',(0.,0.,-1.));
#2879=DIRECTION('',(0.,1.,0.));
#2880=DIRECTION('',(1.,0.,0.));
#2881=DIRECTION('',(0.,0.,-1.));
#2882=DIRECTION('',(0.,0.,-1.));
#2883=DIRECTION('',(0.,0.,1.));
#2884=DIRECTION('',(1.,0.,0.));
#2885=DIRECTION('',(0.,1.,0.));
#2886=DIRECTION('',(-1.,0.,0.));
#2887=DIRECTION('',(-1.,0.,0.));
#2888=DIRECTION('',(0.,-1.,0.));
#2889=DIRECTION('',(1.,0.,0.));
#2890=DIRECTION('',(-1.,0.,0.));
#2891=DIRECTION('',(0.,1.,0.));
#2892=DIRECTION('',(0.,0.,1.));
#2893=DIRECTION('',(0.,0.,-1.));
#2894=DIRECTION('',(1.,0.,0.));
#2895=DIRECTION('',(0.,1.,0.));
#2896=DIRECTION('',(1.,0.,0.));
#2897=DIRECTION('',(0.,0.,-1.));
#2898=DIRECTION('',(0.,0.,1.));
#2899=DIRECTION('',(1.,0.,0.));
#2900=DIRECTION('',(0.,0.,1.));
#2901=DIRECTION('',(1.,0.,0.));
#2902=DIRECTION('',(-0.707106781186548,0.,0.707106781186548));
#2903=DIRECTION('',(-0.707106781186548,0.,-0.707106781186548));
#2904=DIRECTION('',(-1.,0.,0.));
#2905=DIRECTION('',(0.,0.,1.));
#2906=DIRECTION('',(-0.707106781186548,0.,-0.707106781186548));
#2907=DIRECTION('',(-0.707106781186548,0.,0.707106781186548));
#2908=DIRECTION('',(1.,0.,0.));
#2909=DIRECTION('',(0.,0.,-1.));
#2910=DIRECTION('',(1.,0.,0.));
#2911=DIRECTION('',(0.,0.,-1.));
#2912=DIRECTION('',(1.,0.,0.));
#2913=DIRECTION('',(0.,0.,-1.));
#2914=DIRECTION('',(0.,0.,-1.));
#2915=DIRECTION('',(-1.,0.,0.));
#2916=DIRECTION('',(0.,0.,-1.));
#2917=DIRECTION('',(-1.,0.,0.));
#2918=DIRECTION('',(0.,0.,1.));
#2919=DIRECTION('',(1.,0.,0.));
#2920=DIRECTION('',(0.,1.,0.));
#2921=DIRECTION('',(0.,0.,1.));
#2922=DIRECTION('',(9.91270557701033E-17,-1.,0.));
#2923=DIRECTION('',(1.,9.91270557701033E-17,0.));
#2924=DIRECTION('',(0.,1.,0.));
#2925=DIRECTION('',(0.,0.,1.));
#2926=DIRECTION('',(-1.,0.,0.));
#2927=DIRECTION('',(0.,0.,1.));
#2928=DIRECTION('',(-1.,0.,0.));
#2929=DIRECTION('',(0.,0.,1.));
#2930=DIRECTION('',(-0.707106781186548,0.,0.707106781186548));
#2931=DIRECTION('',(-0.707106781186548,0.,-0.707106781186548));
#2932=DIRECTION('',(0.,0.,-1.));
#2933=DIRECTION('',(-1.,0.,0.));
#2934=DIRECTION('',(0.707106781186548,0.,-0.707106781186548));
#2935=DIRECTION('',(-0.707106781186548,0.,-0.707106781186548));
#2936=DIRECTION('',(0.,0.,-1.));
#2937=DIRECTION('',(-1.,0.,0.));
#2938=DIRECTION('',(0.,0.,-1.));
#2939=DIRECTION('',(-1.,0.,0.));
#2940=DIRECTION('',(1.,0.,0.));
#2941=DIRECTION('',(0.,0.,-1.));
#2942=DIRECTION('',(0.707106781186548,0.,0.707106781186548));
#2943=DIRECTION('',(0.707106781186548,0.,-0.707106781186548));
#2944=DIRECTION('',(0.,0.,1.));
#2945=DIRECTION('',(1.,0.,0.));
#2946=DIRECTION('',(0.707106781186548,0.,0.707106781186548));
#2947=DIRECTION('',(0.707106781186548,0.,-0.707106781186548));
#2948=DIRECTION('',(0.,0.,1.));
#2949=DIRECTION('',(1.,0.,0.));
#2950=DIRECTION('',(-0.707106781186548,0.,0.707106781186548));
#2951=DIRECTION('',(0.707106781186548,0.,0.707106781186548));
#2952=DIRECTION('',(1.,0.,0.));
#2953=DIRECTION('',(0.,0.,-1.));
#2954=DIRECTION('',(0.707106781186548,0.,-0.707106781186548));
#2955=DIRECTION('',(0.707106781186548,0.,0.707106781186548));
#2956=DIRECTION('',(-1.,0.,0.));
#2957=DIRECTION('',(0.,0.,1.));
#2958=DIRECTION('',(0.707106781186548,0.,-0.707106781186548));
#2959=DIRECTION('',(-0.707106781186548,0.,-0.707106781186548));
#2960=DIRECTION('',(0.,0.,-1.));
#2961=DIRECTION('',(-1.,0.,0.));
#2962=DIRECTION('',(-1.,0.,0.));
#2963=DIRECTION('',(0.,0.,1.));
#2964=DIRECTION('',(0.,1.,0.));
#2965=DIRECTION('',(0.,0.,1.));
#2966=DIRECTION('',(0.,-1.,0.));
#2967=DIRECTION('',(0.,0.,-1.));
#2968=DIRECTION('',(0.,0.,1.));
#2969=DIRECTION('',(1.,0.,0.));
#2970=DIRECTION('',(2.10269512239613E-16,-1.,0.));
#2971=DIRECTION('',(1.,2.10269512239613E-16,0.));
#2972=DIRECTION('',(0.,0.,-1.));
#2973=DIRECTION('',(-1.,-2.10269512239613E-16,0.));
#2974=DIRECTION('',(0.,0.,-1.));
#2975=DIRECTION('',(-1.,-7.30409884621813E-16,0.));
#2976=DIRECTION('',(7.30409884621813E-16,-1.,0.));
#2977=DIRECTION('',(0.,0.,-1.));
#2978=DIRECTION('',(-7.30409884621813E-16,1.,0.));
#2979=DIRECTION('',(0.,-1.,0.));
#2980=DIRECTION('',(0.,0.,-1.));
#2981=DIRECTION('',(0.,0.,-1.));
#2982=DIRECTION('',(-1.,0.,0.));
#2983=DIRECTION('',(1.,3.85494105772624E-16,0.));
#2984=DIRECTION('',(-3.85494105772624E-16,1.,0.));
#2985=DIRECTION('',(3.85494105772624E-16,-1.,0.));
#2986=DIRECTION('',(0.,0.,-1.));
#2987=DIRECTION('',(3.85494105772624E-16,-1.,0.));
#2988=DIRECTION('',(0.,0.,-1.));
#2989=DIRECTION('',(0.,1.,0.));
#2990=DIRECTION('',(0.,0.,1.));
#2991=DIRECTION('',(1.,0.,0.));
#2992=DIRECTION('',(0.,0.,-1.));
#2993=DIRECTION('',(1.,0.,0.));
#2994=DIRECTION('',(1.,3.85494105772624E-16,0.));
#2995=DIRECTION('',(-3.85494105772624E-16,1.,0.));
#2996=DIRECTION('',(3.85494105772624E-16,-1.,0.));
#2997=DIRECTION('',(0.,0.,-1.));
#2998=DIRECTION('',(3.85494105772624E-16,-1.,0.));
#2999=DIRECTION('',(0.,1.,0.));
#3000=DIRECTION('',(0.,0.,1.));
#3001=DIRECTION('',(1.,0.,0.));
#3002=DIRECTION('',(1.,0.,0.));
#3003=DIRECTION('',(-1.,0.,0.));
#3004=DIRECTION('',(0.,0.,1.));
#3005=DIRECTION('',(0.,1.,0.));
#3006=DIRECTION('',(0.,0.,1.));
#3007=DIRECTION('',(1.,0.,0.));
#3008=DIRECTION('',(0.,0.,1.));
#3009=DIRECTION('',(1.,0.,0.));
#3010=DIRECTION('',(0.,1.,0.));
#3011=DIRECTION('',(0.,0.,1.));
#3012=DIRECTION('',(0.,0.,-1.));
#3013=DIRECTION('',(1.,0.,0.));
#3014=DIRECTION('',(1.,0.,0.));
#3015=DIRECTION('',(0.,0.,-1.));
#3016=DIRECTION('',(0.,0.,-1.));
#3017=DIRECTION('',(0.,-1.,0.));
#3018=DIRECTION('',(0.,1.,0.));
#3019=DIRECTION('',(0.,0.,1.));
#3020=DIRECTION('',(1.,0.,0.));
#3021=DIRECTION('',(0.,-1.,0.));
#3022=DIRECTION('',(0.,0.,-1.));
#3023=DIRECTION('',(0.,0.,-1.));
#3024=DIRECTION('',(-1.,0.,0.));
#3025=DIRECTION('',(-1.,0.,0.));
#3026=DIRECTION('',(0.,0.,1.));
#3027=DIRECTION('',(0.,0.,-1.));
#3028=DIRECTION('',(0.,1.,0.));
#3029=DIRECTION('',(0.,-1.,0.));
#3030=DIRECTION('',(0.,0.,-1.));
#3031=DIRECTION('',(-1.,0.,0.));
#3032=DIRECTION('',(0.,0.,1.));
#3033=DIRECTION('',(1.,0.,0.));
#3034=DIRECTION('',(0.,0.,-1.));
#3035=DIRECTION('',(-1.,0.,0.));
#3036=DIRECTION('',(1.,0.,0.));
#3037=DIRECTION('',(9.91270557701033E-17,-1.,0.));
#3038=DIRECTION('',(1.,0.,0.));
#3039=DIRECTION('',(1.,0.,0.));
#3040=DIRECTION('',(0.,0.,-1.));
#3041=DIRECTION('',(1.,0.,0.));
#3042=DIRECTION('',(-1.,-9.91270557701033E-17,0.));
#3043=DIRECTION('',(9.91270557701033E-17,-1.,0.));
#3044=DIRECTION('',(0.,0.,-1.));
#3045=DIRECTION('',(-1.,0.,0.));
#3046=DIRECTION('',(1.,0.,0.));
#3047=DIRECTION('',(9.91270557701033E-17,-1.,0.));
#3048=DIRECTION('',(1.,0.,0.));
#3049=DIRECTION('',(0.,0.,-1.));
#3050=DIRECTION('',(-1.,-9.91270557701033E-17,0.));
#3051=DIRECTION('',(9.91270557701033E-17,-1.,0.));
#3052=DIRECTION('',(-1.,-9.91270557701033E-17,0.));
#3053=DIRECTION('',(9.91270557701033E-17,-1.,0.));
#3054=DIRECTION('',(0.,1.,0.));
#3055=DIRECTION('',(0.,0.,1.));
#3056=DIRECTION('',(0.,1.,0.));
#3057=DIRECTION('',(0.,0.,1.));
#3058=DIRECTION('',(9.91270557701033E-17,-1.,0.));
#3059=DIRECTION('',(1.,9.91270557701033E-17,0.));
#3060=DIRECTION('',(-9.91270557701033E-17,1.,0.));
#3061=DIRECTION('',(-1.,-9.91270557701033E-17,0.));
#3062=DIRECTION('',(-1.,-9.91270557701033E-17,0.));
#3063=DIRECTION('',(9.91270557701033E-17,-1.,0.));
#3064=DIRECTION('',(0.,0.,1.));
#3065=DIRECTION('',(1.,0.,0.));
#3066=DIRECTION('',(0.,0.,1.));
#3067=DIRECTION('',(1.,0.,0.));
#3068=DIRECTION('',(0.,0.,1.));
#3069=DIRECTION('',(1.,0.,0.));
#3070=DIRECTION('',(-1.,0.,0.));
#3071=DIRECTION('',(0.,0.,1.));
#3072=DIRECTION('',(1.,0.,0.));
#3073=DIRECTION('',(0.,1.,0.));
#3074=DIRECTION('',(0.,0.,1.));
#3075=DIRECTION('',(1.,0.,0.));
#3076=DIRECTION('',(-1.,0.,0.));
#3077=DIRECTION('',(0.,0.,1.));
#3078=DIRECTION('',(1.,0.,0.));
#3079=DIRECTION('',(-9.91270557701033E-17,1.,0.));
#3080=DIRECTION('',(0.,0.,1.));
#3081=DIRECTION('',(1.,0.,0.));
#3082=DIRECTION('',(0.,0.,1.));
#3083=DIRECTION('',(1.,0.,0.));
#3084=DIRECTION('',(0.,0.,1.));
#3085=DIRECTION('',(1.,0.,0.));
#3086=DIRECTION('',(0.,0.,1.));
#3087=DIRECTION('',(1.,0.,0.));
#3088=DIRECTION('',(0.,0.,1.));
#3089=DIRECTION('',(1.,0.,0.));
#3090=DIRECTION('',(-1.,0.,0.));
#3091=DIRECTION('',(-9.91270557701033E-17,1.,0.));
#3092=DIRECTION('',(-1.,0.,0.));
#3093=DIRECTION('',(0.,1.,0.));
#3094=DIRECTION('',(0.,0.,1.));
#3095=DIRECTION('',(1.,0.,0.));
#3096=DIRECTION('',(0.,0.,1.));
#3097=DIRECTION('',(1.,0.,0.));
#3098=DIRECTION('',(0.,-1.,0.));
#3099=DIRECTION('',(0.,0.,-1.));
#3100=DIRECTION('',(-0.707106781186548,-0.707106781186548,0.));
#3101=DIRECTION('',(-0.707106781186548,0.707106781186548,0.));
#3102=DIRECTION('',(0.707106781186548,-0.707106781186548,0.));
#3103=DIRECTION('',(0.707106781186548,0.707106781186548,0.));
#3104=DIRECTION('',(1.,0.,0.));
#3105=DIRECTION('',(0.,0.,-1.));
#3106=DIRECTION('',(0.707106781186548,0.707106781186548,0.));
#3107=DIRECTION('',(0.707106781186548,-0.707106781186548,0.));
#3108=DIRECTION('',(0.,0.,1.));
#3109=DIRECTION('',(1.,0.,0.));
#3110=DIRECTION('',(-1.,0.,0.));
#3111=DIRECTION('',(0.,0.,1.));
#3112=DIRECTION('',(-0.707106781186548,0.707106781186548,0.));
#3113=DIRECTION('',(-0.707106781186548,-0.707106781186548,0.));
#3114=DIRECTION('',(-9.91270557701033E-17,1.,0.));
#3115=DIRECTION('',(-1.,-9.91270557701033E-17,0.));
#3116=DIRECTION('',(0.,0.,1.));
#3117=DIRECTION('',(1.,0.,0.));
#3118=CARTESIAN_POINT('',(0.,0.,0.));
#3119=CARTESIAN_POINT('',(-0.0444982871413231,0.137,0.014));
#3120=CARTESIAN_POINT('',(-0.0444982871413231,0.137,0.014));
#3121=CARTESIAN_POINT('',(-0.0431982871413231,0.137,0.014));
#3122=CARTESIAN_POINT('',(-0.0444982871413231,0.129,0.014));
#3123=CARTESIAN_POINT('',(-0.0431982871413231,0.129,0.014));
#3124=CARTESIAN_POINT('',(0.,0.,0.));
#3125=CARTESIAN_POINT('',(-0.117,0.07,0.043));
#3126=CARTESIAN_POINT('',(-0.117,0.0976711313165515,0.0075));
#3127=CARTESIAN_POINT('',(-0.117,0.097,0.005));
#3128=CARTESIAN_POINT('',(-0.117,0.097,0.01));
#3129=CARTESIAN_POINT('',(-0.117,0.0915,0.005));
#3130=CARTESIAN_POINT('',(-0.117,0.086,0.005));
#3131=CARTESIAN_POINT('',(-0.117,0.086,0.0075));
#3132=CARTESIAN_POINT('',(-0.117,0.086,0.01));
#3133=CARTESIAN_POINT('',(-0.117,0.0915,0.01));
#3134=CARTESIAN_POINT('',(-0.117,0.0999256732463837,0.004));
#3135=CARTESIAN_POINT('',(-0.117,0.0999256732463837,0.004));
#3136=CARTESIAN_POINT('',(-0.117,0.0999256732463837,0.003));
#3137=CARTESIAN_POINT('',(-0.117,0.07,0.004));
#3138=CARTESIAN_POINT('',(-0.117,0.100925673246384,0.004));
#3139=CARTESIAN_POINT('',(-0.117,0.100925673246384,0.004));
#3140=CARTESIAN_POINT('',(-0.117,0.100925673246384,0.003));
#3141=CARTESIAN_POINT('',(-0.117,0.07,0.003));
#3142=CARTESIAN_POINT('',(-0.117,0.126,0.003));
#3143=CARTESIAN_POINT('',(-0.117,0.126,0.043));
#3144=CARTESIAN_POINT('',(-0.117,0.126,0.014));
#3145=CARTESIAN_POINT('',(-0.117,0.07,0.014));
#3146=CARTESIAN_POINT('',(-0.117,0.137,0.014));
#3147=CARTESIAN_POINT('',(-0.117,0.137,0.043));
#3148=CARTESIAN_POINT('',(-0.117,0.137,0.043));
#3149=CARTESIAN_POINT('',(-0.117,0.07,0.043));
#3150=CARTESIAN_POINT('',(-0.117,0.003,0.043));
#3151=CARTESIAN_POINT('',(-0.117,0.003,0.043));
#3152=CARTESIAN_POINT('',(-0.117,0.003,0.003));
#3153=CARTESIAN_POINT('',(-0.117,0.07,0.003));
#3154=CARTESIAN_POINT('',(-0.117,0.0809256732463837,0.003));
#3155=CARTESIAN_POINT('',(-0.117,0.0809256732463837,0.004));
#3156=CARTESIAN_POINT('',(-0.117,0.0809256732463837,0.004));
#3157=CARTESIAN_POINT('',(-0.117,0.07,0.004));
#3158=CARTESIAN_POINT('',(-0.117,0.0819256732463837,0.004));
#3159=CARTESIAN_POINT('',(-0.117,0.0819256732463837,0.004));
#3160=CARTESIAN_POINT('',(-0.117,0.0819256732463837,0.003));
#3161=CARTESIAN_POINT('',(-0.117,0.07,0.003));
#3162=CARTESIAN_POINT('',(-0.06,0.07,0.003));
#3163=CARTESIAN_POINT('',(-0.1025,0.0819256732463837,0.003));
#3164=CARTESIAN_POINT('',(-0.088,0.0819256732463837,0.003));
#3165=CARTESIAN_POINT('',(-0.088,0.0909256732463837,0.003));
#3166=CARTESIAN_POINT('',(-0.088,0.0999256732463837,0.003));
#3167=CARTESIAN_POINT('',(-0.1025,0.0999256732463837,0.003));
#3168=CARTESIAN_POINT('',(0.04,0.1147,-0.0035));
#3169=CARTESIAN_POINT('',(0.,0.1147,-0.0035));
#3170=CARTESIAN_POINT('',(0.,0.1147,0.));
#3171=CARTESIAN_POINT('',(0.,0.1147,-0.0275));
#3172=CARTESIAN_POINT('',(0.04,0.1147,-0.0275));
#3173=CARTESIAN_POINT('',(0.0665,0.1147,-0.0275));
#3174=CARTESIAN_POINT('',(0.0665,0.1147,-0.00325));
#3175=CARTESIAN_POINT('',(0.0665,0.1147,0.0215));
#3176=CARTESIAN_POINT('',(0.08,0.1147,0.0215));
#3177=CARTESIAN_POINT('',(0.,0.1147,0.0215));
#3178=CARTESIAN_POINT('',(0.,0.1147,-0.0035));
#3179=CARTESIAN_POINT('',(0.,0.1147,0.001));
#3180=CARTESIAN_POINT('',(-0.001,0.1147,0.001));
#3181=CARTESIAN_POINT('',(-0.001,0.1147,0.));
#3182=CARTESIAN_POINT('',(0.04,0.1147,0.));
#3183=CARTESIAN_POINT('',(0.08,0.13985,0.0215));
#3184=CARTESIAN_POINT('',(0.08,0.13985,0.0215));
#3185=CARTESIAN_POINT('',(0.08,0.139,0.0215));
#3186=CARTESIAN_POINT('',(0.08,0.1147,0.0215));
#3187=CARTESIAN_POINT('',(0.08,0.139,0.0215));
#3188=CARTESIAN_POINT('',(0.0795,0.139,0.0215));
#3189=CARTESIAN_POINT('',(0.0795,0.1147,0.0215));
#3190=CARTESIAN_POINT('',(0.0795,0.1147,0.0215));
#3191=CARTESIAN_POINT('',(0.08,0.1147,0.0215));
#3192=CARTESIAN_POINT('',(-0.06,0.07,0.043));
#3193=CARTESIAN_POINT('',(0.,0.07,0.043));
#3194=CARTESIAN_POINT('',(0.,0.001,0.043));
#3195=CARTESIAN_POINT('',(0.,0.139,0.043));
#3196=CARTESIAN_POINT('',(-0.12,0.139,0.043));
#3197=CARTESIAN_POINT('',(-0.00205,0.139,0.043));
#3198=CARTESIAN_POINT('',(-0.00205,0.13795,0.043));
#3199=CARTESIAN_POINT('',(-0.002,0.13690119115183,0.043));
#3200=CARTESIAN_POINT('',(-0.002,0.07,0.043));
#3201=CARTESIAN_POINT('',(-0.002,0.00309880884817015,0.043));
#3202=CARTESIAN_POINT('',(-0.00205,0.00205,0.043));
#3203=CARTESIAN_POINT('',(-0.00205,0.001,0.043));
#3204=CARTESIAN_POINT('',(-0.06,0.001,0.043));
#3205=CARTESIAN_POINT('',(0.0005,0.1147,-0.00325));
#3206=CARTESIAN_POINT('',(0.0005,0.1397,-0.00325));
#3207=CARTESIAN_POINT('',(0.0005,0.1397,0.0212141428428543));
#3208=CARTESIAN_POINT('',(0.0005,0.1397,-0.028));
#3209=CARTESIAN_POINT('',(0.0005,0.139,0.0205));
#3210=CARTESIAN_POINT('',(0.0005,0.139,0.0215));
#3211=CARTESIAN_POINT('',(0.0005,0.1147,0.0215));
#3212=CARTESIAN_POINT('',(0.0005,0.1157,0.0215));
#3213=CARTESIAN_POINT('',(0.0005,0.1157,-0.00325));
#3214=CARTESIAN_POINT('',(0.0005,0.1157,-0.028));
#3215=CARTESIAN_POINT('',(0.0005,0.1147,-0.028));
#3216=CARTESIAN_POINT('',(0.,0.07,0.003));
#3217=CARTESIAN_POINT('',(0.,0.060474656522274,0.0142664386183023));
#3218=CARTESIAN_POINT('',(0.,0.0266801362633705,0.0142664386183023));
#3219=CARTESIAN_POINT('',(0.,0.061474656522274,0.0142664386183023));
#3220=CARTESIAN_POINT('',(0.,0.061474656522274,0.00808835588395596));
#3221=CARTESIAN_POINT('',(0.,0.061474656522274,0.00708835588395596));
#3222=CARTESIAN_POINT('',(0.,0.07,0.00708835588395596));
#3223=CARTESIAN_POINT('',(0.,0.0266801362633705,0.00708835588395596));
#3224=CARTESIAN_POINT('',(0.,0.0266801362633705,0.003));
#3225=CARTESIAN_POINT('',(0.,0.13985,0.0215));
#3226=CARTESIAN_POINT('',(0.,0.139,0.0215));
#3227=CARTESIAN_POINT('',(0.,0.139,0.003));
#3228=CARTESIAN_POINT('',(0.,0.001,0.));
#3229=CARTESIAN_POINT('',(0.,0.001,0.001));
#3230=CARTESIAN_POINT('',(0.,0.07,0.001));
#3231=CARTESIAN_POINT('',(-0.002,0.07,0.043));
#3232=CARTESIAN_POINT('',(-0.002,0.13690119115183,0.035));
#3233=CARTESIAN_POINT('',(-0.002,0.13690119115183,0.035));
#3234=CARTESIAN_POINT('',(-0.002,0.07,0.035));
#3235=CARTESIAN_POINT('',(-0.002,0.137,0.035));
#3236=CARTESIAN_POINT('',(-0.002,0.137,0.043));
#3237=CARTESIAN_POINT('',(-0.002,0.137,0.003));
#3238=CARTESIAN_POINT('',(-0.002,0.07,0.003));
#3239=CARTESIAN_POINT('',(-0.002,0.003,0.003));
#3240=CARTESIAN_POINT('',(-0.002,0.003,0.043));
#3241=CARTESIAN_POINT('',(-0.002,0.003,0.035));
#3242=CARTESIAN_POINT('',(-0.002,0.07,0.035));
#3243=CARTESIAN_POINT('',(-0.002,0.00309880884817015,0.035));
#3244=CARTESIAN_POINT('',(-0.002,0.00309880884817015,0.035));
#3245=CARTESIAN_POINT('',(-0.002,0.060474656522274,0.043));
#3246=CARTESIAN_POINT('',(-0.002,0.060474656522274,0.00808835588395596));
#3247=CARTESIAN_POINT('',(-0.002,0.060474656522274,0.0132664386183023));
#3248=CARTESIAN_POINT('',(-0.002,0.07,0.0132664386183023));
#3249=CARTESIAN_POINT('',(-0.002,0.0276801362633705,0.0132664386183023));
#3250=CARTESIAN_POINT('',(-0.002,0.0276801362633705,0.043));
#3251=CARTESIAN_POINT('',(-0.002,0.0276801362633705,0.00808835588395596));
#3252=CARTESIAN_POINT('',(-0.002,0.07,0.00808835588395596));
#3253=CARTESIAN_POINT('',(-0.12,0.07,0.003));
#3254=CARTESIAN_POINT('',(-0.12,0.097,0.004));
#3255=CARTESIAN_POINT('',(-0.12,0.086,0.004));
#3256=CARTESIAN_POINT('',(-0.12,0.096879013851016,0.004));
#3257=CARTESIAN_POINT('',(-0.12,0.0976711313165515,0.0075));
#3258=CARTESIAN_POINT('',(-0.12,0.0968790138510159,0.011));
#3259=CARTESIAN_POINT('',(-0.12,0.07,0.011));
#3260=CARTESIAN_POINT('',(-0.12,0.086,0.011));
#3261=CARTESIAN_POINT('',(-0.12,0.086,0.0075));
#3262=CARTESIAN_POINT('',(-0.12,0.07,0.043));
#3263=CARTESIAN_POINT('',(-0.12,0.001,0.043));
#3264=CARTESIAN_POINT('',(-0.12,0.139,0.043));
#3265=CARTESIAN_POINT('',(-0.12,0.139,0.));
#3266=CARTESIAN_POINT('',(-0.12,0.139,0.001));
#3267=CARTESIAN_POINT('',(-0.12,0.001,0.001));
#3268=CARTESIAN_POINT('',(-0.12,0.001,0.001));
#3269=CARTESIAN_POINT('',(-0.12,0.001,0.003));
#3270=CARTESIAN_POINT('',(-0.12,0.137,0.0085));
#3271=CARTESIAN_POINT('',(-0.12,0.137,0.014));
#3272=CARTESIAN_POINT('',(-0.12,0.137,0.003));
#3273=CARTESIAN_POINT('',(-0.12,0.1315,0.014));
#3274=CARTESIAN_POINT('',(-0.12,0.126,0.014));
#3275=CARTESIAN_POINT('',(-0.12,0.126,0.0085));
#3276=CARTESIAN_POINT('',(-0.12,0.126,0.003));
#3277=CARTESIAN_POINT('',(-0.12,0.1315,0.003));
#3278=CARTESIAN_POINT('',(-0.041064190864563,0.1289,0.004));
#3279=CARTESIAN_POINT('',(-0.0427162162959575,0.1289,0.008738));
#3280=CARTESIAN_POINT('',(-0.0427162162959575,0.1289,0.004));
#3281=CARTESIAN_POINT('',(-0.0427162162959575,0.1289,0.003));
#3282=CARTESIAN_POINT('',(-0.041064190864563,0.1289,0.004));
#3283=CARTESIAN_POINT('',(-0.053564190864563,0.1289,0.004));
#3284=CARTESIAN_POINT('',(-0.053564190864563,0.1289,0.004));
#3285=CARTESIAN_POINT('',(-0.053564190864563,0.1289,0.003));
#3286=CARTESIAN_POINT('',(-0.041064190864563,0.1289,0.003));
#3287=CARTESIAN_POINT('',(-0.06,0.07,0.003));
#3288=CARTESIAN_POINT('',(-0.102,0.100925673246384,0.003));
#3289=CARTESIAN_POINT('',(-0.087,0.100925673246384,0.003));
#3290=CARTESIAN_POINT('',(-0.087,0.0909256732463837,0.003));
#3291=CARTESIAN_POINT('',(-0.087,0.0809256732463837,0.003));
#3292=CARTESIAN_POINT('',(-0.102,0.0809256732463837,0.003));
#3293=CARTESIAN_POINT('',(-0.0595,0.003,0.003));
#3294=CARTESIAN_POINT('',(-0.0595,0.137,0.003));
#3295=CARTESIAN_POINT('',(-0.095,0.126,0.003));
#3296=CARTESIAN_POINT('',(-0.0969752333164215,0.0187188424706282,0.003));
#3297=CARTESIAN_POINT('',(-0.0804752333164215,0.0187188424706282,0.003));
#3298=CARTESIAN_POINT('',(-0.113475233316421,0.0187188424706282,0.003));
#3299=CARTESIAN_POINT('',(-0.113475233316421,0.0377188424706281,0.003));
#3300=CARTESIAN_POINT('',(-0.113475233316421,0.0567188424706282,0.003));
#3301=CARTESIAN_POINT('',(-0.0969752333164215,0.0567188424706282,0.003));
#3302=CARTESIAN_POINT('',(-0.0804752333164215,0.0567188424706282,0.003));
#3303=CARTESIAN_POINT('',(-0.0804752333164215,0.0377188424706281,0.003));
#3304=CARTESIAN_POINT('',(-0.0415,0.0200945918932557,0.003));
#3305=CARTESIAN_POINT('',(-0.0095,0.0200945918932557,0.003));
#3306=CARTESIAN_POINT('',(-0.0735,0.0200945918932557,0.003));
#3307=CARTESIAN_POINT('',(-0.0735,0.0470945918932557,0.003));
#3308=CARTESIAN_POINT('',(-0.0735,0.0740945918932557,0.003));
#3309=CARTESIAN_POINT('',(-0.0415,0.0740945918932557,0.003));
#3310=CARTESIAN_POINT('',(-0.0095,0.0740945918932557,0.003));
#3311=CARTESIAN_POINT('',(-0.0095,0.0470945918932557,0.003));
#3312=CARTESIAN_POINT('',(-0.0566385164856911,0.1345,0.003));
#3313=CARTESIAN_POINT('',(-0.0566385164856911,0.135,0.003));
#3314=CARTESIAN_POINT('',(-0.0566385164856911,0.134,0.003));
#3315=CARTESIAN_POINT('',(-0.0441385164856911,0.135,0.003));
#3316=CARTESIAN_POINT('',(-0.031638516485691,0.135,0.003));
#3317=CARTESIAN_POINT('',(-0.031638516485691,0.1345,0.003));
#3318=CARTESIAN_POINT('',(-0.031638516485691,0.134,0.003));
#3319=CARTESIAN_POINT('',(-0.0441385164856911,0.134,0.003));
#3320=CARTESIAN_POINT('',(-0.041064190864563,0.1289,0.003));
#3321=CARTESIAN_POINT('',(-0.0297162162959576,0.1289,0.003));
#3322=CARTESIAN_POINT('',(-0.028564190864563,0.1289,0.003));
#3323=CARTESIAN_POINT('',(-0.0297162162959576,0.1159,0.003));
#3324=CARTESIAN_POINT('',(-0.0297162162959576,0.1029,0.003));
#3325=CARTESIAN_POINT('',(-0.0362162162959575,0.1029,0.003));
#3326=CARTESIAN_POINT('',(-0.0427162162959575,0.1029,0.003));
#3327=CARTESIAN_POINT('',(-0.0427162162959575,0.1159,0.003));
#3328=CARTESIAN_POINT('',(-0.053564190864563,0.1294,0.003));
#3329=CARTESIAN_POINT('',(-0.053564190864563,0.1299,0.003));
#3330=CARTESIAN_POINT('',(-0.041064190864563,0.1299,0.003));
#3331=CARTESIAN_POINT('',(-0.028564190864563,0.1299,0.003));
#3332=CARTESIAN_POINT('',(-0.028564190864563,0.1294,0.003));
#3333=CARTESIAN_POINT('',(-0.0441385164856911,0.135,0.004));
#3334=CARTESIAN_POINT('',(-0.0566385164856911,0.135,0.004));
#3335=CARTESIAN_POINT('',(-0.0566385164856911,0.135,0.004));
#3336=CARTESIAN_POINT('',(-0.0441385164856911,0.135,0.004));
#3337=CARTESIAN_POINT('',(-0.031638516485691,0.135,0.004));
#3338=CARTESIAN_POINT('',(-0.031638516485691,0.135,0.004));
#3339=CARTESIAN_POINT('',(-0.0566385164856911,0.1345,0.004));
#3340=CARTESIAN_POINT('',(-0.0566385164856911,0.134,0.004));
#3341=CARTESIAN_POINT('',(-0.0566385164856911,0.134,0.004));
#3342=CARTESIAN_POINT('',(-0.0566385164856911,0.1345,0.004));
#3343=CARTESIAN_POINT('',(-0.0441385164856911,0.134,0.004));
#3344=CARTESIAN_POINT('',(-0.031638516485691,0.134,0.004));
#3345=CARTESIAN_POINT('',(-0.031638516485691,0.134,0.004));
#3346=CARTESIAN_POINT('',(-0.0441385164856911,0.134,0.004));
#3347=CARTESIAN_POINT('',(-0.031638516485691,0.1345,0.004));
#3348=CARTESIAN_POINT('',(-0.031638516485691,0.1345,0.004));
#3349=CARTESIAN_POINT('',(-0.06,0.07,0.004));
#3350=CARTESIAN_POINT('',(-0.053564190864563,0.1294,0.004));
#3351=CARTESIAN_POINT('',(-0.053564190864563,0.1294,0.004));
#3352=CARTESIAN_POINT('',(-0.053564190864563,0.1299,0.004));
#3353=CARTESIAN_POINT('',(-0.053564190864563,0.1299,0.004));
#3354=CARTESIAN_POINT('',(-0.041064190864563,0.1289,0.004));
#3355=CARTESIAN_POINT('',(-0.041064190864563,0.1289,0.004));
#3356=CARTESIAN_POINT('',(-0.0297162162959576,0.1289,0.004));
#3357=CARTESIAN_POINT('',(-0.028564190864563,0.1289,0.004));
#3358=CARTESIAN_POINT('',(-0.0297162162959576,0.1289,0.008738));
#3359=CARTESIAN_POINT('',(-0.028564190864563,0.1289,0.004));
#3360=CARTESIAN_POINT('',(-0.028564190864563,0.1294,0.004));
#3361=CARTESIAN_POINT('',(-0.028564190864563,0.1299,0.004));
#3362=CARTESIAN_POINT('',(-0.028564190864563,0.1299,0.004));
#3363=CARTESIAN_POINT('',(-0.028564190864563,0.1294,0.004));
#3364=CARTESIAN_POINT('',(-0.041064190864563,0.1299,0.004));
#3365=CARTESIAN_POINT('',(-0.041064190864563,0.1299,0.004));
#3366=CARTESIAN_POINT('',(-0.06,0.07,0.004));
#3367=CARTESIAN_POINT('',(-0.041064190864563,0.1289,0.004));
#3368=CARTESIAN_POINT('',(-0.0415,0.0205945918932557,0.005));
#3369=CARTESIAN_POINT('',(-0.0415,0.0205945918932557,0.003));
#3370=CARTESIAN_POINT('',(-0.073,0.0205945918932557,0.003));
#3371=CARTESIAN_POINT('',(-0.01,0.0205945918932557,0.003));
#3372=CARTESIAN_POINT('',(-0.073,0.0205945918932557,0.005));
#3373=CARTESIAN_POINT('',(-0.073,0.0205945918932557,0.005));
#3374=CARTESIAN_POINT('',(-0.0415,0.0205945918932557,0.005));
#3375=CARTESIAN_POINT('',(-0.01,0.0205945918932557,0.005));
#3376=CARTESIAN_POINT('',(-0.01,0.0205945918932557,0.005));
#3377=CARTESIAN_POINT('',(-0.073,0.0470945918932557,0.005));
#3378=CARTESIAN_POINT('',(-0.073,0.0470945918932557,0.003));
#3379=CARTESIAN_POINT('',(-0.073,0.0735945918932557,0.003));
#3380=CARTESIAN_POINT('',(-0.073,0.0735945918932557,0.005));
#3381=CARTESIAN_POINT('',(-0.073,0.0735945918932557,0.005));
#3382=CARTESIAN_POINT('',(-0.073,0.0470945918932557,0.005));
#3383=CARTESIAN_POINT('',(-0.0415,0.0735945918932557,0.005));
#3384=CARTESIAN_POINT('',(-0.0415,0.0735945918932557,0.003));
#3385=CARTESIAN_POINT('',(-0.01,0.0735945918932557,0.003));
#3386=CARTESIAN_POINT('',(-0.01,0.0735945918932557,0.005));
#3387=CARTESIAN_POINT('',(-0.01,0.0735945918932557,0.005));
#3388=CARTESIAN_POINT('',(-0.0415,0.0735945918932557,0.005));
#3389=CARTESIAN_POINT('',(-0.0415,0.0200945918932557,0.005));
#3390=CARTESIAN_POINT('',(-0.0095,0.0200945918932557,0.005));
#3391=CARTESIAN_POINT('',(-0.0095,0.0200945918932557,0.005));
#3392=CARTESIAN_POINT('',(-0.0415,0.0200945918932557,0.005));
#3393=CARTESIAN_POINT('',(-0.0735,0.0200945918932557,0.005));
#3394=CARTESIAN_POINT('',(-0.0735,0.0200945918932557,0.005));
#3395=CARTESIAN_POINT('',(-0.0095,0.0470945918932557,0.005));
#3396=CARTESIAN_POINT('',(-0.0095,0.0740945918932557,0.005));
#3397=CARTESIAN_POINT('',(-0.0095,0.0740945918932557,0.005));
#3398=CARTESIAN_POINT('',(-0.0095,0.0470945918932557,0.005));
#3399=CARTESIAN_POINT('',(-0.0415,0.0740945918932557,0.005));
#3400=CARTESIAN_POINT('',(-0.0735,0.0740945918932557,0.005));
#3401=CARTESIAN_POINT('',(-0.0735,0.0740945918932557,0.005));
#3402=CARTESIAN_POINT('',(-0.0415,0.0740945918932557,0.005));
#3403=CARTESIAN_POINT('',(-0.0735,0.0470945918932557,0.005));
#3404=CARTESIAN_POINT('',(-0.0735,0.0470945918932557,0.005));
#3405=CARTESIAN_POINT('',(-0.01,0.0470945918932557,0.005));
#3406=CARTESIAN_POINT('',(-0.01,0.0470945918932557,0.003));
#3407=CARTESIAN_POINT('',(-0.01,0.0470945918932557,0.005));
#3408=CARTESIAN_POINT('',(-0.06,0.07,0.005));
#3409=CARTESIAN_POINT('',(-0.06,0.07,0.003));
#3410=CARTESIAN_POINT('',(-0.0595,0.003,0.043));
#3411=CARTESIAN_POINT('',(-0.0595,0.003,0.043));
#3412=CARTESIAN_POINT('',(-0.00249721359549995,0.003,0.043));
#3413=CARTESIAN_POINT('',(-0.00249721359549995,0.003,0.035));
#3414=CARTESIAN_POINT('',(-0.00249721359549995,0.003,0.035));
#3415=CARTESIAN_POINT('',(-0.0595,0.003,0.035));
#3416=CARTESIAN_POINT('',(-0.0595,0.137,0.043));
#3417=CARTESIAN_POINT('',(-0.00249721359549995,0.137,0.035));
#3418=CARTESIAN_POINT('',(-0.00249721359549995,0.137,0.043));
#3419=CARTESIAN_POINT('',(-0.00249721359549995,0.137,0.035));
#3420=CARTESIAN_POINT('',(-0.0595,0.137,0.043));
#3421=CARTESIAN_POINT('',(-0.095,0.137,0.014));
#3422=CARTESIAN_POINT('',(-0.0595,0.137,0.035));
#3423=CARTESIAN_POINT('',(-0.06,0.07,0.043));
#3424=CARTESIAN_POINT('',(-0.00205,0.13795,0.043));
#3425=CARTESIAN_POINT('',(-0.12,0.139,0.043));
#3426=CARTESIAN_POINT('',(-0.11795,0.139,0.043));
#3427=CARTESIAN_POINT('',(-0.11795,0.13795,0.043));
#3428=CARTESIAN_POINT('',(-0.12,0.139,0.043));
#3429=CARTESIAN_POINT('',(-0.06,0.001,0.043));
#3430=CARTESIAN_POINT('',(-0.11795,0.001,0.043));
#3431=CARTESIAN_POINT('',(-0.11795,0.00205,0.043));
#3432=CARTESIAN_POINT('',(-0.06,0.001,0.043));
#3433=CARTESIAN_POINT('',(-0.00205,0.00205,0.043));
#3434=CARTESIAN_POINT('',(-0.06,0.07,0.));
#3435=CARTESIAN_POINT('',(0.,0.07,0.));
#3436=CARTESIAN_POINT('',(0.,0.139,0.));
#3437=CARTESIAN_POINT('',(-0.001,0.07,0.));
#3438=CARTESIAN_POINT('',(-0.001,0.001,0.));
#3439=CARTESIAN_POINT('',(-0.12,0.001,0.));
#3440=CARTESIAN_POINT('',(-0.119,0.001,0.));
#3441=CARTESIAN_POINT('',(-0.119,0.14,0.));
#3442=CARTESIAN_POINT('',(-0.119,0.139,0.));
#3443=CARTESIAN_POINT('',(-0.06,0.139,0.));
#3444=CARTESIAN_POINT('',(-0.06,0.14,0.003));
#3445=CARTESIAN_POINT('',(-0.119,0.14,0.043));
#3446=CARTESIAN_POINT('',(-0.119,0.14,0.001));
#3447=CARTESIAN_POINT('',(-0.119,0.14,0.042));
#3448=CARTESIAN_POINT('',(-2.77555756156289E-17,0.14,0.042));
#3449=CARTESIAN_POINT('',(-0.001,0.14,0.042));
#3450=CARTESIAN_POINT('',(-0.001,0.14,0.003));
#3451=CARTESIAN_POINT('',(-0.001,0.14,0.0205));
#3452=CARTESIAN_POINT('',(-0.06,0.14,0.0205));
#3453=CARTESIAN_POINT('',(0.079,0.14,0.0205));
#3454=CARTESIAN_POINT('',(0.079,0.14,-0.0285));
#3455=CARTESIAN_POINT('',(0.079,0.14,-0.0275));
#3456=CARTESIAN_POINT('',(0.,0.14,-0.0275));
#3457=CARTESIAN_POINT('',(0.001,0.14,-0.0275));
#3458=CARTESIAN_POINT('',(0.001,0.14,0.003));
#3459=CARTESIAN_POINT('',(0.001,0.14,0.001));
#3460=CARTESIAN_POINT('',(-0.06,0.14,0.001));
#3461=CARTESIAN_POINT('',(-0.06,0.,0.003));
#3462=CARTESIAN_POINT('',(-0.001,0.,0.043));
#3463=CARTESIAN_POINT('',(-0.001,0.,0.001));
#3464=CARTESIAN_POINT('',(-0.001,0.,0.042));
#3465=CARTESIAN_POINT('',(-0.06,0.,0.042));
#3466=CARTESIAN_POINT('',(-0.119,0.,0.042));
#3467=CARTESIAN_POINT('',(-0.119,0.,0.003));
#3468=CARTESIAN_POINT('',(-0.119,0.,0.001));
#3469=CARTESIAN_POINT('',(0.,0.,0.001));
#3470=CARTESIAN_POINT('',(-0.041064190864563,0.1289,0.008738));
#3471=CARTESIAN_POINT('',(-0.0427162162959575,0.1289,0.008738));
#3472=CARTESIAN_POINT('',(-0.0427162162959575,0.1289,0.008738));
#3473=CARTESIAN_POINT('',(-0.041064190864563,0.1289,0.008738));
#3474=CARTESIAN_POINT('',(-0.0297162162959576,0.1289,0.008738));
#3475=CARTESIAN_POINT('',(-0.0297162162959576,0.1289,0.008738));
#3476=CARTESIAN_POINT('',(-0.0427162162959575,0.1159,0.008738));
#3477=CARTESIAN_POINT('',(-0.0427162162959575,0.121117,0.00505));
#3478=CARTESIAN_POINT('',(-0.0427162162959575,0.121117,0.00605));
#3479=CARTESIAN_POINT('',(-0.0427162162959575,0.1029,0.008738));
#3480=CARTESIAN_POINT('',(-0.0427162162959575,0.1029,0.008738));
#3481=CARTESIAN_POINT('',(-0.0427162162959575,0.1159,0.008738));
#3482=CARTESIAN_POINT('',(-0.0362162162959575,0.1029,0.008738));
#3483=CARTESIAN_POINT('',(-0.0297162162959576,0.1029,0.008738));
#3484=CARTESIAN_POINT('',(-0.0297162162959576,0.1029,0.008738));
#3485=CARTESIAN_POINT('',(-0.0362162162959575,0.1029,0.008738));
#3486=CARTESIAN_POINT('',(-0.0297162162959576,0.1159,0.008738));
#3487=CARTESIAN_POINT('',(-0.0297162162959576,0.1159,0.008738));
#3488=CARTESIAN_POINT('',(-0.0595,0.07,0.008738));
#3489=CARTESIAN_POINT('',(-0.095,0.1315,0.014));
#3490=CARTESIAN_POINT('',(-0.095,0.126,0.014));
#3491=CARTESIAN_POINT('',(-0.095,0.126,0.0085));
#3492=CARTESIAN_POINT('',(-0.0347162162959575,0.121117,0.00505));
#3493=CARTESIAN_POINT('',(-0.0347162162959575,0.121117,0.00505));
#3494=CARTESIAN_POINT('',(-0.0347162162959575,0.121117,0.00605));
#3495=CARTESIAN_POINT('',(-0.0347162162959575,0.1159,0.005869));
#3496=CARTESIAN_POINT('',(-0.025,0.0440773963928223,0.0132664386183023));
#3497=CARTESIAN_POINT('',(-0.025,0.060474656522274,0.0132664386183023));
#3498=CARTESIAN_POINT('',(-0.001,0.060474656522274,0.0132664386183023));
#3499=CARTESIAN_POINT('',(-0.001,0.0276801362633705,0.0132664386183023));
#3500=CARTESIAN_POINT('',(-0.001,0.0276801362633705,0.0132664386183023));
#3501=CARTESIAN_POINT('',(-0.025,0.0276801362633705,0.0132664386183023));
#3502=CARTESIAN_POINT('',(-0.025,0.0276801362633705,0.0106773972511291));
#3503=CARTESIAN_POINT('',(-0.001,0.0276801362633705,0.0106773972511291));
#3504=CARTESIAN_POINT('',(-0.001,0.0276801362633705,0.00808835588395596));
#3505=CARTESIAN_POINT('',(-0.025,0.0276801362633705,0.00808835588395596));
#3506=CARTESIAN_POINT('',(-0.025,0.0440773963928223,0.00808835588395596));
#3507=CARTESIAN_POINT('',(-0.001,0.0440773963928223,0.00808835588395596));
#3508=CARTESIAN_POINT('',(-0.001,0.060474656522274,0.00808835588395596));
#3509=CARTESIAN_POINT('',(-0.025,0.060474656522274,0.00808835588395596));
#3510=CARTESIAN_POINT('',(-0.025,0.060474656522274,0.0106773972511291));
#3511=CARTESIAN_POINT('',(-0.001,0.060474656522274,0.0132664386183023));
#3512=CARTESIAN_POINT('',(-0.001,0.0266801362633705,0.0106773972511291));
#3513=CARTESIAN_POINT('',(-0.001,0.0266801362633705,0.00708835588395596));
#3514=CARTESIAN_POINT('',(-0.001,0.0266801362633705,0.0142664386183023));
#3515=CARTESIAN_POINT('',(-0.001,0.07,0.0142664386183023));
#3516=CARTESIAN_POINT('',(-0.001,0.061474656522274,0.0142664386183023));
#3517=CARTESIAN_POINT('',(-0.001,0.0440773963928223,0.00708835588395596));
#3518=CARTESIAN_POINT('',(-0.001,0.061474656522274,0.00708835588395596));
#3519=CARTESIAN_POINT('',(-0.001,0.061474656522274,0.003));
#3520=CARTESIAN_POINT('',(-0.11795,0.13795,0.035));
#3521=CARTESIAN_POINT('',(-0.11795,0.13795,0.035));
#3522=CARTESIAN_POINT('',(-0.1169,0.13795,0.035));
#3523=CARTESIAN_POINT('',(-0.06,0.07,0.035));
#3524=CARTESIAN_POINT('',(-0.11795,0.00205,0.035));
#3525=CARTESIAN_POINT('',(-0.11795,0.00205,0.035));
#3526=CARTESIAN_POINT('',(-0.1169,0.00205,0.035));
#3527=CARTESIAN_POINT('',(-0.06,0.07,0.035));
#3528=CARTESIAN_POINT('',(-0.00205,0.13795,0.035));
#3529=CARTESIAN_POINT('',(-0.00205,0.13795,0.035));
#3530=CARTESIAN_POINT('',(-0.06,0.07,0.035));
#3531=CARTESIAN_POINT('',(-0.00205,0.00205,0.035));
#3532=CARTESIAN_POINT('',(-0.00205,0.00205,0.035));
#3533=CARTESIAN_POINT('',(-0.06,0.07,0.035));
#3534=CARTESIAN_POINT('',(0.,0.07,0.00725));
#3535=CARTESIAN_POINT('',(0.,0.13985,-0.0285));
#3536=CARTESIAN_POINT('',(0.,0.139,-0.0285));
#3537=CARTESIAN_POINT('',(0.,0.1157,-0.0285));
#3538=CARTESIAN_POINT('',(0.,0.1157,-0.0275));
#3539=CARTESIAN_POINT('',(0.,0.139,0.00725));
#3540=CARTESIAN_POINT('',(0.08,0.13985,0.0215));
#3541=CARTESIAN_POINT('',(0.08,0.139,0.0215));
#3542=CARTESIAN_POINT('',(0.0665,0.1147,0.0215));
#3543=CARTESIAN_POINT('',(0.0665,0.1157,0.0215));
#3544=CARTESIAN_POINT('',(0.0665,0.1157,0.0215));
#3545=CARTESIAN_POINT('',(0.08,0.1397,-0.0035));
#3546=CARTESIAN_POINT('',(0.0795,0.1397,-0.00325));
#3547=CARTESIAN_POINT('',(0.0795,0.1397,0.0212141428428543));
#3548=CARTESIAN_POINT('',(0.0795,0.1397,-0.028));
#3549=CARTESIAN_POINT('',(0.0795,0.1397,0.0212141428428543));
#3550=CARTESIAN_POINT('',(0.04,0.1397,-0.028));
#3551=CARTESIAN_POINT('',(0.08,0.13985,-0.0285));
#3552=CARTESIAN_POINT('',(0.08,0.13985,-0.0285));
#3553=CARTESIAN_POINT('',(0.08,0.139,-0.0285));
#3554=CARTESIAN_POINT('',(0.08,0.1157,-0.0285));
#3555=CARTESIAN_POINT('',(0.08,0.1157,-0.0285));
#3556=CARTESIAN_POINT('',(0.08,0.139,-0.0285));
#3557=CARTESIAN_POINT('',(0.08,0.07,0.00725));
#3558=CARTESIAN_POINT('',(0.08,0.139,0.0215));
#3559=CARTESIAN_POINT('',(0.08,0.1147,-0.0035));
#3560=CARTESIAN_POINT('',(0.08,0.1147,-0.0275));
#3561=CARTESIAN_POINT('',(0.08,0.1157,-0.0275));
#3562=CARTESIAN_POINT('',(0.0795,0.1147,-0.00325));
#3563=CARTESIAN_POINT('',(0.0795,0.139,0.0205));
#3564=CARTESIAN_POINT('',(0.0795,0.1147,-0.028));
#3565=CARTESIAN_POINT('',(0.0795,0.114833974596216,-0.028));
#3566=CARTESIAN_POINT('',(0.0795,0.1157,-0.0275));
#3567=CARTESIAN_POINT('',(0.0795,0.1147,-0.0275));
#3568=CARTESIAN_POINT('',(0.0795,0.1147,-0.00325));
#3569=CARTESIAN_POINT('',(0.04,0.1147,-0.028));
#3570=CARTESIAN_POINT('',(0.0665,0.1147,-0.028));
#3571=CARTESIAN_POINT('',(0.0665,0.114833974596216,-0.028));
#3572=CARTESIAN_POINT('',(0.0665,0.1157,-0.028));
#3573=CARTESIAN_POINT('',(0.0665,0.114833974596216,-0.028));
#3574=CARTESIAN_POINT('',(0.0665,0.1157,-0.028));
#3575=CARTESIAN_POINT('',(0.04,0.1147,-0.0035));
#3576=CARTESIAN_POINT('',(0.04,0.1147,-0.0275));
#3577=CARTESIAN_POINT('',(0.0665,0.1157,-0.00325));
#3578=CARTESIAN_POINT('',(0.0665,0.1157,-0.00325));
#3579=CARTESIAN_POINT('',(0.0665,0.1272,-0.00325));
#3580=CARTESIAN_POINT('',(0.0665,0.1157,-0.0275));
#3581=CARTESIAN_POINT('',(-0.001,0.001,0.003));
#3582=CARTESIAN_POINT('',(-0.001,0.001,0.001));
#3583=CARTESIAN_POINT('',(-0.001,0.001,0.042));
#3584=CARTESIAN_POINT('',(-0.06,0.001,0.042));
#3585=CARTESIAN_POINT('',(-0.119,0.001,0.042));
#3586=CARTESIAN_POINT('',(-0.06,0.001,0.001));
#3587=CARTESIAN_POINT('',(-0.001,0.001,0.001));
#3588=CARTESIAN_POINT('',(-0.119,0.001,0.001));
#3589=CARTESIAN_POINT('',(-0.119,0.001,0.003));
#3590=CARTESIAN_POINT('',(-0.119,0.001,0.001));
#3591=CARTESIAN_POINT('',(-0.119,0.001,0.001));
#3592=CARTESIAN_POINT('',(-0.119,0.001,0.001));
#3593=CARTESIAN_POINT('',(-0.119,0.07,0.001));
#3594=CARTESIAN_POINT('',(-0.119,0.139,0.001));
#3595=CARTESIAN_POINT('',(-0.06,0.139,0.001));
#3596=CARTESIAN_POINT('',(-0.119,0.139,0.001));
#3597=CARTESIAN_POINT('',(0.001,0.139,0.001));
#3598=CARTESIAN_POINT('',(0.001,0.139,0.00725));
#3599=CARTESIAN_POINT('',(0.001,0.139,-0.0275));
#3600=CARTESIAN_POINT('',(-0.119,0.139,0.001));
#3601=CARTESIAN_POINT('',(-0.119,0.139,0.001));
#3602=CARTESIAN_POINT('',(-0.06,0.139,-0.0275));
#3603=CARTESIAN_POINT('',(0.079,0.139,-0.0275));
#3604=CARTESIAN_POINT('',(-0.119,0.139,0.003));
#3605=CARTESIAN_POINT('',(-0.119,0.139,0.042));
#3606=CARTESIAN_POINT('',(0.079,0.139,0.003));
#3607=CARTESIAN_POINT('',(0.079,0.139,0.0205));
#3608=CARTESIAN_POINT('',(-0.06,0.139,0.042));
#3609=CARTESIAN_POINT('',(-0.001,0.139,0.042));
#3610=CARTESIAN_POINT('',(0.08,0.139,0.0205));
#3611=CARTESIAN_POINT('',(-0.001,0.139,0.0205));
#3612=CARTESIAN_POINT('',(-0.001,0.139,0.003));
#3613=CARTESIAN_POINT('',(0.08,0.1157,-0.0275));
#3614=CARTESIAN_POINT('',(-0.001,0.07,0.001));
#3615=CARTESIAN_POINT('',(-0.001,0.001,0.001));
#3616=CARTESIAN_POINT('',(-0.001,0.001,0.001));
#3617=CARTESIAN_POINT('',(-0.0969752333164215,0.0187188424706282,0.006));
#3618=CARTESIAN_POINT('',(-0.0804752333164215,0.0187188424706282,0.006));
#3619=CARTESIAN_POINT('',(-0.0804752333164215,0.0187188424706282,0.006));
#3620=CARTESIAN_POINT('',(-0.0969752333164215,0.0187188424706282,0.006));
#3621=CARTESIAN_POINT('',(-0.113475233316421,0.0187188424706282,0.006));
#3622=CARTESIAN_POINT('',(-0.113475233316421,0.0187188424706282,0.006));
#3623=CARTESIAN_POINT('',(-0.0804752333164215,0.0377188424706281,0.006));
#3624=CARTESIAN_POINT('',(-0.0804752333164215,0.0567188424706282,0.006));
#3625=CARTESIAN_POINT('',(-0.0804752333164215,0.0567188424706282,0.006));
#3626=CARTESIAN_POINT('',(-0.0804752333164215,0.0377188424706281,0.006));
#3627=CARTESIAN_POINT('',(-0.0969752333164215,0.0567188424706282,0.006));
#3628=CARTESIAN_POINT('',(-0.113475233316421,0.0567188424706282,0.006));
#3629=CARTESIAN_POINT('',(-0.113475233316421,0.0567188424706282,0.006));
#3630=CARTESIAN_POINT('',(-0.0969752333164215,0.0567188424706282,0.006));
#3631=CARTESIAN_POINT('',(-0.112475233316421,0.0377188424706281,0.006));
#3632=CARTESIAN_POINT('',(-0.112475233316421,0.0377188424706281,0.003));
#3633=CARTESIAN_POINT('',(-0.112475233316421,0.0557188424706282,0.003));
#3634=CARTESIAN_POINT('',(-0.112475233316421,0.0197188424706282,0.003));
#3635=CARTESIAN_POINT('',(-0.112475233316421,0.0557188424706282,0.006));
#3636=CARTESIAN_POINT('',(-0.112475233316421,0.0557188424706282,0.006));
#3637=CARTESIAN_POINT('',(-0.112475233316421,0.0377188424706281,0.006));
#3638=CARTESIAN_POINT('',(-0.112475233316421,0.0197188424706282,0.006));
#3639=CARTESIAN_POINT('',(-0.112475233316421,0.0197188424706282,0.006));
#3640=CARTESIAN_POINT('',(-0.0969752333164215,0.0557188424706282,0.006));
#3641=CARTESIAN_POINT('',(-0.0969752333164215,0.0557188424706282,0.003));
#3642=CARTESIAN_POINT('',(-0.0814752333164215,0.0557188424706282,0.003));
#3643=CARTESIAN_POINT('',(-0.0814752333164215,0.0557188424706282,0.006));
#3644=CARTESIAN_POINT('',(-0.0814752333164215,0.0557188424706282,0.006));
#3645=CARTESIAN_POINT('',(-0.0969752333164215,0.0557188424706282,0.006));
#3646=CARTESIAN_POINT('',(-0.0814752333164215,0.0377188424706281,0.006));
#3647=CARTESIAN_POINT('',(-0.0814752333164215,0.0377188424706281,0.003));
#3648=CARTESIAN_POINT('',(-0.0814752333164215,0.0197188424706282,0.003));
#3649=CARTESIAN_POINT('',(-0.0814752333164215,0.0197188424706282,0.006));
#3650=CARTESIAN_POINT('',(-0.0814752333164215,0.0197188424706282,0.006));
#3651=CARTESIAN_POINT('',(-0.0814752333164215,0.0377188424706281,0.006));
#3652=CARTESIAN_POINT('',(-0.0969752333164215,0.0197188424706282,0.006));
#3653=CARTESIAN_POINT('',(-0.0969752333164215,0.0197188424706282,0.003));
#3654=CARTESIAN_POINT('',(-0.0969752333164215,0.0197188424706282,0.006));
#3655=CARTESIAN_POINT('',(-0.113475233316421,0.0377188424706281,0.006));
#3656=CARTESIAN_POINT('',(-0.113475233316421,0.0377188424706281,0.006));
#3657=CARTESIAN_POINT('',(-0.061,0.07,0.006));
#3658=CARTESIAN_POINT('',(-0.06,0.07,0.003));
#3659=CARTESIAN_POINT('',(-0.1025,0.0999256732463837,0.004));
#3660=CARTESIAN_POINT('',(-0.088,0.0999256732463837,0.004));
#3661=CARTESIAN_POINT('',(-0.088,0.0999256732463837,0.004));
#3662=CARTESIAN_POINT('',(-0.1025,0.0999256732463837,0.004));
#3663=CARTESIAN_POINT('',(-0.088,0.0909256732463837,0.004));
#3664=CARTESIAN_POINT('',(-0.088,0.0819256732463837,0.004));
#3665=CARTESIAN_POINT('',(-0.088,0.0819256732463837,0.004));
#3666=CARTESIAN_POINT('',(-0.088,0.0909256732463837,0.004));
#3667=CARTESIAN_POINT('',(-0.1025,0.0819256732463837,0.004));
#3668=CARTESIAN_POINT('',(-0.1025,0.0819256732463837,0.004));
#3669=CARTESIAN_POINT('',(-0.102,0.0809256732463837,0.004));
#3670=CARTESIAN_POINT('',(-0.087,0.0809256732463837,0.004));
#3671=CARTESIAN_POINT('',(-0.087,0.0809256732463837,0.004));
#3672=CARTESIAN_POINT('',(-0.102,0.0809256732463837,0.004));
#3673=CARTESIAN_POINT('',(-0.087,0.0909256732463837,0.004));
#3674=CARTESIAN_POINT('',(-0.087,0.100925673246384,0.004));
#3675=CARTESIAN_POINT('',(-0.087,0.100925673246384,0.004));
#3676=CARTESIAN_POINT('',(-0.087,0.0909256732463837,0.004));
#3677=CARTESIAN_POINT('',(-0.102,0.100925673246384,0.004));
#3678=CARTESIAN_POINT('',(-0.102,0.100925673246384,0.004));
#3679=CARTESIAN_POINT('',(-0.061,0.07,0.004));
#3680=CARTESIAN_POINT('',(-0.142,0.0915,0.005));
#3681=CARTESIAN_POINT('',(-0.142,0.097,0.005));
#3682=CARTESIAN_POINT('',(-0.119,0.097,0.005));
#3683=CARTESIAN_POINT('',(-0.119,0.086,0.005));
#3684=CARTESIAN_POINT('',(-0.119,0.086,0.005));
#3685=CARTESIAN_POINT('',(-0.142,0.086,0.005));
#3686=CARTESIAN_POINT('',(-0.142,0.0976711313165515,0.0075));
#3687=CARTESIAN_POINT('',(-0.142,0.097,0.01));
#3688=CARTESIAN_POINT('',(-0.119,0.097,0.01));
#3689=CARTESIAN_POINT('',(-0.119,0.0976711313165515,0.0075));
#3690=CARTESIAN_POINT('',(-0.142,0.0915,0.01));
#3691=CARTESIAN_POINT('',(-0.142,0.086,0.01));
#3692=CARTESIAN_POINT('',(-0.119,0.086,0.01));
#3693=CARTESIAN_POINT('',(-0.119,0.0915,0.01));
#3694=CARTESIAN_POINT('',(-0.142,0.086,0.0075));
#3695=CARTESIAN_POINT('',(-0.119,0.086,0.0075));
#3696=CARTESIAN_POINT('',(-0.119,0.086,0.0075));
#3697=CARTESIAN_POINT('',(-0.119,0.086,0.004));
#3698=CARTESIAN_POINT('',(-0.119,0.086,0.011));
#3699=CARTESIAN_POINT('',(-0.119,0.07,0.011));
#3700=CARTESIAN_POINT('',(-0.119,0.097,0.01));
#3701=CARTESIAN_POINT('',(-0.119265068328127,0.097,0.01));
#3702=CARTESIAN_POINT('',(-0.119783510005433,0.0969705853113128,0.0102174581674838));
#3703=CARTESIAN_POINT('',(-0.12,0.0969080593579775,0.0107403224998833));
#3704=CARTESIAN_POINT('',(-0.12,0.0968790138510159,0.011));
#3705=CARTESIAN_POINT('',(-0.119,0.0915,0.004));
#3706=CARTESIAN_POINT('',(-0.119,0.097,0.005));
#3707=CARTESIAN_POINT('',(-0.119265068328127,0.097,0.005));
#3708=CARTESIAN_POINT('',(-0.119783510005433,0.096970585311307,0.00478254183251684));
#3709=CARTESIAN_POINT('',(-0.12,0.0969080593579892,0.00425967750011538));
#3710=CARTESIAN_POINT('',(-0.12,0.096879013851016,0.004));
#3711=CARTESIAN_POINT('',(-0.119,0.0976711313165515,0.0075));
#3712=CARTESIAN_POINT('',(0.,0.,0.));
#3713=CARTESIAN_POINT('',(-0.06,0.07,0.044));
#3714=CARTESIAN_POINT('',(-0.11795,0.00205,0.044));
#3715=CARTESIAN_POINT('',(-0.119,0.00381068168616591,0.044));
#3716=CARTESIAN_POINT('',(-0.116189318313834,0.001,0.044));
#3717=CARTESIAN_POINT('',(-0.06,0.001,0.044));
#3718=CARTESIAN_POINT('',(-0.0038106816861659,0.001,0.044));
#3719=CARTESIAN_POINT('',(-0.00205,0.00205,0.044));
#3720=CARTESIAN_POINT('',(-0.001,0.00381068168616591,0.044));
#3721=CARTESIAN_POINT('',(-0.001,0.14,0.044));
#3722=CARTESIAN_POINT('',(-0.001,0.136189318313834,0.044));
#3723=CARTESIAN_POINT('',(-0.00205,0.13795,0.044));
#3724=CARTESIAN_POINT('',(-0.00381068168616591,0.139,0.044));
#3725=CARTESIAN_POINT('',(-0.12,0.139,0.044));
#3726=CARTESIAN_POINT('',(-0.116189318313834,0.139,0.044));
#3727=CARTESIAN_POINT('',(-0.11795,0.13795,0.044));
#3728=CARTESIAN_POINT('',(-0.119,0.136189318313834,0.044));
#3729=CARTESIAN_POINT('',(-0.119,0.07,0.044));
#3730=CARTESIAN_POINT('',(-0.06,0.07,0.043));
#3731=CARTESIAN_POINT('',(-0.11795,0.00205,0.043));
#3732=CARTESIAN_POINT('',(-0.1169,0.00205,0.043));
#3733=CARTESIAN_POINT('',(-0.00205,0.00205,0.043));
#3734=CARTESIAN_POINT('',(-0.001,0.00205,0.043));
#3735=CARTESIAN_POINT('',(-0.00205,0.13795,0.043));
#3736=CARTESIAN_POINT('',(-0.001,0.13795,0.043));
#3737=CARTESIAN_POINT('',(-0.11795,0.13795,0.043));
#3738=CARTESIAN_POINT('',(-0.1169,0.13795,0.043));
#3739=CARTESIAN_POINT('',(-0.06,0.,0.043));
#3740=CARTESIAN_POINT('',(0.,0.,0.043));
#3741=CARTESIAN_POINT('',(-0.12,-6.93889390390723E-18,0.043));
#3742=CARTESIAN_POINT('',(-0.12,0.07,0.043));
#3743=CARTESIAN_POINT('',(-0.12,0.14,0.043));
#3744=CARTESIAN_POINT('',(-0.06,0.14,0.043));
#3745=CARTESIAN_POINT('',(-2.77555756156289E-17,0.14,0.043));
#3746=CARTESIAN_POINT('',(0.,0.07,0.043));
#3747=CARTESIAN_POINT('',(-0.00205,0.13795,0.043));
#3748=CARTESIAN_POINT('',(-0.000765937956643405,0.139234062043357,0.043972221661896));
#3749=CARTESIAN_POINT('',(-0.00125234253360128,0.139435537415933,0.043923716532624));
#3750=CARTESIAN_POINT('',(-0.00232799421867442,0.139629237699885,0.0437830545371259));
#3751=CARTESIAN_POINT('',(-0.00335079982450547,0.139260755005189,0.044));
#3752=CARTESIAN_POINT('',(-0.00381068168616591,0.139,0.044));
#3753=CARTESIAN_POINT('',(-0.000765937956643403,0.139234062043357,0.0439722216618959));
#3754=CARTESIAN_POINT('',(-0.001,0.136189318313834,0.044));
#3755=CARTESIAN_POINT('',(-0.000739144719836589,0.136649377025961,0.044));
#3756=CARTESIAN_POINT('',(-0.000371650095202402,0.13766992808439,0.0437833471342934));
#3757=CARTESIAN_POINT('',(-0.000563356877812176,0.138744988055362,0.0439234503342091));
#3758=CARTESIAN_POINT('',(-0.000765937956643401,0.139234062043357,0.043972221661896));
#3759=CARTESIAN_POINT('',(-0.00205,0.00205,0.043));
#3760=CARTESIAN_POINT('',(-0.000765937956643395,0.000765937956643403,0.043972221661896));
#3761=CARTESIAN_POINT('',(-0.000564462584067106,0.00125234253360128,0.043923716532624));
#3762=CARTESIAN_POINT('',(-0.00037076230011677,0.00232799421867335,0.0437830545371259));
#3763=CARTESIAN_POINT('',(-0.000739244994807513,0.00335079982450757,0.044));
#3764=CARTESIAN_POINT('',(-0.001,0.00381068168616591,0.044));
#3765=CARTESIAN_POINT('',(-0.000765937956643406,0.000765937956643406,0.0439722216618959));
#3766=CARTESIAN_POINT('',(-0.0038106816861659,0.001,0.044));
#3767=CARTESIAN_POINT('',(-0.00335062297404113,0.000739144719832212,0.044));
#3768=CARTESIAN_POINT('',(-0.00233007191560823,0.000371650095204576,0.0437833471342934));
#3769=CARTESIAN_POINT('',(-0.00125501194463791,0.000563356877812186,0.0439234503342091));
#3770=CARTESIAN_POINT('',(-0.000765937956643406,0.000765937956643405,0.043972221661896));
#3771=CARTESIAN_POINT('',(-0.001,0.07,0.043));
#3772=CARTESIAN_POINT('',(-0.001,0.001,0.043));
#3773=CARTESIAN_POINT('',(-0.001,0.139,0.043));
#3774=CARTESIAN_POINT('',(-0.06,0.139,0.043));
#3775=CARTESIAN_POINT('',(-0.116189318313834,0.139,0.044));
#3776=CARTESIAN_POINT('',(-0.116649377025962,0.139260855280162,0.044));
#3777=CARTESIAN_POINT('',(-0.11766992808439,0.139628349904798,0.0437833471342934));
#3778=CARTESIAN_POINT('',(-0.118744988055362,0.139436643122188,0.0439234503342091));
#3779=CARTESIAN_POINT('',(-0.119234062043357,0.139234062043357,0.043972221661896));
#3780=CARTESIAN_POINT('',(-0.119234062043357,0.139234062043357,0.0439722216618959));
#3781=CARTESIAN_POINT('',(-0.119,0.139,0.043));
#3782=CARTESIAN_POINT('',(-0.11795,0.13795,0.043));
#3783=CARTESIAN_POINT('',(-0.119234062043357,0.139234062043357,0.043972221661896));
#3784=CARTESIAN_POINT('',(-0.119435537415933,0.138747657466399,0.043923716532624));
#3785=CARTESIAN_POINT('',(-0.119629237699884,0.137672005781326,0.0437830545371259));
#3786=CARTESIAN_POINT('',(-0.119260755005192,0.136649200175493,0.044));
#3787=CARTESIAN_POINT('',(-0.119,0.136189318313834,0.044));
#3788=CARTESIAN_POINT('',(-0.06,0.001,0.043));
#3789=CARTESIAN_POINT('',(-0.119,0.001,0.043));
#3790=CARTESIAN_POINT('',(-0.119234062043357,0.000765937956643408,0.0439722216618959));
#3791=CARTESIAN_POINT('',(-0.119234062043357,0.000765937956643395,0.043972221661896));
#3792=CARTESIAN_POINT('',(-0.118747657466399,0.000564462584067105,0.043923716532624));
#3793=CARTESIAN_POINT('',(-0.117672005781326,0.000370762300114752,0.0437830545371259));
#3794=CARTESIAN_POINT('',(-0.116649200175495,0.000739244994811557,0.044));
#3795=CARTESIAN_POINT('',(-0.116189318313834,0.001,0.044));
#3796=CARTESIAN_POINT('',(-0.119,0.07,0.043));
#3797=CARTESIAN_POINT('',(-0.119,0.00381068168616591,0.044));
#3798=CARTESIAN_POINT('',(-0.119260855280168,0.00335062297404133,0.044));
#3799=CARTESIAN_POINT('',(-0.119628349904795,0.00233007191560812,0.0437833471342934));
#3800=CARTESIAN_POINT('',(-0.119436643122188,0.00125501194463791,0.0439234503342091));
#3801=CARTESIAN_POINT('',(-0.119234062043357,0.00076593795664341,0.043972221661896));
#3802=CARTESIAN_POINT('',(-0.11795,0.00205,0.043));
#3803=MECHANICAL_DESIGN_GEOMETRIC_PRESENTATION_REPRESENTATION('',(#2270),
#3806);
#3804=MECHANICAL_DESIGN_GEOMETRIC_PRESENTATION_REPRESENTATION('',(#2271),
#3807);
#3805=MECHANICAL_DESIGN_GEOMETRIC_PRESENTATION_REPRESENTATION('',(#2272),
#3808);
#3806=(
GEOMETRIC_REPRESENTATION_CONTEXT(3)
GLOBAL_UNCERTAINTY_ASSIGNED_CONTEXT((#3809))
GLOBAL_UNIT_ASSIGNED_CONTEXT((#3818,#3815,#3812))
REPRESENTATION_CONTEXT('Surface 1','TOP_LEVEL_ASSEMBLY_PART')
);
#3807=(
GEOMETRIC_REPRESENTATION_CONTEXT(3)
GLOBAL_UNCERTAINTY_ASSIGNED_CONTEXT((#3810))
GLOBAL_UNIT_ASSIGNED_CONTEXT((#3819,#3816,#3813))
REPRESENTATION_CONTEXT('Part 1','TOP_LEVEL_ASSEMBLY_PART')
);
#3808=(
GEOMETRIC_REPRESENTATION_CONTEXT(3)
GLOBAL_UNCERTAINTY_ASSIGNED_CONTEXT((#3811))
GLOBAL_UNIT_ASSIGNED_CONTEXT((#3820,#3817,#3814))
REPRESENTATION_CONTEXT('Part 2','TOP_LEVEL_ASSEMBLY_PART')
);
#3809=UNCERTAINTY_MEASURE_WITH_UNIT(LENGTH_MEASURE(1.E-8),#3818,
'DISTANCE_ACCURACY_VALUE','Maximum Tolerance applied to model');
#3810=UNCERTAINTY_MEASURE_WITH_UNIT(LENGTH_MEASURE(2.E-5),#3819,
'DISTANCE_ACCURACY_VALUE','Maximum Tolerance applied to model');
#3811=UNCERTAINTY_MEASURE_WITH_UNIT(LENGTH_MEASURE(2.E-5),#3820,
'DISTANCE_ACCURACY_VALUE','Maximum Tolerance applied to model');
#3812=(
NAMED_UNIT(*)
SI_UNIT($,.STERADIAN.)
SOLID_ANGLE_UNIT()
);
#3813=(
NAMED_UNIT(*)
SI_UNIT($,.STERADIAN.)
SOLID_ANGLE_UNIT()
);
#3814=(
NAMED_UNIT(*)
SI_UNIT($,.STERADIAN.)
SOLID_ANGLE_UNIT()
);
#3815=(
NAMED_UNIT(*)
PLANE_ANGLE_UNIT()
SI_UNIT($,.RADIAN.)
);
#3816=(
NAMED_UNIT(*)
PLANE_ANGLE_UNIT()
SI_UNIT($,.RADIAN.)
);
#3817=(
NAMED_UNIT(*)
PLANE_ANGLE_UNIT()
SI_UNIT($,.RADIAN.)
);
#3818=(
LENGTH_UNIT()
NAMED_UNIT(*)
SI_UNIT($,.METRE.)
);
#3819=(
LENGTH_UNIT()
NAMED_UNIT(*)
SI_UNIT($,.METRE.)
);
#3820=(
LENGTH_UNIT()
NAMED_UNIT(*)
SI_UNIT($,.METRE.)
);
#3821=PRODUCT_DEFINITION_SHAPE('','',#3824);
#3822=PRODUCT_DEFINITION_SHAPE('','',#3825);
#3823=PRODUCT_DEFINITION_SHAPE('','',#3826);
#3824=PRODUCT_DEFINITION('','',#3830,#3827);
#3825=PRODUCT_DEFINITION('','',#3831,#3828);
#3826=PRODUCT_DEFINITION('','',#3832,#3829);
#3827=PRODUCT_DEFINITION_CONTEXT('',#3848,'design');
#3828=PRODUCT_DEFINITION_CONTEXT('',#3849,'design');
#3829=PRODUCT_DEFINITION_CONTEXT('',#3850,'design');
#3830=PRODUCT_DEFINITION_FORMATION_WITH_SPECIFIED_SOURCE('','',#3836,
 .NOT_KNOWN.);
#3831=PRODUCT_DEFINITION_FORMATION_WITH_SPECIFIED_SOURCE('','',#3837,
 .NOT_KNOWN.);
#3832=PRODUCT_DEFINITION_FORMATION_WITH_SPECIFIED_SOURCE('','',#3838,
 .NOT_KNOWN.);
#3833=PRODUCT_RELATED_PRODUCT_CATEGORY('','',(#3836));
#3834=PRODUCT_RELATED_PRODUCT_CATEGORY('','',(#3837));
#3835=PRODUCT_RELATED_PRODUCT_CATEGORY('','',(#3838));
#3836=PRODUCT('Surface 1','Surface 1','Surface 1',(#3842));
#3837=PRODUCT('Part 1','Part 1','Part 1',(#3843));
#3838=PRODUCT('Part 2','Part 2','Part 2',(#3844));
#3839=PRODUCT_CATEGORY('','');
#3840=PRODUCT_CATEGORY('','');
#3841=PRODUCT_CATEGORY('','');
#3842=PRODUCT_CONTEXT('',#3848,'mechanical');
#3843=PRODUCT_CONTEXT('',#3849,'mechanical');
#3844=PRODUCT_CONTEXT('',#3850,'mechanical');
#3845=APPLICATION_PROTOCOL_DEFINITION('international standard',
'ap242_managed_model_based_3d_engineering',2020,#3848);
#3846=APPLICATION_PROTOCOL_DEFINITION('international standard',
'ap242_managed_model_based_3d_engineering',2020,#3849);
#3847=APPLICATION_PROTOCOL_DEFINITION('international standard',
'ap242_managed_model_based_3d_engineering',2020,#3850);
#3848=APPLICATION_CONTEXT('managed model based 3d engineering');
#3849=APPLICATION_CONTEXT('managed model based 3d engineering');
#3850=APPLICATION_CONTEXT('managed model based 3d engineering');
ENDSEC;
END-ISO-10303-21;
